label,N,B,mg,K_code,level,msq,dominant,w_dom,w2,w3,w4,w5,w6,w8,w10
tetra_N2,2,0,1.6,20,0,4.250882741574933,2,0.999793,0.999793,0.0,0.000207,0.0,0.0,0.0,0.0
tetra_N2,2,0,1.6,20,1,5.476251563070611,2,0.999062,0.999062,0.0,0.000938,0.0,0.0,0.0,0.0
tetra_N2,2,0,1.6,20,2,6.274907618826412,2,0.998862,0.998862,0.0,0.001138,0.0,0.0,0.0,0.0
tetra_N2,2,0,1.6,20,3,6.873174118299764,2,0.998507,0.998507,0.0,0.001492,0.0,1e-06,0.0,0.0
tetra_N2,2,0,1.6,20,4,7.400660047089067,2,0.99847,0.99847,0.0,0.00153,0.0,1e-06,0.0,0.0
tetra_N2,2,0,1.6,20,5,7.48053088490966,2,0.998303,0.998303,0.0,0.001696,0.0,1e-06,0.0,0.0
tetra_N2,2,0,1.6,20,6,9.27457011017313,2,0.998651,0.998651,0.0,0.001348,0.0,0.0,0.0,0.0
tetra_N2,2,0,1.6,20,7,9.283955132066193,2,0.998603,0.998603,0.0,0.001397,0.0,0.0,0.0,0.0
tetra_N2,2,0,1.6,20,8,16.682493531163157,4,0.999229,0.000118,0.0,0.999229,0.0,0.000654,0.0,0.0
tetra_N2,2,0,1.6,20,9,17.128461666455742,4,0.999567,0.0,0.0,0.999567,0.0,0.000433,0.0,0.0
tetra_N2,2,0,1.6,20,10,17.457621102562282,4,0.999353,7.7e-05,0.0,0.999353,0.0,0.00057,0.0,0.0
tetra_N2,2,0,1.6,20,11,17.506744507742454,4,0.999249,0.000249,0.0,0.999249,0.0,0.000502,0.0,0.0
tetra_N2,2,0,1.6,20,12,18.636270186449153,4,0.998648,6e-06,0.0,0.998648,0.0,0.001346,0.0,0.0
tetra_N2,2,0,1.6,20,13,18.946532384797933,4,0.999424,0.0,0.0,0.999424,0.0,0.000576,0.0,0.0
tetra_N2,2,0,1.6,20,14,19.049733942587707,4,0.998599,8.3e-05,0.0,0.998599,0.0,0.001318,0.0,0.0
tetra_N2,2,0,1.6,20,15,19.4522674160382,4,0.999026,0.000166,0.0,0.999026,0.0,0.000808,0.0,0.0
tetra_N2,2,0,1.6,20,16,19.46533413526954,4,0.998428,0.000156,0.0,0.998428,0.0,0.001416,0.0,0.0
tetra_N2,2,0,1.6,20,17,19.648774067636733,4,0.998915,0.000304,0.0,0.998915,0.0,0.000781,0.0,0.0
tetra_N2,2,0,1.6,20,18,20.030643803391808,2,0.998978,0.998978,0.0,0.001022,0.0,0.0,0.0,0.0
tetra_N2,2,0,1.6,20,19,20.044569478682806,2,0.99881,0.99881,0.0,0.00119,0.0,0.0,0.0,0.0
tetra_N2,2,0,1.6,20,20,20.493716410988625,4,0.998404,0.000108,0.0,0.998404,0.0,0.001488,0.0,0.0
tetra_N2,2,0,1.6,20,21,20.767719024911084,4,0.99846,5.2e-05,0.0,0.99846,0.0,0.001488,0.0,0.0
tetra_N2,2,0,1.6,20,22,20.95044393411362,4,0.998509,3.1e-05,0.0,0.998509,0.0,0.00146,0.0,0.0
tetra_N2,2,0,1.6,20,23,21.53383380905045,4,0.997938,0.0,0.0,0.997938,0.0,0.002062,0.0,0.0
tetra_N2,2,0,1.6,20,24,21.871149675408276,4,0.997923,2.9e-05,0.0,0.997923,0.0,0.002048,0.0,0.0
tetra_N2,2,0,1.6,20,25,22.02809860494132,4,0.997945,3.7e-05,0.0,0.997945,0.0,0.002018,0.0,0.0
tetra_N2,2,0,1.6,20,26,22.82988498331961,4,0.997262,4.8e-05,0.0,0.997262,0.0,0.00269,0.0,0.0
tetra_N2,2,0,1.6,20,27,23.333284483081364,4,0.998106,3.6e-05,0.0,0.998106,0.0,0.001858,0.0,0.0
tetra_N2,2,0,1.6,20,28,23.578791426791508,4,0.997585,6.6e-05,0.0,0.997585,0.0,0.002349,0.0,0.0
tetra_N2,2,0,1.6,20,29,28.05076622258001,4,0.999221,0.0,0.0,0.999221,0.0,0.000779,0.0,0.0
tetra_N2,2,0,1.6,20,30,28.248467320368775,4,0.999026,4.3e-05,0.0,0.999026,0.0,0.000931,0.0,0.0
tetra_N2,2,0,1.6,20,31,28.384300656267495,4,0.999072,4.1e-05,0.0,0.999072,0.0,0.000888,0.0,0.0
tetra_N2,2,0,0.8,20,0,3.7930207703891434,2,0.998629,0.998629,0.0,0.001371,0.0,0.0,0.0,0.0
tetra_N2,2,0,0.8,20,1,6.324316619680648,2,0.985086,0.985086,0.0,0.014912,0.0,2e-06,0.0,0.0
tetra_N2,2,0,0.8,20,2,8.30454591950616,2,0.979947,0.979947,0.0,0.020019,0.0,3.4e-05,0.0,0.0
tetra_N2,2,0,0.8,20,3,9.948403401376744,2,0.972924,0.972924,0.0,0.027019,0.0,5.6e-05,0.0,0.0
tetra_N2,2,0,0.8,20,4,11.273689623159697,2,0.969004,0.969004,0.0,0.030861,0.0,0.000135,0.0,0.0
tetra_N2,2,0,0.8,20,5,12.288166167163869,2,0.96332,0.96332,0.0,0.036511,0.0,0.000169,0.0,0.0
tetra_N2,2,0,0.8,20,6,13.061290103635184,2,0.963931,0.963931,0.0,0.035841,0.0,0.000227,0.0,0.0
tetra_N2,2,0,0.8,20,7,13.251056441802312,2,0.959308,0.959308,0.0,0.040449,0.0,0.000243,0.0,0.0
tetra_N2,2,0,0.8,20,8,14.865391841991434,4,0.988401,0.006843,0.0,0.988401,0.0,0.004756,0.0,0.0
tetra_N2,2,0,0.8,20,9,14.949469999965448,4,0.996241,0.0,0.0,0.996241,0.0,0.003759,0.0,0.0
tetra_N2,2,0,0.8,20,10,15.433787131989284,4,0.990823,0.004604,0.0,0.990823,0.0,0.004573,0.0,0.0
tetra_N2,2,0,0.8,20,11,15.654642061865204,4,0.987205,0.009218,0.0,0.987205,0.0,0.003578,0.0,0.0
tetra_N2,2,0,0.8,20,12,16.66433808139178,4,0.995539,0.0,0.0,0.995539,0.0,0.004461,0.0,0.0
tetra_N2,2,0,0.8,20,13,17.483996335500894,4,0.987395,0.008092,0.0,0.987395,0.0,0.004513,0.0,0.0
tetra_N2,2,0,0.8,20,14,17.742753731988984,4,0.972404,0.022853,0.0,0.972404,0.0,0.004743,0.0,0.0
tetra_N2,2,0,0.8,20,15,18.282882614661492,2,0.975124,0.975124,0.0,0.024806,0.0,7e-05,0.0,0.0
tetra_N2,2,0,0.8,20,16,18.30209467421646,2,0.960628,0.960628,0.0,0.039315,0.0,5.7e-05,0.0,0.0
tetra_N2,2,0,0.8,20,17,19.03067101184783,4,0.978084,0.000456,0.0,0.978084,0.0,0.02146,0.0,0.0
tetra_N2,2,0,0.8,20,18,19.708073159459495,4,0.978485,0.001417,0.0,0.978485,0.0,0.020098,0.0,0.0
tetra_N2,2,0,0.8,20,19,20.983832643374875,4,0.971155,0.001614,0.0,0.971155,0.0,0.027231,0.0,0.0
tetra_N2,2,0,0.8,20,20,21.36619819907618,4,0.969021,0.002784,0.0,0.969021,0.0,0.028195,0.0,0.0
tetra_N2,2,0,0.8,20,21,21.531255171516964,4,0.971083,0.001629,0.0,0.971083,0.0,0.027288,0.0,0.0
tetra_N2,2,0,0.8,20,22,21.99275422036183,4,0.99881,0.0,0.0,0.99881,0.0,0.00119,0.0,0.0
tetra_N2,2,0,0.8,20,23,22.025117003507113,4,0.97219,0.002079,0.0,0.97219,0.0,0.025731,0.0,0.0
tetra_N2,2,0,0.8,20,24,22.78820764251045,4,0.967622,0.0,0.0,0.967622,0.0,0.032378,0.0,0.0
tetra_N2,2,0,0.8,20,25,22.813002666093492,4,0.99412,0.004408,0.0,0.99412,0.0,0.001473,0.0,0.0
tetra_N2,2,0,0.8,20,26,23.229959678635595,4,0.992953,0.005805,0.0,0.992953,0.0,0.001242,0.0,0.0
tetra_N2,2,0,0.8,20,27,23.33977478686135,4,0.975486,0.000167,0.0,0.975486,0.0,0.024347,0.0,0.0
tetra_N2,2,0,0.8,20,28,23.893547307167932,4,0.973638,0.001106,0.0,0.973638,0.0,0.025256,0.0,0.0
tetra_N2,2,0,0.8,20,29,24.33741082650066,4,0.980644,0.001593,0.0,0.980644,0.0,0.017764,0.0,0.0
tetra_N2,2,0,0.8,20,30,24.50152992963384,4,0.981467,0.0,0.0,0.981467,0.0,0.018533,0.0,0.0
tetra_N2,2,0,0.8,20,31,24.55636054141484,4,0.980564,0.000485,0.0,0.980564,0.0,0.018951,0.0,0.0
tetra_N2,2,0,0.4,20,0,2.3246053791397747,2,0.994921,0.994921,0.0,0.005078,0.0,1e-06,0.0,0.0
tetra_N2,2,0,0.4,20,1,5.0979898310587135,2,0.834556,0.834556,0.0,0.165345,0.0,0.0001,0.0,0.0
tetra_N2,2,0,0.4,20,2,7.402327672044498,2,0.610204,0.610204,0.0,0.388101,0.0,0.001695,0.0,0.0
tetra_N2,2,0,0.4,20,3,8.369878081660831,4,0.794672,0.199404,0.0,0.794672,0.0,0.005924,0.0,0.0
tetra_N2,2,0,0.4,20,4,8.660014623883598,4,0.991185,0.0,0.0,0.991185,0.0,0.008815,0.0,0.0
tetra_N2,2,0,0.4,20,5,8.791869329995615,4,0.828259,0.16372,0.0,0.828259,0.0,0.008021,0.0,0.0
tetra_N2,2,0,0.4,20,6,8.9134126159334,4,0.891563,0.100044,0.0,0.891563,0.0,0.008393,0.0,0.0
tetra_N2,2,0,0.4,20,7,9.394177719385251,4,0.992127,0.0,0.0,0.992127,0.0,0.007873,0.0,0.0
tetra_N2,2,0,0.4,20,8,10.181760778154857,4,0.75287,0.241207,0.0,0.75287,0.0,0.005923,0.0,0.0
tetra_N2,2,0,0.4,20,9,10.305392354218714,4,0.761912,0.233767,0.0,0.761912,0.0,0.004321,0.0,0.0
tetra_N2,2,0,0.4,20,10,11.269922448359493,4,0.997371,0.0,0.0,0.997371,0.0,0.002629,0.0,0.0
tetra_N2,2,0,0.4,20,11,11.643084139309943,4,0.628086,0.296218,0.0,0.628086,0.0,0.075696,0.0,0.0
tetra_N2,2,0,0.4,20,12,12.163633790285722,4,0.673729,0.28813,0.0,0.673729,0.0,0.038141,0.0,0.0
tetra_N2,2,0,0.4,20,13,12.766875686602164,4,0.742356,0.126097,0.0,0.742356,0.0,0.131547,0.0,0.0
tetra_N2,2,0,0.4,20,14,13.14128580474735,4,0.708034,0.211219,0.0,0.708034,0.0,0.080747,0.0,0.0
tetra_N2,2,0,0.4,20,15,13.176198464342825,4,0.533057,0.449563,0.0,0.533057,0.0,0.01738,0.0,0.0
tetra_N2,2,0,0.4,20,16,13.20019338372447,4,0.771908,0.153902,0.0,0.771908,0.0,0.07419,0.0,0.0
tetra_N2,2,0,0.4,20,17,13.221117716764464,4,0.670138,0.256048,0.0,0.670138,0.0,0.073814,0.0,0.0
tetra_N2,2,0,0.4,20,18,13.87410589563099,4,0.688067,0.178328,0.0,0.688067,0.0,0.133605,0.0,0.0
tetra_N2,2,0,0.4,20,19,14.392917200920099,4,0.549813,0.336876,0.0,0.549813,0.0,0.113312,0.0,0.0
tetra_N2,2,0,0.4,20,20,14.501077639645704,4,0.615904,0.194118,0.0,0.615904,0.0,0.189978,0.0,0.0
tetra_N2,2,0,0.4,20,21,14.71882938619995,4,0.697155,0.197835,0.0,0.697155,0.0,0.10501,0.0,0.0
tetra_N2,2,0,0.4,20,22,15.147065517677332,4,0.594058,0.29962,0.0,0.594058,0.0,0.106323,0.0,0.0
tetra_N2,2,0,0.4,20,23,15.283292927276284,4,0.914302,0.0,0.0,0.914302,0.0,0.085698,0.0,0.0
tetra_N2,2,0,0.4,20,24,15.311374419523624,4,0.747369,0.0,0.0,0.747369,0.0,0.252631,0.0,0.0
tetra_N2,2,0,0.4,20,25,15.623629483612492,4,0.629021,0.04251,0.0,0.629021,0.0,0.328469,0.0,0.0
tetra_N2,2,0,0.4,20,26,15.9409625281866,4,0.738591,0.091953,0.0,0.738591,0.0,0.169456,0.0,0.0
tetra_N2,2,0,0.4,20,27,16.234263891704455,4,0.581289,0.058818,0.0,0.581289,0.0,0.359892,0.0,0.0
tetra_N2,2,0,0.4,20,28,16.27647848551979,4,0.814904,0.007508,0.0,0.814904,0.0,0.177588,0.0,0.0
tetra_N2,2,0,0.4,20,29,16.306169056883284,4,0.716061,0.0,0.0,0.716061,0.0,0.283939,0.0,0.0
tetra_N2,2,0,0.4,20,30,16.671485802991324,4,0.779293,0.038219,0.0,0.779293,0.0,0.182489,0.0,0.0
tetra_N2,2,0,0.4,20,31,16.754526401503483,4,0.681695,0.007996,0.0,0.681695,0.0,0.31031,0.0,0.0
tetra_N2,2,0,0.1,20,0,0.24589648315050613,2,0.990097,0.990097,0.0,0.009888,0.0,1.5e-05,0.0,0.0
tetra_N2,2,0,0.1,20,1,0.6126501315245563,4,0.529815,0.469804,0.0,0.529815,0.0,0.00038,0.0,0.0
tetra_N2,2,0,0.1,20,2,0.8091146419069588,4,0.843046,0.150933,0.0,0.843046,0.0,0.006021,0.0,0.0
tetra_N2,2,0,0.1,20,3,0.8315331313340285,4,0.942883,0.042439,0.0,0.942883,0.0,0.014678,0.0,0.0
tetra_N2,2,0,0.1,20,4,0.8386247065404161,4,0.990354,0.0,0.0,0.990354,0.0,0.009646,0.0,0.0
tetra_N2,2,0,0.1,20,5,0.8791340716678987,4,0.903776,0.087405,0.0,0.903776,0.0,0.008819,0.0,0.0
tetra_N2,2,0,0.1,20,6,0.8810884767256489,4,0.920249,0.068522,0.0,0.920249,0.0,0.01123,0.0,0.0
tetra_N2,2,0,0.1,20,7,0.8958478466010258,4,0.991024,0.0,0.0,0.991024,0.0,0.008976,0.0,0.0
tetra_N2,2,0,0.1,20,8,1.0190173887875924,4,0.873627,0.120597,0.0,0.873627,0.0,0.005776,0.0,0.0
tetra_N2,2,0,0.1,20,9,1.0250452904573735,4,0.900862,0.092844,0.0,0.900862,0.0,0.006294,0.0,0.0
tetra_N2,2,0,0.1,20,10,1.0436732823882158,4,0.995388,0.0,0.0,0.995388,0.0,0.004612,0.0,0.0
tetra_N2,2,0,0.1,20,11,1.305235902157289,4,0.557809,0.043278,0.0,0.557809,0.0,0.398913,0.0,0.0
tetra_N2,2,0,0.1,20,12,1.3579844209392922,4,0.831255,0.164897,0.0,0.831255,0.0,0.003848,0.0,0.0
tetra_N2,2,0,0.1,20,13,1.358539131544318,4,0.586055,0.050501,0.0,0.586055,0.0,0.363444,0.0,0.0
tetra_N2,2,0,0.1,20,14,1.3713798497623584,4,0.802425,0.084317,0.0,0.802425,0.0,0.113258,0.0,0.0
tetra_N2,2,0,0.1,20,15,1.3957529027045164,4,0.998382,0.0,0.0,0.998382,0.0,0.001618,0.0,0.0
tetra_N2,2,0,0.1,20,16,1.4030247421411943,4,0.513735,0.009743,0.0,0.513735,0.0,0.476522,0.0,0.0
tetra_N2,2,0,0.1,20,17,1.506904450199599,6,0.586283,0.034626,0.0,0.379092,0.0,0.586283,0.0,0.0
tetra_N2,2,0,0.1,20,18,1.5410713329628456,6,0.504118,0.032365,0.0,0.463518,0.0,0.504118,0.0,0.0
tetra_N2,2,0,0.1,20,19,1.5605154686481457,6,0.737353,0.0,0.0,0.262647,0.0,0.737353,0.0,0.0
tetra_N2,2,0,0.1,20,20,1.5613307376709051,6,0.627848,0.006027,0.0,0.366125,0.0,0.627848,0.0,0.0
tetra_N2,2,0,0.1,20,21,1.6024491332659223,4,0.553462,0.021721,0.0,0.553462,0.0,0.424817,0.0,0.0
tetra_N2,2,0,0.1,20,22,1.6649592992824502,6,0.557252,0.04699,0.0,0.395758,0.0,0.557252,0.0,0.0
tetra_N2,2,0,0.1,20,23,1.6802863494755935,6,0.594995,0.026064,0.0,0.378941,0.0,0.594995,0.0,0.0
tetra_N2,2,0,0.1,20,24,1.6876120482201493,6,0.6279,0.020773,0.0,0.351326,0.0,0.6279,0.0,0.0
tetra_N2,2,0,0.1,20,25,1.707058385420759,6,0.641754,0.0,0.0,0.358246,0.0,0.641754,0.0,0.0
tetra_N2,2,0,0.1,20,26,1.7093804198489573,6,0.634476,0.01257,0.0,0.352954,0.0,0.634476,0.0,0.0
tetra_N2,2,0,0.1,20,27,1.7196354591465066,6,0.714925,0.004178,0.0,0.280897,0.0,0.714925,0.0,0.0
tetra_N2,2,0,0.1,20,28,1.7509087336851166,4,0.50143,0.019069,0.0,0.50143,0.0,0.4795,0.0,0.0
tetra_N2,2,0,0.1,20,29,1.7519189149863053,6,0.753055,0.0,0.0,0.246945,0.0,0.753055,0.0,0.0
tetra_N2,2,0,0.1,20,30,1.766980902735017,6,0.717842,0.000252,0.0,0.281906,0.0,0.717842,0.0,0.0
tetra_N2,2,0,0.1,20,31,1.7775708877785734,6,0.573723,0.037784,0.0,0.388493,0.0,0.573723,0.0,0.0
tetra_N2,2,0,1.6,24,0,4.261512173579925,2,0.999807,0.999807,0.0,0.000193,0.0,0.0,0.0,0.0
tetra_N2,2,0,1.6,24,1,5.524788583167261,2,0.999106,0.999106,0.0,0.000894,0.0,0.0,0.0,0.0
tetra_N2,2,0,1.6,24,2,6.3877532861852,2,0.99895,0.99895,0.0,0.00105,0.0,0.0,0.0,0.0
tetra_N2,2,0,1.6,24,3,7.098579599455536,2,0.998662,0.998662,0.0,0.001337,0.0,0.0,0.0,0.0
tetra_N2,2,0,1.6,24,4,7.639646548228432,2,0.99849,0.99849,0.0,0.001509,0.0,1e-06,0.0,0.0
tetra_N2,2,0,1.6,24,5,7.964550088282615,2,0.998215,0.998215,0.0,0.001784,0.0,1e-06,0.0,0.0
tetra_N2,2,0,1.6,24,6,8.601315344870914,2,0.998382,0.998382,0.0,0.001617,0.0,1e-06,0.0,0.0
tetra_N2,2,0,1.6,24,7,8.613432899888739,2,0.998338,0.998338,0.0,0.001662,0.0,1e-06,0.0,0.0
tetra_N2,2,0,1.6,24,8,10.907929603374308,2,0.99861,0.99861,0.0,0.001389,0.0,0.0,0.0,0.0
tetra_N2,2,0,1.6,24,9,10.915291765803698,2,0.998574,0.998574,0.0,0.001425,0.0,0.0,0.0,0.0
tetra_N2,2,0,1.6,24,10,16.813973159681762,4,0.999346,0.000119,0.0,0.999346,0.0,0.000536,0.0,0.0
tetra_N2,2,0,1.6,24,11,16.967292499500473,4,0.999437,0.0,0.0,0.999437,0.0,0.000563,0.0,0.0
tetra_N2,2,0,1.6,24,12,17.296000799819772,4,0.999372,5.1e-05,0.0,0.999372,0.0,0.000577,0.0,0.0
tetra_N2,2,0,1.6,24,13,17.341636117259625,4,0.999315,0.000189,0.0,0.999315,0.0,0.000496,0.0,0.0
tetra_N2,2,0,1.6,24,14,18.502929458767195,4,0.999577,0.0,0.0,0.999577,0.0,0.000423,0.0,0.0
tetra_N2,2,0,1.6,24,15,18.887608579351603,4,0.999411,0.000121,0.0,0.999411,0.0,0.000469,0.0,0.0
tetra_N2,2,0,1.6,24,16,19.027826662168856,4,0.999296,0.000184,0.0,0.999296,0.0,0.00052,0.0,0.0
tetra_N2,2,0,1.6,24,17,19.28592380113847,4,0.998674,1.5e-05,0.0,0.998674,0.0,0.001311,0.0,0.0
tetra_N2,2,0,1.6,24,18,19.656988992354847,4,0.998712,1.6e-05,0.0,0.998712,0.0,0.001272,0.0,0.0
tetra_N2,2,0,1.6,24,19,19.908508039112085,4,0.998692,0.0,0.0,0.998692,0.0,0.001308,0.0,0.0
tetra_N2,2,0,1.6,24,20,20.177108345080722,4,0.998305,5.6e-05,0.0,0.998305,0.0,0.001639,0.0,0.0
tetra_N2,2,0,1.6,24,21,20.325092227996915,4,0.998546,3.3e-05,0.0,0.998546,0.0,0.001422,0.0,0.0
tetra_N2,2,0,1.6,24,22,20.37982937465424,4,0.998279,6.8e-05,0.0,0.998279,0.0,0.001654,0.0,0.0
tetra_N2,2,0,1.6,24,23,20.476188755884746,4,0.998696,3.8e-05,0.0,0.998696,0.0,0.001266,0.0,0.0
tetra_N2,2,0,1.6,24,24,20.548016121152504,4,0.998506,9.3e-05,0.0,0.998506,0.0,0.001402,0.0,0.0
tetra_N2,2,0,1.6,24,25,20.90375233742188,4,0.998407,0.000143,0.0,0.998407,0.0,0.00145,0.0,0.0
tetra_N2,2,0,1.6,24,26,20.932159991201296,4,0.998468,7.6e-05,0.0,0.998468,0.0,0.001457,0.0,0.0
tetra_N2,2,0,1.6,24,27,21.104308355243504,4,0.998875,0.0,0.0,0.998875,0.0,0.001125,0.0,0.0
tetra_N2,2,0,1.6,24,28,21.496800027235444,4,0.999188,0.0,0.0,0.999188,0.0,0.000812,0.0,0.0
tetra_N2,2,0,1.6,24,29,21.560074794908054,4,0.998709,0.00012,0.0,0.998709,0.0,0.001171,0.0,0.0
tetra_N2,2,0,1.6,24,30,21.794864500859546,4,0.998949,0.000175,0.0,0.998949,0.0,0.000876,0.0,0.0
tetra_N2,2,0,1.6,24,31,21.822958636909263,4,0.998927,8.1e-05,0.0,0.998927,0.0,0.000993,0.0,0.0
tetra_N2,2,0,0.8,24,0,3.81142976681434,2,0.998729,0.998729,0.0,0.001271,0.0,0.0,0.0,0.0
tetra_N2,2,0,0.8,24,1,6.405198721437706,2,0.985648,0.985648,0.0,0.014349,0.0,3e-06,0.0,0.0
tetra_N2,2,0,0.8,24,2,8.493438345590956,2,0.98092,0.98092,0.0,0.01905,0.0,3e-05,0.0,0.0
tetra_N2,2,0,0.8,24,3,10.29219862516819,2,0.974026,0.974026,0.0,0.025927,0.0,4.7e-05,0.0,0.0
tetra_N2,2,0,0.8,24,4,11.82376831120171,2,0.970311,0.970311,0.0,0.029573,0.0,0.000116,0.0,0.0
tetra_N2,2,0,0.8,24,5,13.107369571954312,2,0.964256,0.964256,0.0,0.035602,0.0,0.000141,0.0,0.0
tetra_N2,2,0,0.8,24,6,14.145035202456285,2,0.961123,0.961123,0.0,0.038671,0.0,0.000206,0.0,0.0
tetra_N2,2,0,0.8,24,7,14.85083539393398,2,0.620691,0.620691,0.0,0.378148,0.0,0.001161,0.0,0.0
tetra_N2,2,0,0.8,24,8,15.021373778449185,4,0.996598,0.0,0.0,0.996598,0.0,0.003402,0.0,0.0
tetra_N2,2,0,0.8,24,9,15.034181205971798,4,0.656871,0.339989,0.0,0.656871,0.0,0.00314,0.0,0.0
tetra_N2,2,0,0.8,24,10,15.362852541815128,4,0.983644,0.01236,0.0,0.983644,0.0,0.003996,0.0,0.0
tetra_N2,2,0,0.8,24,11,15.546838133402396,4,0.898064,0.09897,0.0,0.898064,0.0,0.002966,0.0,0.0
tetra_N2,2,0,0.8,24,12,15.612236079410259,2,0.95566,0.95566,0.0,0.044026,0.0,0.000314,0.0,0.0
tetra_N2,2,0,0.8,24,13,15.705325396211986,2,0.874173,0.874173,0.0,0.125137,0.0,0.00069,0.0,0.0
tetra_N2,2,0,0.8,24,14,16.13643506829102,4,0.996554,0.0,0.0,0.996554,0.0,0.003446,0.0,0.0
tetra_N2,2,0,0.8,24,15,16.77770310245487,4,0.98994,0.006376,0.0,0.98994,0.0,0.003684,0.0,0.0
tetra_N2,2,0,0.8,24,16,16.94614326646528,4,0.988463,0.00777,0.0,0.988463,0.0,0.003767,0.0,0.0
tetra_N2,2,0,0.8,24,17,18.801357798065904,4,0.995811,0.0,0.0,0.995811,0.0,0.004189,0.0,0.0
tetra_N2,2,0,0.8,24,18,19.38455842380683,4,0.983373,0.00155,0.0,0.983373,0.0,0.015076,0.0,0.0
tetra_N2,2,0,0.8,24,19,19.494672222591312,4,0.987952,0.003513,0.0,0.987952,0.0,0.008535,0.0,0.0
tetra_N2,2,0,0.8,24,20,19.834506987159347,4,0.989018,0.006611,0.0,0.989018,0.0,0.004371,0.0,0.0
tetra_N2,2,0,0.8,24,21,20.0195271395489,4,0.981258,0.0011,0.0,0.981258,0.0,0.017642,0.0,0.0
tetra_N2,2,0,0.8,24,22,20.82914976959354,4,0.976737,0.002068,0.0,0.976737,0.0,0.021194,0.0,0.0
tetra_N2,2,0,0.8,24,23,21.840466954577657,2,0.916021,0.916021,0.0,0.082622,0.0,0.001357,0.0,0.0
tetra_N2,2,0,0.8,24,24,21.856616548643526,2,0.975542,0.975542,0.0,0.024387,0.0,7.1e-05,0.0,0.0
tetra_N2,2,0,0.8,24,25,21.931900352092683,4,0.919859,0.061478,0.0,0.919859,0.0,0.018664,0.0,0.0
tetra_N2,2,0,0.8,24,26,22.213639727095142,4,0.972282,0.0,0.0,0.972282,0.0,0.027718,0.0,0.0
tetra_N2,2,0,0.8,24,27,22.21485179474249,4,0.972987,0.001399,0.0,0.972987,0.0,0.025613,0.0,0.0
tetra_N2,2,0,0.8,24,28,22.32284876994505,4,0.976893,0.000447,0.0,0.976893,0.0,0.02266,0.0,0.0
tetra_N2,2,0,0.8,24,29,22.559370939452236,4,0.976349,0.0,0.0,0.976349,0.0,0.023651,0.0,0.0
tetra_N2,2,0,0.8,24,30,22.67281472345255,4,0.965131,0.005746,0.0,0.965131,0.0,0.029122,0.0,0.0
tetra_N2,2,0,0.8,24,31,22.90870604821499,4,0.973884,0.001172,0.0,0.973884,0.0,0.024943,0.0,0.0
tetra_N2,2,0,0.4,24,0,2.3591327053284976,2,0.995116,0.995116,0.0,0.004882,0.0,2e-06,0.0,0.0
tetra_N2,2,0,0.4,24,1,5.235783297482786,2,0.837649,0.837649,0.0,0.162225,0.0,0.000126,0.0,0.0
tetra_N2,2,0,0.4,24,2,7.673784018007386,2,0.605004,0.605004,0.0,0.393214,0.0,0.001783,0.0,0.0
tetra_N2,2,0,0.4,24,3,8.6631519980183,4,0.840001,0.152771,0.0,0.840001,0.0,0.007228,0.0,0.0
tetra_N2,2,0,0.4,24,4,8.858663994824573,4,0.990458,0.0,0.0,0.990458,0.0,0.009542,0.0,0.0
tetra_N2,2,0,0.4,24,5,8.95358750011527,4,0.867127,0.12436,0.0,0.867127,0.0,0.008513,0.0,0.0
tetra_N2,2,0,0.4,24,6,9.036546837085524,4,0.933533,0.056405,0.0,0.933533,0.0,0.010062,0.0,0.0
tetra_N2,2,0,0.4,24,7,9.36387645786851,4,0.990959,0.0,0.0,0.990959,0.0,0.009041,0.0,0.0
tetra_N2,2,0,0.4,24,8,9.885999664973857,4,0.824081,0.167547,0.0,0.824081,0.0,0.008372,0.0,0.0
tetra_N2,2,0,0.4,24,9,9.983861596838217,4,0.860416,0.131981,0.0,0.860416,0.0,0.007602,0.0,0.0
tetra_N2,2,0,0.4,24,10,10.575478914931287,4,0.992146,0.0,0.0,0.992146,0.0,0.007854,0.0,0.0
tetra_N2,2,0,0.4,24,11,11.788655343374248,4,0.777614,0.216552,0.0,0.777614,0.0,0.005834,0.0,0.0
tetra_N2,2,0,0.4,24,12,11.83403944252687,4,0.725252,0.264622,0.0,0.725252,0.0,0.010126,0.0,0.0
tetra_N2,2,0,0.4,24,13,12.28746680943479,4,0.67304,0.257499,0.0,0.67304,0.0,0.069461,0.0,0.0
tetra_N2,2,0,0.4,24,14,12.495862093406622,4,0.680511,0.295216,0.0,0.680511,0.0,0.024273,0.0,0.0
tetra_N2,2,0,0.4,24,15,13.029031112082848,4,0.997326,0.0,0.0,0.997326,0.0,0.002674,0.0,0.0
tetra_N2,2,0,0.4,24,16,13.30376865359499,4,0.797524,0.052689,0.0,0.797524,0.0,0.149787,0.0,0.0
tetra_N2,2,0,0.4,24,17,13.629293173668124,4,0.807771,0.018412,0.0,0.807771,0.0,0.173817,0.0,0.0
tetra_N2,2,0,0.4,24,18,14.015126528424181,4,0.568551,0.33425,0.0,0.568551,0.0,0.0972,0.0,0.0
tetra_N2,2,0,0.4,24,19,14.140196420834908,4,0.735417,0.169935,0.0,0.735417,0.0,0.094648,0.0,0.0
tetra_N2,2,0,0.4,24,20,14.852680349051726,4,0.777604,0.180329,0.0,0.777604,0.0,0.042068,0.0,0.0
tetra_N2,2,0,0.4,24,21,14.969351874555977,4,0.795146,0.046192,0.0,0.795146,0.0,0.158662,0.0,0.0
tetra_N2,2,0,0.4,24,22,15.411239950708982,4,0.712934,0.268422,0.0,0.712934,0.0,0.018644,0.0,0.0
tetra_N2,2,0,0.4,24,23,15.51017656801173,4,0.617013,0.168024,0.0,0.617013,0.0,0.214963,0.0,0.0
tetra_N2,2,0,0.4,24,24,15.699286413852974,4,0.524175,0.341898,0.0,0.524175,0.0,0.133927,0.0,0.0
tetra_N2,2,0,0.4,24,25,16.07001680342943,4,0.600612,0.261304,0.0,0.600612,0.0,0.138084,0.0,0.0
tetra_N2,2,0,0.4,24,26,16.290463056905296,4,0.57298,0.143049,0.0,0.57298,0.0,0.283972,0.0,0.0
tetra_N2,2,0,0.4,24,27,16.361242106880972,4,0.680398,0.0,0.0,0.680398,0.0,0.319602,0.0,0.0
tetra_N2,2,0,0.4,24,28,16.496024837806885,4,0.662498,0.118124,0.0,0.662498,0.0,0.219378,0.0,0.0
tetra_N2,2,0,0.4,24,29,16.909631580888032,4,0.610139,0.03166,0.0,0.610139,0.0,0.358202,0.0,0.0
tetra_N2,2,0,0.4,24,30,17.092999218705287,4,0.673495,0.0,0.0,0.673495,0.0,0.326505,0.0,0.0
tetra_N2,2,0,0.4,24,31,17.12582856037357,4,0.716499,0.19204,0.0,0.716499,0.0,0.09146,0.0,0.0
tetra_N2,2,0,0.1,24,0,0.2545553225940144,2,0.989755,0.989755,0.0,0.010227,0.0,1.9e-05,0.0,0.0
tetra_N2,2,0,0.1,24,1,0.6407822576228275,4,0.531958,0.467553,0.0,0.531958,0.0,0.000489,0.0,0.0
tetra_N2,2,0,0.1,24,2,0.8485269798722964,4,0.851022,0.14168,0.0,0.851022,0.0,0.007299,0.0,0.0
tetra_N2,2,0,0.1,24,3,0.8712759058013155,4,0.952754,0.030451,0.0,0.952754,0.0,0.016795,0.0,0.0
tetra_N2,2,0,0.1,24,4,0.8762155597458755,4,0.987756,0.0,0.0,0.987756,0.0,0.012244,0.0,0.0
tetra_N2,2,0,0.1,24,5,0.9040884477213137,4,0.924876,0.062982,0.0,0.924876,0.0,0.012142,0.0,0.0
tetra_N2,2,0,0.1,24,6,0.9044405608728181,4,0.936914,0.048939,0.0,0.936914,0.0,0.014147,0.0,0.0
tetra_N2,2,0,0.1,24,7,0.9157604701992283,4,0.988219,0.0,0.0,0.988219,0.0,0.011781,0.0,0.0
tetra_N2,2,0,0.1,24,8,0.9952902177319743,4,0.904695,0.085304,0.0,0.904695,0.0,0.010001,0.0,0.0
tetra_N2,2,0,0.1,24,9,0.9987431658108656,4,0.921745,0.066815,0.0,0.921745,0.0,0.01144,0.0,0.0
tetra_N2,2,0,0.1,24,10,1.0122308978681125,4,0.989894,0.0,0.0,0.989894,0.0,0.010106,0.0,0.0
tetra_N2,2,0,0.1,24,11,1.183828618001979,4,0.883182,0.110029,0.0,0.883182,0.0,0.006789,0.0,0.0
tetra_N2,2,0,0.1,24,12,1.1899317807657157,4,0.909527,0.083873,0.0,0.909527,0.0,0.006601,0.0,0.0
tetra_N2,2,0,0.1,24,13,1.2072793401638944,4,0.994977,0.0,0.0,0.994977,0.0,0.005023,0.0,0.0
tetra_N2,2,0,0.1,24,14,1.3901714443572049,4,0.551585,0.036723,0.0,0.551585,0.0,0.411691,0.0,0.0
tetra_N2,2,0,0.1,24,15,1.4287097750074285,6,0.500791,0.006373,0.0,0.492836,0.0,0.500791,0.0,0.0
tetra_N2,2,0,0.1,24,16,1.488953253365666,4,0.508024,0.01285,0.0,0.508024,0.0,0.479125,0.0,0.0
tetra_N2,2,0,0.1,24,17,1.5289734321757131,4,0.516285,0.016269,0.0,0.516285,0.0,0.467446,0.0,0.0
tetra_N2,2,0,0.1,24,18,1.6070484346344172,4,0.743672,0.131338,0.0,0.743672,0.0,0.12499,0.0,0.0
tetra_N2,2,0,0.1,24,19,1.6143312754309402,4,0.657757,0.068154,0.0,0.657757,0.0,0.274089,0.0,0.0
tetra_N2,2,0,0.1,24,20,1.6170198180788469,6,0.503701,0.043448,0.0,0.452851,0.0,0.503701,0.0,0.0
tetra_N2,2,0,0.1,24,21,1.6236928529874897,4,0.745552,0.05337,0.0,0.745552,0.0,0.201078,0.0,0.0
tetra_N2,2,0,0.1,24,22,1.6449643333544157,4,0.997468,0.0,0.0,0.997468,0.0,0.002532,0.0,0.0
tetra_N2,2,0,0.1,24,23,1.6926789690966986,6,0.72336,0.013093,0.0,0.263547,0.0,0.72336,0.0,0.0
tetra_N2,2,0,0.1,24,24,1.6930139341245654,6,0.711109,0.009986,0.0,0.278905,0.0,0.711109,0.0,0.0
tetra_N2,2,0,0.1,24,25,1.7029645677405068,6,0.725603,0.0,0.0,0.274397,0.0,0.725603,0.0,0.0
tetra_N2,2,0,0.1,24,26,1.7179059744793141,6,0.731739,0.00562,0.0,0.262641,0.0,0.731739,0.0,0.0
tetra_N2,2,0,0.1,24,27,1.7325454678621868,6,0.77515,0.0,0.0,0.22485,0.0,0.77515,0.0,0.0
tetra_N2,2,0,0.1,24,28,1.751427095181814,6,0.830884,0.001195,0.0,0.167921,0.0,0.830884,0.0,0.0
tetra_N2,2,0,0.1,24,29,1.7675727713164036,6,0.675541,0.02159,0.0,0.302869,0.0,0.675541,0.0,0.0
tetra_N2,2,0,0.1,24,30,1.779001675412861,6,0.726189,0.013158,0.0,0.260653,0.0,0.726189,0.0,0.0
tetra_N2,2,0,0.1,24,31,1.7862293896780777,6,1.0,0.0,0.0,0.0,0.0,1.0,0.0,0.0
tetra_N2,2,0,1.6,28,0,4.2690604794665425,2,0.999816,0.999816,0.0,0.000184,0.0,0.0,0.0,0.0
tetra_N2,2,0,1.6,28,1,5.558569503713112,2,0.999134,0.999134,0.0,0.000866,0.0,0.0,0.0,0.0
tetra_N2,2,0,1.6,28,2,6.464768179736367,2,0.999006,0.999006,0.0,0.000994,0.0,0.0,0.0,0.0
tetra_N2,2,0,1.6,28,3,7.238742125293891,2,0.998746,0.998746,0.0,0.001253,0.0,0.0,0.0,0.0
tetra_N2,2,0,1.6,28,4,7.8629906499140105,2,0.998594,0.998594,0.0,0.001406,0.0,1e-06,0.0,0.0
tetra_N2,2,0,1.6,28,5,8.372595453933894,2,0.998383,0.998383,0.0,0.001616,0.0,1e-06,0.0,0.0
tetra_N2,2,0,1.6,28,6,8.785254859030827,2,0.998289,0.998289,0.0,0.00171,0.0,1e-06,0.0,0.0
tetra_N2,2,0,1.6,28,7,8.925284136780975,2,0.99811,0.99811,0.0,0.001889,0.0,1e-06,0.0,0.0
tetra_N2,2,0,1.6,28,8,9.806271343670113,2,0.998347,0.998347,0.0,0.001652,0.0,1e-06,0.0,0.0
tetra_N2,2,0,1.6,28,9,9.810359231457655,2,0.998328,0.998328,0.0,0.001671,0.0,1e-06,0.0,0.0
tetra_N2,2,0,1.6,28,10,12.551083079189139,2,0.998575,0.998575,0.0,0.001425,0.0,1e-06,0.0,0.0
tetra_N2,2,0,1.6,28,11,12.557121404064565,2,0.998548,0.998548,0.0,0.001452,0.0,1e-06,0.0,0.0
tetra_N2,2,0,1.6,28,12,16.873546486989895,4,0.9994,0.000104,0.0,0.9994,0.0,0.000496,0.0,0.0
tetra_N2,2,0,1.6,28,13,17.01054484733841,4,0.999519,0.0,0.0,0.999519,0.0,0.000481,0.0,0.0
tetra_N2,2,0,1.6,28,14,17.24055410981534,4,0.999453,3.4e-05,0.0,0.999453,0.0,0.000513,0.0,0.0
tetra_N2,2,0,1.6,28,15,17.25489329893155,4,0.99937,0.000169,0.0,0.99937,0.0,0.000461,0.0,0.0
tetra_N2,2,0,1.6,28,16,17.9961271676896,4,0.999534,0.0,0.0,0.999534,0.0,0.000466,0.0,0.0
tetra_N2,2,0,1.6,28,17,18.34178507046428,4,0.999396,9.2e-05,0.0,0.999396,0.0,0.000512,0.0,0.0
tetra_N2,2,0,1.6,28,18,18.45588823611895,4,0.999332,0.000158,0.0,0.999332,0.0,0.00051,0.0,0.0
tetra_N2,2,0,1.6,28,19,19.12565114206694,4,0.998652,2e-06,0.0,0.998652,0.0,0.001346,0.0,0.0
tetra_N2,2,0,1.6,28,20,19.482223898839628,4,0.998645,2.4e-05,0.0,0.998645,0.0,0.001331,0.0,0.0
tetra_N2,2,0,1.6,28,21,20.007258186911045,4,0.998341,3.4e-05,0.0,0.998341,0.0,0.001625,0.0,0.0
tetra_N2,2,0,1.6,28,22,20.253875162368747,4,0.999574,0.0,0.0,0.999574,0.0,0.000426,0.0,0.0
tetra_N2,2,0,1.6,28,23,20.262260629692722,4,0.998546,5.2e-05,0.0,0.998546,0.0,0.001402,0.0,0.0
tetra_N2,2,0,1.6,28,24,20.340732165076144,4,0.998521,1.9e-05,0.0,0.998521,0.0,0.00146,0.0,0.0
tetra_N2,2,0,1.6,28,25,20.569172764920978,4,0.99937,0.000114,0.0,0.99937,0.0,0.000517,0.0,0.0
tetra_N2,2,0,1.6,28,26,20.611498571190467,4,0.998612,8.6e-05,0.0,0.998612,0.0,0.001302,0.0,0.0
tetra_N2,2,0,1.6,28,27,20.739178461143766,4,0.999155,0.000112,0.0,0.999155,0.0,0.000732,0.0,0.0
tetra_N2,2,0,1.6,28,28,20.913302128190498,4,0.998609,0.0,0.0,0.998609,0.0,0.001391,0.0,0.0
tetra_N2,2,0,1.6,28,29,21.082734959449013,4,0.998645,2.1e-05,0.0,0.998645,0.0,0.001334,0.0,0.0
tetra_N2,2,0,1.6,28,30,21.277273239065565,4,0.998692,5.1e-05,0.0,0.998692,0.0,0.001257,0.0,0.0
tetra_N2,2,0,1.6,28,31,21.399327154049498,4,0.998382,6.8e-05,0.0,0.998382,0.0,0.00155,0.0,0.0
tetra_N2,2,0,0.8,28,0,3.8248522933482185,2,0.998798,0.998798,0.0,0.001201,0.0,0.0,0.0,0.0
tetra_N2,2,0,0.8,28,1,6.463408794989654,2,0.98603,0.98603,0.0,0.013968,0.0,3e-06,0.0,0.0
tetra_N2,2,0,0.8,28,2,8.628268354678347,2,0.981569,0.981569,0.0,0.018404,0.0,2.7e-05,0.0,0.0
tetra_N2,2,0,0.8,28,3,10.535427214719173,2,0.974703,0.974703,0.0,0.025256,0.0,4.1e-05,0.0,0.0
tetra_N2,2,0,0.8,28,4,12.208597500072605,2,0.97102,0.97102,0.0,0.028877,0.0,0.000103,0.0,0.0
tetra_N2,2,0,0.8,28,5,13.668374023447193,2,0.963262,0.963262,0.0,0.036618,0.0,0.00012,0.0,0.0
tetra_N2,2,0,0.8,28,6,14.918044021201343,2,0.93699,0.93699,0.0,0.062821,0.0,0.000189,0.0,0.0
tetra_N2,2,0,0.8,28,7,15.044539488181137,4,0.985386,0.011124,0.0,0.985386,0.0,0.00349,0.0,0.0
tetra_N2,2,0,0.8,28,8,15.082812451913362,4,0.996846,0.0,0.0,0.996846,0.0,0.003154,0.0,0.0
tetra_N2,2,0,0.8,28,9,15.344651159692198,4,0.965466,0.030929,0.0,0.965466,0.0,0.003605,0.0,0.0
tetra_N2,2,0,0.8,28,10,15.505881545642616,4,0.987707,0.009118,0.0,0.987707,0.0,0.003174,0.0,0.0
tetra_N2,2,0,0.8,28,11,15.864749187169847,4,0.996919,0.0,0.0,0.996919,0.0,0.003081,0.0,0.0
tetra_N2,2,0,0.8,28,12,15.987797764746379,2,0.954651,0.954651,0.0,0.045034,0.0,0.000315,0.0,0.0
tetra_N2,2,0,0.8,28,13,16.361857485504487,4,0.978569,0.018145,0.0,0.978569,0.0,0.003286,0.0,0.0
tetra_N2,2,0,0.8,28,14,16.498686802755746,4,0.986293,0.010519,0.0,0.986293,0.0,0.003188,0.0,0.0
tetra_N2,2,0,0.8,28,15,16.829782406290693,2,0.945848,0.945848,0.0,0.053701,0.0,0.000451,0.0,0.0
tetra_N2,2,0,0.8,28,16,17.411839907572542,2,0.953452,0.953452,0.0,0.046087,0.0,0.000461,0.0,0.0
tetra_N2,2,0,0.8,28,17,17.644506404855953,4,0.996663,0.0,0.0,0.996663,0.0,0.003337,0.0,0.0
tetra_N2,2,0,0.8,28,18,18.125998290229436,2,0.954914,0.954914,0.0,0.044788,0.0,0.000297,0.0,0.0
tetra_N2,2,0,0.8,28,19,18.154303502572557,2,0.958947,0.958947,0.0,0.040737,0.0,0.000316,0.0,0.0
tetra_N2,2,0,0.8,28,20,18.254238724125923,4,0.98342,0.013174,0.0,0.98342,0.0,0.003405,0.0,0.0
tetra_N2,2,0,0.8,28,21,18.46540947249872,4,0.986468,0.009868,0.0,0.986468,0.0,0.003664,0.0,0.0
tetra_N2,2,0,0.8,28,22,19.633386785954652,4,0.981947,0.000936,0.0,0.981947,0.0,0.017117,0.0,0.0
tetra_N2,2,0,0.8,28,23,20.049406620230204,4,0.981398,0.000171,0.0,0.981398,0.0,0.018431,0.0,0.0
tetra_N2,2,0,0.8,28,24,20.625174573807303,4,0.980757,0.002058,0.0,0.980757,0.0,0.017185,0.0,0.0
tetra_N2,2,0,0.8,28,25,21.039144678041207,4,0.995915,0.0,0.0,0.995915,0.0,0.004085,0.0,0.0
tetra_N2,2,0,0.8,28,26,21.47825167211562,4,0.987643,0.001387,0.0,0.987643,0.0,0.01097,0.0,0.0
tetra_N2,2,0,0.8,28,27,21.872182802106053,4,0.986063,0.002864,0.0,0.986063,0.0,0.011073,0.0,0.0
tetra_N2,2,0,0.8,28,28,21.97601319112699,4,0.990337,0.005444,0.0,0.990337,0.0,0.004219,0.0,0.0
tetra_N2,2,0,0.8,28,29,22.6319042518048,4,0.975533,0.003323,0.0,0.975533,0.0,0.021144,0.0,0.0
tetra_N2,2,0,0.8,28,30,22.79526797453102,4,0.978399,0.0,0.0,0.978399,0.0,0.021601,0.0,0.0
tetra_N2,2,0,0.8,28,31,22.79798588424181,4,0.973962,0.000759,0.0,0.973962,0.0,0.025279,0.0,0.0
tetra_N2,2,0,0.4,28,0,2.3853766569574413,2,0.995278,0.995278,0.0,0.00472,0.0,2e-06,0.0,0.0
tetra_N2,2,0,0.4,28,1,5.3403866812464695,2,0.840236,0.840236,0.0,0.159617,0.0,0.000146,0.0,0.0
tetra_N2,2,0,0.4,28,2,7.879631438323235,2,0.601451,0.601451,0.0,0.396724,0.0,0.001824,0.0,0.0
tetra_N2,2,0,0.4,28,3,8.87335352468205,4,0.873208,0.118721,0.0,0.873208,0.0,0.008071,0.0,0.0
tetra_N2,2,0,0.4,28,4,9.011528685113774,4,0.990219,0.0,0.0,0.990219,0.0,0.009781,0.0,0.0
tetra_N2,2,0,0.4,28,5,9.084411344257518,4,0.890014,0.101365,0.0,0.890014,0.0,0.008621,0.0,0.0
tetra_N2,2,0,0.4,28,6,9.14129718369656,4,0.954204,0.035275,0.0,0.954204,0.0,0.010521,0.0,0.0
tetra_N2,2,0,0.4,28,7,9.381092290036076,4,0.990681,0.0,0.0,0.990681,0.0,0.009319,0.0,0.0
tetra_N2,2,0,0.4,28,8,9.751872202441128,4,0.861855,0.129313,0.0,0.861855,0.0,0.008832,0.0,0.0
tetra_N2,2,0,0.4,28,9,9.821492273858313,4,0.90499,0.085877,0.0,0.90499,0.0,0.009132,0.0,0.0
tetra_N2,2,0,0.4,28,10,10.232458457999465,4,0.990898,0.0,0.0,0.990898,0.0,0.009102,0.0,0.0
tetra_N2,2,0,0.4,28,11,11.0370335615327,4,0.833882,0.157594,0.0,0.833882,0.0,0.008524,0.0,0.0
tetra_N2,2,0,0.4,28,12,11.113310031418584,4,0.847677,0.144854,0.0,0.847677,0.0,0.007469,0.0,0.0
tetra_N2,2,0,0.4,28,13,11.816288672391675,4,0.992342,0.0,0.0,0.992342,0.0,0.007658,0.0,0.0
tetra_N2,2,0,0.4,28,14,12.70866773717051,4,0.594959,0.330932,0.0,0.594959,0.0,0.074109,0.0,0.0
tetra_N2,2,0,0.4,28,15,12.713562435440766,4,0.706748,0.276131,0.0,0.706748,0.0,0.017121,0.0,0.0
tetra_N2,2,0,0.4,28,16,13.303784093860013,4,0.823902,0.170038,0.0,0.823902,0.0,0.006059,0.0,0.0
tetra_N2,2,0,0.4,28,17,13.366184438981128,4,0.766612,0.224713,0.0,0.766612,0.0,0.008675,0.0,0.0
tetra_N2,2,0,0.4,28,18,13.686249348922473,4,0.820104,0.01638,0.0,0.820104,0.0,0.163516,0.0,0.0
tetra_N2,2,0,0.4,28,19,13.97331955238549,4,0.790902,0.051439,0.0,0.790902,0.0,0.15766,0.0,0.0
tetra_N2,2,0,0.4,28,20,14.355400652200935,4,0.783821,0.076991,0.0,0.783821,0.0,0.139188,0.0,0.0
tetra_N2,2,0,0.4,28,21,14.650524975745737,4,0.544017,0.357231,0.0,0.544017,0.0,0.098752,0.0,0.0
tetra_N2,2,0,0.4,28,22,14.802995616477338,4,0.997153,0.0,0.0,0.997153,0.0,0.002847,0.0,0.0
tetra_N2,2,0,0.4,28,23,14.930775920034897,4,0.783286,0.062001,0.0,0.783286,0.0,0.154712,0.0,0.0
tetra_N2,2,0,0.4,28,24,15.546636192091402,4,0.805859,0.108848,0.0,0.805859,0.0,0.085293,0.0,0.0
tetra_N2,2,0,0.4,28,25,16.200926327199426,4,0.619305,0.204931,0.0,0.619305,0.0,0.175764,0.0,0.0
tetra_N2,2,0,0.4,28,26,16.47558708856667,4,0.627209,0.200468,0.0,0.627209,0.0,0.172323,0.0,0.0
tetra_N2,2,0,0.4,28,27,16.650929274112123,4,0.770225,0.103298,0.0,0.770225,0.0,0.126477,0.0,0.0
tetra_N2,2,0,0.4,28,28,16.809143326036256,4,0.81267,0.019949,0.0,0.81267,0.0,0.167381,0.0,0.0
tetra_N2,2,0,0.4,28,29,17.116224697743014,4,0.633151,0.037282,0.0,0.633151,0.0,0.329567,0.0,0.0
tetra_N2,2,0,0.4,28,30,17.152556099719813,4,0.668271,0.0,0.0,0.668271,0.0,0.331729,0.0,0.0
tetra_N2,2,0,0.4,28,31,17.181150749457785,4,0.663554,0.093212,0.0,0.663554,0.0,0.243234,0.0,0.0
tetra_N2,2,0,0.1,28,0,0.26175823961300887,2,0.989524,0.989524,0.0,0.010455,0.0,2.2e-05,0.0,0.0
tetra_N2,2,0,0.1,28,1,0.6641191211453806,4,0.533305,0.466117,0.0,0.533305,0.0,0.000578,0.0,0.0
tetra_N2,2,0,0.1,28,2,0.8811906302419751,4,0.856011,0.135794,0.0,0.856011,0.0,0.008195,0.0,0.0
tetra_N2,2,0,0.1,28,3,0.9039678469733202,4,0.958736,0.023166,0.0,0.958736,0.0,0.018098,0.0,0.0
tetra_N2,2,0,0.1,28,4,0.9076758849160429,4,0.985944,0.0,0.0,0.985944,0.0,0.014056,0.0,0.0
tetra_N2,2,0,0.1,28,5,0.9275872992217831,4,0.947588,0.036457,0.0,0.947588,0.0,0.015956,0.0,0.0
tetra_N2,2,0,0.1,28,6,0.9280590321523547,4,0.937695,0.047838,0.0,0.937695,0.0,0.014467,0.0,0.0
tetra_N2,2,0,0.1,28,7,0.9366476408972373,4,0.986437,0.0,0.0,0.986437,0.0,0.013563,0.0,0.0
tetra_N2,2,0,0.1,28,8,0.9930948376377053,4,0.922999,0.064374,0.0,0.922999,0.0,0.012628,0.0,0.0
tetra_N2,2,0,0.1,28,9,0.9949691642607316,4,0.934366,0.051398,0.0,0.934366,0.0,0.014236,0.0,0.0
tetra_N2,2,0,0.1,28,10,1.0055745174259714,4,0.987061,0.0,0.0,0.987061,0.0,0.012939,0.0,0.0
tetra_N2,2,0,0.1,28,11,1.1162317526356982,4,0.908059,0.081065,0.0,0.908059,0.0,0.010875,0.0,0.0
tetra_N2,2,0,0.1,28,12,1.1201853232411223,4,0.926015,0.062355,0.0,0.926015,0.0,0.01163,0.0,0.0
tetra_N2,2,0,0.1,28,13,1.1327820891782072,4,0.98945,0.0,0.0,0.98945,0.0,0.01055,0.0,0.0
tetra_N2,2,0,0.1,28,14,1.349359301062521,4,0.891756,0.100829,0.0,0.891756,0.0,0.007415,0.0,0.0
tetra_N2,2,0,0.1,28,15,1.3552069032024854,4,0.915299,0.077371,0.0,0.915299,0.0,0.00733,0.0,0.0
tetra_N2,2,0,0.1,28,16,1.3717984808033894,4,0.994635,0.0,0.0,0.994635,0.0,0.005365,0.0,0.0
tetra_N2,2,0,0.1,28,17,1.4574031703352657,4,0.545008,0.03158,0.0,0.545008,0.0,0.423412,0.0,0.0
tetra_N2,2,0,0.1,28,18,1.4989110875011415,6,0.507193,0.006279,0.0,0.486528,0.0,0.507193,0.0,0.0
tetra_N2,2,0,0.1,28,19,1.5351589448620033,4,0.502868,0.010072,0.0,0.502868,0.0,0.48706,0.0,0.0
tetra_N2,2,0,0.1,28,20,1.5640662129322298,6,0.50087,0.006895,0.0,0.492235,0.0,0.50087,0.0,0.0
tetra_N2,2,0,0.1,28,21,1.6721759050877683,4,0.515706,0.019313,0.0,0.515706,0.0,0.464981,0.0,0.0
tetra_N2,2,0,0.1,28,22,1.7015070221190995,4,0.506348,0.010606,0.0,0.506348,0.0,0.483045,0.0,0.0
tetra_N2,2,0,0.1,28,23,1.7054950412324221,6,0.624959,0.029095,0.0,0.345946,0.0,0.624959,0.0,0.0
tetra_N2,2,0,0.1,28,24,1.769312505323585,6,0.759642,0.005675,0.0,0.234684,0.0,0.759642,0.0,0.0
tetra_N2,2,0,0.1,28,25,1.7754113570696386,6,0.798869,0.0,0.0,0.201131,0.0,0.798869,0.0,0.0
tetra_N2,2,0,0.1,28,26,1.7884397363579463,6,0.739292,0.009125,0.0,0.251584,0.0,0.739292,0.0,0.0
tetra_N2,2,0,0.1,28,27,1.8031786671117804,6,0.780255,0.006733,0.0,0.213011,0.0,0.780255,0.0,0.0
tetra_N2,2,0,0.1,28,28,1.806286326030729,6,0.809938,0.0,0.0,0.190062,0.0,0.809938,0.0,0.0
tetra_N2,2,0,0.1,28,29,1.8424399555373374,4,0.514007,0.026134,0.0,0.514007,0.0,0.45986,0.0,0.0
tetra_N2,2,0,0.1,28,30,1.8575372647586335,4,0.779815,0.122751,0.0,0.779815,0.0,0.097435,0.0,0.0
tetra_N2,2,0,0.1,28,31,1.870429328553941,4,0.878791,0.083682,0.0,0.878791,0.0,0.037526,0.0,0.0
tetra_N2,2,0,1.6,32,0,4.274702427390977,2,0.999822,0.999822,0.0,0.000178,0.0,0.0,0.0,0.0
tetra_N2,2,0,1.6,32,1,5.583490639928672,2,0.999153,0.999153,0.0,0.000847,0.0,0.0,0.0,0.0
tetra_N2,2,0,1.6,32,2,6.520958291624467,2,0.999044,0.999044,0.0,0.000955,0.0,0.0,0.0,0.0
tetra_N2,2,0,1.6,32,3,7.339180596116873,2,0.998804,0.998804,0.0,0.001196,0.0,0.0,0.0,0.0
tetra_N2,2,0,1.6,32,4,8.021800482664304,2,0.998672,0.998672,0.0,0.001327,0.0,1e-06,0.0,0.0
tetra_N2,2,0,1.6,32,5,8.611871612548422,2,0.998489,0.998489,0.0,0.00151,0.0,1e-06,0.0,0.0
tetra_N2,2,0,1.6,32,6,9.094169630947412,2,0.998355,0.998355,0.0,0.001644,0.0,1e-06,0.0,0.0
tetra_N2,2,0,1.6,32,7,9.455684046742016,2,0.998161,0.998161,0.0,0.001838,0.0,1e-06,0.0,0.0
tetra_N2,2,0,1.6,32,8,9.84940082859689,2,0.998193,0.998193,0.0,0.001806,0.0,1e-06,0.0,0.0
tetra_N2,2,0,1.6,32,9,9.890056141525449,2,0.99811,0.99811,0.0,0.001889,0.0,1e-06,0.0,0.0
tetra_N2,2,0,1.6,32,10,11.025686912130883,2,0.998321,0.998321,0.0,0.001678,0.0,1e-06,0.0,0.0
tetra_N2,2,0,1.6,32,11,11.028831903179467,2,0.998306,0.998306,0.0,0.001693,0.0,1e-06,0.0,0.0
tetra_N2,2,0,1.6,32,12,14.199856740819822,2,0.998544,0.998544,0.0,0.001455,0.0,1e-06,0.0,0.0
tetra_N2,2,0,1.6,32,13,14.204965982615628,2,0.998522,0.998522,0.0,0.001477,0.0,1e-06,0.0,0.0
tetra_N2,2,0,1.6,32,14,16.922227941353167,4,0.999444,9.7e-05,0.0,0.999444,0.0,0.000459,0.0,0.0
tetra_N2,2,0,1.6,32,15,17.02456561037357,4,0.999544,0.0,0.0,0.999544,0.0,0.000456,0.0,0.0
tetra_N2,2,0,1.6,32,16,17.20611304159844,4,0.999503,2.4e-05,0.0,0.999503,0.0,0.000474,0.0,0.0
tetra_N2,2,0,1.6,32,17,17.20910689195262,4,0.999417,0.000148,0.0,0.999417,0.0,0.000435,0.0,0.0
tetra_N2,2,0,1.6,32,18,17.753856383825614,4,0.999572,0.0,0.0,0.999572,0.0,0.000428,0.0,0.0
tetra_N2,2,0,1.6,32,19,18.046927602739892,4,0.99946,7.1e-05,0.0,0.99946,0.0,0.000469,0.0,0.0
tetra_N2,2,0,1.6,32,20,18.11885585995799,4,0.999409,0.00014,0.0,0.999409,0.0,0.000451,0.0,0.0
tetra_N2,2,0,1.6,32,21,19.314363683810434,4,0.99955,0.0,0.0,0.99955,0.0,0.00045,0.0,0.0
tetra_N2,2,0,1.6,32,22,19.32447193103719,4,0.998789,3e-06,0.0,0.998789,0.0,0.001208,0.0,0.0
tetra_N2,2,0,1.6,32,23,19.519413286903962,4,0.999138,4.4e-05,0.0,0.999138,0.0,0.000818,0.0,0.0
tetra_N2,2,0,1.6,32,24,19.67641863131007,4,0.999043,6.1e-05,0.0,0.999043,0.0,0.000896,0.0,0.0
tetra_N2,2,0,1.6,32,25,19.734200894753595,4,0.999351,0.00014,0.0,0.999351,0.0,0.000509,0.0,0.0
tetra_N2,2,0,1.6,32,26,20.1054163638609,4,0.99871,2.9e-05,0.0,0.99871,0.0,0.001261,0.0,0.0
tetra_N2,2,0,1.6,32,27,20.43737708086398,4,0.998434,0.0,0.0,0.998434,0.0,0.001566,0.0,0.0
tetra_N2,2,0,1.6,32,28,20.545795192818147,4,0.998587,3.6e-05,0.0,0.998587,0.0,0.001377,0.0,0.0
tetra_N2,2,0,1.6,32,29,20.629108272203915,4,0.998511,3.2e-05,0.0,0.998511,0.0,0.001457,0.0,0.0
tetra_N2,2,0,1.6,32,30,20.63226240722788,4,0.99855,2.5e-05,0.0,0.99855,0.0,0.001426,0.0,0.0
tetra_N2,2,0,1.6,32,31,20.8180272109129,4,0.998468,5.9e-05,0.0,0.998468,0.0,0.001473,0.0,0.0
tetra_N2,2,0,0.8,32,0,3.8350864558193662,2,0.998849,0.998849,0.0,0.001151,0.0,0.0,0.0,0.0
tetra_N2,2,0,0.8,32,1,6.507377959049603,2,0.986304,0.986304,0.0,0.013693,0.0,3e-06,0.0,0.0
tetra_N2,2,0,0.8,32,2,8.729567140019002,2,0.982029,0.982029,0.0,0.017945,0.0,2.6e-05,0.0,0.0
tetra_N2,2,0,0.8,32,3,10.717256880719036,2,0.975146,0.975146,0.0,0.024817,0.0,3.7e-05,0.0,0.0
tetra_N2,2,0,0.8,32,4,12.494687850911141,2,0.971388,0.971388,0.0,0.028517,0.0,9.5e-05,0.0,0.0
tetra_N2,2,0,0.8,32,5,14.081394100541724,2,0.960616,0.960616,0.0,0.03928,0.0,0.000104,0.0,0.0
tetra_N2,2,0,0.8,32,6,15.111376841916119,4,0.989578,0.007206,0.0,0.989578,0.0,0.003216,0.0,0.0
tetra_N2,2,0,0.8,32,7,15.13471566429764,4,0.997036,0.0,0.0,0.997036,0.0,0.002964,0.0,0.0
tetra_N2,2,0,0.8,32,8,15.30066432031354,4,0.886688,0.110611,0.0,0.886688,0.0,0.002701,0.0,0.0
tetra_N2,2,0,0.8,32,9,15.482369773153993,4,0.988578,0.008311,0.0,0.988578,0.0,0.003111,0.0,0.0
tetra_N2,2,0,0.8,32,10,15.52568039683962,2,0.856336,0.856336,0.0,0.142897,0.0,0.000767,0.0,0.0
tetra_N2,2,0,0.8,32,11,15.714099208545969,4,0.99714,0.0,0.0,0.99714,0.0,0.00286,0.0,0.0
tetra_N2,2,0,0.8,32,12,16.11293715288975,4,0.991068,0.00574,0.0,0.991068,0.0,0.003192,0.0,0.0
tetra_N2,2,0,0.8,32,13,16.226821762502578,4,0.97845,0.018811,0.0,0.97845,0.0,0.00274,0.0,0.0
tetra_N2,2,0,0.8,32,14,16.74245914290784,2,0.942318,0.942318,0.0,0.057276,0.0,0.000406,0.0,0.0
tetra_N2,2,0,0.8,32,15,16.99169882119875,4,0.996999,0.0,0.0,0.996999,0.0,0.003001,0.0,0.0
tetra_N2,2,0,0.8,32,16,17.506868503973358,4,0.987008,0.009926,0.0,0.987008,0.0,0.003067,0.0,0.0
tetra_N2,2,0,0.8,32,17,17.656881870303753,4,0.980075,0.016713,0.0,0.980075,0.0,0.003213,0.0,0.0
tetra_N2,2,0,0.8,32,18,17.80434289465707,2,0.956621,0.956621,0.0,0.043065,0.0,0.000314,0.0,0.0
tetra_N2,2,0,0.8,32,19,18.68552452178558,2,0.954324,0.954324,0.0,0.045304,0.0,0.000372,0.0,0.0
tetra_N2,2,0,0.8,32,20,19.276458092489474,4,0.996759,0.0,0.0,0.996759,0.0,0.003241,0.0,0.0
tetra_N2,2,0,0.8,32,21,19.376216612248477,2,0.935899,0.935899,0.0,0.063588,0.0,0.000513,0.0,0.0
tetra_N2,2,0,0.8,32,22,19.757918209040223,4,0.984383,0.005457,0.0,0.984383,0.0,0.01016,0.0,0.0
tetra_N2,2,0,0.8,32,23,19.811898381585134,2,0.934779,0.934779,0.0,0.064687,0.0,0.000534,0.0,0.0
tetra_N2,2,0,0.8,32,24,19.847761933100216,4,0.969929,0.020062,0.0,0.969929,0.0,0.010009,0.0,0.0
tetra_N2,2,0,0.8,32,25,20.072613530938085,4,0.965892,0.030747,0.0,0.965892,0.0,0.00336,0.0,0.0
tetra_N2,2,0,0.8,32,26,20.104613017658625,4,0.980131,0.002385,0.0,0.980131,0.0,0.017484,0.0,0.0
tetra_N2,2,0,0.8,32,27,20.581966917093634,4,0.95623,0.028704,0.0,0.95623,0.0,0.015065,0.0,0.0
tetra_N2,2,0,0.8,32,28,20.633676859861588,2,0.932654,0.932654,0.0,0.066557,0.0,0.000789,0.0,0.0
tetra_N2,2,0,0.8,32,29,20.640460461855387,2,0.9597,0.9597,0.0,0.039946,0.0,0.000354,0.0,0.0
tetra_N2,2,0,0.8,32,30,21.3593300118972,4,0.980842,0.001029,0.0,0.980842,0.0,0.018129,0.0,0.0
tetra_N2,2,0,0.8,32,31,22.117784908362598,4,0.979954,0.002804,0.0,0.979954,0.0,0.017242,0.0,0.0
tetra_N2,2,0,0.4,32,0,2.4061090326607095,2,0.995412,0.995412,0.0,0.004585,0.0,2e-06,0.0,0.0
tetra_N2,2,0,0.4,32,1,5.422912618489718,2,0.842412,0.842412,0.0,0.157427,0.0,0.000161,0.0,0.0
tetra_N2,2,0,0.4,32,2,8.041961727192083,2,0.598881,0.598881,0.0,0.399277,0.0,0.001842,0.0,0.0
tetra_N2,2,0,0.4,32,3,9.032326253312888,4,0.898192,0.093205,0.0,0.898192,0.0,0.008603,0.0,0.0
tetra_N2,2,0,0.4,32,4,9.133579232387046,4,0.990189,0.0,0.0,0.990189,0.0,0.009811,0.0,0.0
tetra_N2,2,0,0.4,32,5,9.1925310362583,4,0.905351,0.085998,0.0,0.905351,0.0,0.008651,0.0,0.0
tetra_N2,2,0,0.4,32,6,9.231818957693203,4,0.96581,0.023656,0.0,0.96581,0.0,0.010534,0.0,0.0
tetra_N2,2,0,0.4,32,7,9.416205605108482,4,0.990655,0.0,0.0,0.990655,0.0,0.009345,0.0,0.0
tetra_N2,2,0,0.4,32,8,9.694558802069496,4,0.885539,0.105644,0.0,0.885539,0.0,0.008818,0.0,0.0
tetra_N2,2,0,0.4,32,9,9.743189759418396,4,0.930216,0.060055,0.0,0.930216,0.0,0.009729,0.0,0.0
tetra_N2,2,0,0.4,32,10,10.050125728635916,4,0.990614,0.0,0.0,0.990614,0.0,0.009386,0.0,0.0
tetra_N2,2,0,0.4,32,11,10.624097650965734,4,0.867118,0.123805,0.0,0.867118,0.0,0.009077,0.0,0.0
tetra_N2,2,0,0.4,32,12,10.68602272653877,4,0.891181,0.100131,0.0,0.891181,0.0,0.008688,0.0,0.0
tetra_N2,2,0,0.4,32,13,11.168174344536046,4,0.991059,0.0,0.0,0.991059,0.0,0.008941,0.0,0.0
tetra_N2,2,0,0.4,32,14,12.195286888656467,4,0.85561,0.136266,0.0,0.85561,0.0,0.008124,0.0,0.0
tetra_N2,2,0,0.4,32,15,12.23622251286626,4,0.841801,0.150422,0.0,0.841801,0.0,0.007777,0.0,0.0
tetra_N2,2,0,0.4,32,16,12.896197179287558,4,0.670863,0.313188,0.0,0.670863,0.0,0.015949,0.0,0.0
tetra_N2,2,0,0.4,32,17,13.07940996878174,4,0.609978,0.31701,0.0,0.609978,0.0,0.073012,0.0,0.0
tetra_N2,2,0,0.4,32,18,13.08498813821648,4,0.992471,0.0,0.0,0.992471,0.0,0.007529,0.0,0.0
tetra_N2,2,0,0.4,32,19,13.991352913880904,4,0.827628,0.006152,0.0,0.827628,0.0,0.166219,0.0,0.0
tetra_N2,2,0,0.4,32,20,14.202448706195362,4,0.810272,0.055446,0.0,0.810272,0.0,0.134282,0.0,0.0
tetra_N2,2,0,0.4,32,21,14.48052933712988,4,0.823984,0.024443,0.0,0.823984,0.0,0.151573,0.0,0.0
tetra_N2,2,0,0.4,32,22,14.499463821333018,4,0.83983,0.109174,0.0,0.83983,0.0,0.050996,0.0,0.0
tetra_N2,2,0,0.4,32,23,14.806951274620015,4,0.809797,0.169505,0.0,0.809797,0.0,0.020699,0.0,0.0
tetra_N2,2,0,0.4,32,24,15.098265688584943,4,0.744392,0.125725,0.0,0.744392,0.0,0.129883,0.0,0.0
tetra_N2,2,0,0.4,32,25,15.224322661499606,4,0.513289,0.398318,0.0,0.513289,0.0,0.088393,0.0,0.0
tetra_N2,2,0,0.4,32,26,15.596230010300435,4,0.801534,0.051725,0.0,0.801534,0.0,0.146741,0.0,0.0
tetra_N2,2,0,0.4,32,27,16.321098558960923,4,0.760074,0.110788,0.0,0.760074,0.0,0.129138,0.0,0.0
tetra_N2,2,0,0.4,32,28,16.583816533245226,4,0.996884,0.0,0.0,0.996884,0.0,0.003116,0.0,0.0
tetra_N2,2,0,0.4,32,29,16.878158305770715,4,0.619839,0.162103,0.0,0.619839,0.0,0.218058,0.0,0.0
tetra_N2,2,0,0.4,32,30,17.03382074778942,4,0.843976,0.050146,0.0,0.843976,0.0,0.105878,0.0,0.0
tetra_N2,2,0,0.4,32,31,17.167583309154413,4,0.61383,0.194109,0.0,0.61383,0.0,0.192061,0.0,0.0
tetra_N2,2,0,0.1,32,0,0.2679095069231305,2,0.989359,0.989359,0.0,0.010617,0.0,2.4e-05,0.0,0.0
tetra_N2,2,0,0.1,32,1,0.6840219874776275,4,0.534199,0.465149,0.0,0.534199,0.0,0.000652,0.0,0.0
tetra_N2,2,0,0.1,32,2,0.9090036431641881,4,0.859471,0.131672,0.0,0.859471,0.0,0.008856,0.0,0.0
tetra_N2,2,0,0.1,32,3,0.9316932094886978,4,0.962652,0.018401,0.0,0.962652,0.0,0.018947,0.0,0.0
tetra_N2,2,0,0.1,32,4,0.934634525700688,4,0.984632,0.0,0.0,0.984632,0.0,0.015368,0.0,0.0
tetra_N2,2,0,0.1,32,5,0.9493067967204368,4,0.954825,0.02801,0.0,0.954825,0.0,0.017165,0.0,0.0
tetra_N2,2,0,0.1,32,6,0.9501863922896333,4,0.946166,0.037698,0.0,0.946166,0.0,0.016136,0.0,0.0
tetra_N2,2,0,0.1,32,7,0.9567622949173377,4,0.985179,0.0,0.0,0.985179,0.0,0.014821,0.0,0.0
tetra_N2,2,0,0.1,32,8,0.9993153360676325,4,0.934857,0.050691,0.0,0.934857,0.0,0.014453,0.0,0.0
tetra_N2,2,0,0.1,32,9,1.000175329013455,4,0.942946,0.041119,0.0,0.942946,0.0,0.015935,0.0,0.0
tetra_N2,2,0,0.1,32,10,1.008916515277953,4,0.985385,0.0,0.0,0.985385,0.0,0.014615,0.0,0.0
tetra_N2,2,0,0.1,32,11,1.0876741647273536,4,0.923643,0.063127,0.0,0.923643,0.0,0.01323,0.0,0.0
tetra_N2,2,0,0.1,32,12,1.090248457540058,4,0.936178,0.049446,0.0,0.936178,0.0,0.014377,0.0,0.0
tetra_N2,2,0,0.1,32,13,1.1002150750793267,4,0.986563,0.0,0.0,0.986563,0.0,0.013437,0.0,0.0
tetra_N2,2,0,0.1,32,14,1.2391488975421037,4,0.912045,0.076473,0.0,0.912045,0.0,0.011482,0.0,0.0
tetra_N2,2,0,0.1,32,15,1.2432481461230809,4,0.930078,0.058144,0.0,0.930078,0.0,0.011778,0.0,0.0
tetra_N2,2,0,0.1,32,16,1.255209730092809,4,0.989205,0.0,0.0,0.989205,0.0,0.010795,0.0,0.0
tetra_N2,2,0,0.1,32,17,1.5114554830436544,4,0.62255,0.056202,0.0,0.62255,0.0,0.321248,0.0,0.0
tetra_N2,2,0,0.1,32,18,1.5150207572831673,4,0.899142,0.09302,0.0,0.899142,0.0,0.007838,0.0,0.0
tetra_N2,2,0,0.1,32,19,1.5237614042156689,4,0.837149,0.045601,0.0,0.837149,0.0,0.117251,0.0,0.0
tetra_N2,2,0,0.1,32,20,1.5366439698822802,4,0.994316,0.0,0.0,0.994316,0.0,0.005684,0.0,0.0
tetra_N2,2,0,0.1,32,21,1.561560726322393,6,0.507763,0.006085,0.0,0.486152,0.0,0.507763,0.0,0.0
tetra_N2,2,0,0.1,32,22,1.5690707149808423,6,0.50862,0.004923,0.0,0.486456,0.0,0.50862,0.0,0.0
tetra_N2,2,0,0.1,32,23,1.6235526235338618,6,0.499879,0.007624,0.0,0.492497,0.0,0.499879,0.0,0.0
tetra_N2,2,0,0.1,32,24,1.6598620235307409,4,0.499318,0.008551,0.0,0.499318,0.0,0.492131,0.0,0.0
tetra_N2,2,0,0.1,32,25,1.7237872313627192,4,0.497139,0.010368,0.0,0.497139,0.0,0.492493,0.0,0.0
tetra_N2,2,0,0.1,32,26,1.7799143354908555,6,0.637039,0.026769,0.0,0.336192,0.0,0.637039,0.0,0.0
tetra_N2,2,0,0.1,32,27,1.8407851035983724,6,0.731424,0.0102,0.0,0.258376,0.0,0.731424,0.0,0.0
tetra_N2,2,0,0.1,32,28,1.8467012115895385,6,0.809542,0.0,0.0,0.190458,0.0,0.809542,0.0,0.0
tetra_N2,2,0,0.1,32,29,1.8614463057836745,6,0.520946,0.017763,0.0,0.461291,0.0,0.520946,0.0,0.0
tetra_N2,2,0,0.1,32,30,1.8774682725381886,6,0.500456,0.005455,0.0,0.494089,0.0,0.500456,0.0,0.0
tetra_N2,2,0,0.1,32,31,1.8814282908429976,6,0.746017,0.011431,0.0,0.242553,0.0,0.746017,0.0,0.0
tetra_N2,2,0,1.6,36,0,4.279081141094745,2,0.999826,0.999826,0.0,0.000174,0.0,0.0,0.0,0.0
tetra_N2,2,0,1.6,36,1,5.602653950730799,2,0.999166,0.999166,0.0,0.000834,0.0,0.0,0.0,0.0
tetra_N2,2,0,1.6,36,2,6.563864242455311,2,0.999072,0.999072,0.0,0.000928,0.0,0.0,0.0,0.0
tetra_N2,2,0,1.6,36,3,7.415132192527781,2,0.998845,0.998845,0.0,0.001155,0.0,0.0,0.0,0.0
tetra_N2,2,0,1.6,36,4,8.14033549891853,2,0.998729,0.998729,0.0,0.00127,0.0,0.0,0.0,0.0
tetra_N2,2,0,1.6,36,5,8.784736380901503,2,0.998561,0.998561,0.0,0.001439,0.0,1e-06,0.0,0.0
tetra_N2,2,0,1.6,36,6,9.335185203557085,2,0.998441,0.998441,0.0,0.001558,0.0,1e-06,0.0,0.0
tetra_N2,2,0,1.6,36,7,9.806512971553,2,0.998296,0.998296,0.0,0.001703,0.0,1e-06,0.0,0.0
tetra_N2,2,0,1.6,36,8,10.189930649189066,2,0.998188,0.998188,0.0,0.001811,0.0,1e-06,0.0,0.0
tetra_N2,2,0,1.6,36,9,10.415500981704117,2,0.998011,0.998011,0.0,0.001988,0.0,1e-06,0.0,0.0
tetra_N2,2,0,1.6,36,10,10.895451498055637,2,0.998151,0.998151,0.0,0.001848,0.0,1e-06,0.0,0.0
tetra_N2,2,0,1.6,36,11,10.903611759678615,2,0.998127,0.998127,0.0,0.001872,0.0,1e-06,0.0,0.0
tetra_N2,2,0,1.6,36,12,12.254851833060641,2,0.998296,0.998296,0.0,0.001703,0.0,1e-06,0.0,0.0
tetra_N2,2,0,1.6,36,13,12.25757919781198,2,0.998284,0.998284,0.0,0.001715,0.0,1e-06,0.0,0.0
tetra_N2,2,0,1.6,36,14,15.852161776195333,2,0.998517,0.998517,0.0,0.001482,0.0,1e-06,0.0,0.0
tetra_N2,2,0,1.6,36,15,15.856583809920735,2,0.998495,0.998495,0.0,0.001504,0.0,1e-06,0.0,0.0
tetra_N2,2,0,1.6,36,16,16.95918948460301,4,0.999474,9.3e-05,0.0,0.999474,0.0,0.000433,0.0,0.0
tetra_N2,2,0,1.6,36,17,17.040978861187902,4,0.999569,0.0,0.0,0.999569,0.0,0.000431,0.0,0.0
tetra_N2,2,0,1.6,36,18,17.182168959034797,4,0.99945,0.000134,0.0,0.99945,0.0,0.000417,0.0,0.0
tetra_N2,2,0,1.6,36,19,17.18625399661414,4,0.999539,1.7e-05,0.0,0.999539,0.0,0.000444,0.0,0.0
tetra_N2,2,0,1.6,36,20,17.59630225306044,4,0.999588,0.0,0.0,0.999588,0.0,0.000412,0.0,0.0
tetra_N2,2,0,1.6,36,21,17.84605161445478,4,0.999499,5.4e-05,0.0,0.999499,0.0,0.000446,0.0,0.0
tetra_N2,2,0,1.6,36,22,17.893889774351784,4,0.999458,0.000126,0.0,0.999458,0.0,0.000416,0.0,0.0
tetra_N2,2,0,1.6,36,23,18.775170597256285,4,0.99959,0.0,0.0,0.99959,0.0,0.00041,0.0,0.0
tetra_N2,2,0,1.6,36,24,19.03305373227756,4,0.99948,8.1e-05,0.0,0.99948,0.0,0.000439,0.0,0.0
tetra_N2,2,0,1.6,36,25,19.143114463424897,4,0.999417,0.000124,0.0,0.999417,0.0,0.000459,0.0,0.0
tetra_N2,2,0,1.6,36,26,19.389316154458875,4,0.998825,2e-06,0.0,0.998825,0.0,0.001174,0.0,0.0
tetra_N2,2,0,1.6,36,27,19.62284102527037,4,0.998812,6e-06,0.0,0.998812,0.0,0.001182,0.0,0.0
tetra_N2,2,0,1.6,36,28,20.016952092048477,4,0.998812,2.3e-05,0.0,0.998812,0.0,0.001165,0.0,0.0
tetra_N2,2,0,1.6,36,29,20.525270049497173,4,0.998867,1.8e-05,0.0,0.998867,0.0,0.001115,0.0,0.0
tetra_N2,2,0,1.6,36,30,20.746334252042857,4,0.999548,0.0,0.0,0.999548,0.0,0.000452,0.0,0.0
tetra_N2,2,0,1.6,36,31,20.754706821694135,4,0.998546,1.7e-05,0.0,0.998546,0.0,0.001437,0.0,0.0
tetra_N2,2,0,0.8,36,0,3.8431551117528984,2,0.998887,0.998887,0.0,0.001112,0.0,0.0,0.0,0.0
tetra_N2,2,0,0.8,36,1,6.541798154683624,2,0.98651,0.98651,0.0,0.013487,0.0,3e-06,0.0,0.0
tetra_N2,2,0,0.8,36,2,8.808562003939773,2,0.982371,0.982371,0.0,0.017604,0.0,2.4e-05,0.0,0.0
tetra_N2,2,0,0.8,36,3,10.858594395204303,2,0.975449,0.975449,0.0,0.024516,0.0,3.4e-05,0.0,0.0
tetra_N2,2,0,0.8,36,4,12.716329583218391,2,0.971556,0.971556,0.0,0.028355,0.0,8.9e-05,0.0,0.0
tetra_N2,2,0,0.8,36,5,14.398969506697705,2,0.955782,0.955782,0.0,0.044124,0.0,9.4e-05,0.0,0.0
tetra_N2,2,0,0.8,36,6,15.163648451631026,4,0.989421,0.007587,0.0,0.989421,0.0,0.002992,0.0,0.0
tetra_N2,2,0,0.8,36,7,15.178591726089916,4,0.997186,0.0,0.0,0.997186,0.0,0.002814,0.0,0.0
tetra_N2,2,0,0.8,36,8,15.3219136906535,4,0.983226,0.013846,0.0,0.983226,0.0,0.002928,0.0,0.0
tetra_N2,2,0,0.8,36,9,15.470174313570988,4,0.986581,0.010396,0.0,0.986581,0.0,0.003023,0.0,0.0
tetra_N2,2,0,0.8,36,10,15.625496592987073,4,0.99729,0.0,0.0,0.99729,0.0,0.00271,0.0,0.0
tetra_N2,2,0,0.8,36,11,15.93144517114751,2,0.57303,0.57303,0.0,0.425789,0.0,0.001181,0.0,0.0
tetra_N2,2,0,0.8,36,12,15.96258726630912,4,0.61761,0.380225,0.0,0.61761,0.0,0.002165,0.0,0.0
tetra_N2,2,0,0.8,36,13,16.056593030211175,4,0.987339,0.010049,0.0,0.987339,0.0,0.002612,0.0,0.0
tetra_N2,2,0,0.8,36,14,16.59026662154713,4,0.99722,0.0,0.0,0.99722,0.0,0.00278,0.0,0.0
tetra_N2,2,0,0.8,36,15,17.030224450980405,4,0.986142,0.010966,0.0,0.986142,0.0,0.002891,0.0,0.0
tetra_N2,2,0,0.8,36,16,17.130601026247525,4,0.965803,0.031261,0.0,0.965803,0.0,0.002935,0.0,0.0
tetra_N2,2,0,0.8,36,17,17.324164570007383,2,0.932604,0.932604,0.0,0.067097,0.0,0.000299,0.0,0.0
tetra_N2,2,0,0.8,36,18,18.245610145040246,4,0.997066,0.0,0.0,0.997066,0.0,0.002934,0.0,0.0
tetra_N2,2,0,0.8,36,19,18.514188748594055,2,0.846821,0.846821,0.0,0.152613,0.0,0.000565,0.0,0.0
tetra_N2,2,0,0.8,36,20,18.749675714407207,4,0.878982,0.118309,0.0,0.878982,0.0,0.002709,0.0,0.0
tetra_N2,2,0,0.8,36,21,18.903358081708035,4,0.983685,0.013166,0.0,0.983685,0.0,0.003149,0.0,0.0
tetra_N2,2,0,0.8,36,22,19.61518189335059,2,0.956218,0.956218,0.0,0.043446,0.0,0.000337,0.0,0.0
tetra_N2,2,0,0.8,36,23,19.926053229837866,4,0.977774,0.006086,0.0,0.977774,0.0,0.01614,0.0,0.0
tetra_N2,2,0,0.8,36,24,20.153766215120854,4,0.979922,0.003816,0.0,0.979922,0.0,0.016262,0.0,0.0
tetra_N2,2,0,0.8,36,25,20.517927723423888,2,0.579213,0.579213,0.0,0.414559,0.0,0.006228,0.0,0.0
tetra_N2,2,0,0.8,36,26,20.539577706369624,4,0.623027,0.367142,0.0,0.623027,0.0,0.009831,0.0,0.0
tetra_N2,2,0,0.8,36,27,20.968973443024822,4,0.996814,0.0,0.0,0.996814,0.0,0.003186,0.0,0.0
tetra_N2,2,0,0.8,36,28,21.115657113120946,4,0.978592,0.003926,0.0,0.978592,0.0,0.017482,0.0,0.0
tetra_N2,2,0,0.8,36,29,21.270209369519947,2,0.927239,0.927239,0.0,0.072295,0.0,0.000466,0.0,0.0
tetra_N2,2,0,0.8,36,30,21.381997265326103,4,0.97951,0.014869,0.0,0.97951,0.0,0.005621,0.0,0.0
tetra_N2,2,0,0.8,36,31,21.714958447081884,4,0.957249,0.039515,0.0,0.957249,0.0,0.003236,0.0,0.0
tetra_N2,2,0,0.4,36,0,2.4229680561330107,2,0.995525,0.995525,0.0,0.004472,0.0,3e-06,0.0,0.0
tetra_N2,2,0,0.4,36,1,5.489933387196045,2,0.84426,0.84426,0.0,0.155568,0.0,0.000172,0.0,0.0
tetra_N2,2,0,0.4,36,2,8.1737828311134,2,0.596949,0.596949,0.0,0.401204,0.0,0.001847,0.0,0.0
tetra_N2,2,0,0.4,36,3,9.157365093553292,4,0.917322,0.073755,0.0,0.917322,0.0,0.008923,0.0,0.0
tetra_N2,2,0,0.4,36,4,9.233736237383464,4,0.990254,0.0,0.0,0.990254,0.0,0.009746,0.0,0.0
tetra_N2,2,0,0.4,36,5,9.283328313979915,4,0.916621,0.074712,0.0,0.916621,0.0,0.008667,0.0,0.0
tetra_N2,2,0,0.4,36,6,9.310471688667247,4,0.972926,0.016691,0.0,0.972926,0.0,0.010383,0.0,0.0
tetra_N2,2,0,0.4,36,7,9.457235500289196,4,0.990711,0.0,0.0,0.990711,0.0,0.009289,0.0,0.0
tetra_N2,2,0,0.4,36,8,9.675238868213379,4,0.901904,0.089387,0.0,0.901904,0.0,0.008709,0.0,0.0
tetra_N2,2,0,0.4,36,9,9.708841284160384,4,0.946109,0.043979,0.0,0.946109,0.0,0.009912,0.0,0.0
tetra_N2,2,0,0.4,36,10,9.9491633927554,4,0.990629,0.0,0.0,0.990629,0.0,0.009371,0.0,0.0
tetra_N2,2,0,0.4,36,11,10.381779169615479,4,0.888808,0.102117,0.0,0.888808,0.0,0.009075,0.0,0.0
tetra_N2,2,0,0.4,36,12,10.428434344605769,4,0.916891,0.073865,0.0,0.916891,0.0,0.009244,0.0,0.0
tetra_N2,2,0,0.4,36,13,10.787003914819422,4,0.990715,0.0,0.0,0.990715,0.0,0.009285,0.0,0.0
tetra_N2,2,0,0.4,36,14,11.525865541495127,4,0.875505,0.115414,0.0,0.875505,0.0,0.009081,0.0,0.0
tetra_N2,2,0,0.4,36,15,11.574680486768735,4,0.883516,0.108004,0.0,0.883516,0.0,0.008479,0.0,0.0
tetra_N2,2,0,0.4,36,16,12.138391627713457,4,0.991228,0.0,0.0,0.991228,0.0,0.008772,0.0,0.0
tetra_N2,2,0,0.4,36,17,13.004783634337798,4,0.746675,0.242154,0.0,0.746675,0.0,0.011171,0.0,0.0
tetra_N2,2,0,0.4,36,18,13.310699976037762,4,0.837129,0.153071,0.0,0.837129,0.0,0.009801,0.0,0.0
tetra_N2,2,0,0.4,36,19,13.373501629167825,4,0.619085,0.310126,0.0,0.619085,0.0,0.070789,0.0,0.0
tetra_N2,2,0,0.4,36,20,13.384880663128758,4,0.769554,0.21842,0.0,0.769554,0.0,0.012026,0.0,0.0
tetra_N2,2,0,0.4,36,21,14.244817603354436,4,0.829301,0.007371,0.0,0.829301,0.0,0.163328,0.0,0.0
tetra_N2,2,0,0.4,36,22,14.368944168857668,4,0.992524,0.0,0.0,0.992524,0.0,0.007476,0.0,0.0
tetra_N2,2,0,0.4,36,23,14.388228038442284,4,0.822265,0.023808,0.0,0.822265,0.0,0.153927,0.0,0.0
tetra_N2,2,0,0.4,36,24,14.651583950747149,4,0.813651,0.025515,0.0,0.813651,0.0,0.160834,0.0,0.0
tetra_N2,2,0,0.4,36,25,15.01578312837063,4,0.805938,0.075211,0.0,0.805938,0.0,0.118852,0.0,0.0
tetra_N2,2,0,0.4,36,26,15.423679461680376,4,0.837838,0.030965,0.0,0.837838,0.0,0.131198,0.0,0.0
tetra_N2,2,0,0.4,36,27,15.517256481278858,4,0.599801,0.311726,0.0,0.599801,0.0,0.088474,0.0,0.0
tetra_N2,2,0,0.4,36,28,15.579648892787889,4,0.846715,0.058232,0.0,0.846715,0.0,0.095054,0.0,0.0
tetra_N2,2,0,0.4,36,29,16.332258900707686,4,0.736283,0.237244,0.0,0.736283,0.0,0.026473,0.0,0.0
tetra_N2,2,0,0.4,36,30,16.408553099827955,4,0.72845,0.157768,0.0,0.72845,0.0,0.113782,0.0,0.0
tetra_N2,2,0,0.4,36,31,16.88816554238357,4,0.817959,0.026933,0.0,0.817959,0.0,0.155108,0.0,0.0
tetra_N2,2,0,0.1,36,0,0.2732665717390557,2,0.989237,0.989237,0.0,0.010737,0.0,2.6e-05,0.0,0.0
tetra_N2,2,0,0.1,36,1,0.7013465482914925,4,0.534815,0.464471,0.0,0.534815,0.0,0.000713,0.0,0.0
tetra_N2,2,0,0.1,36,2,0.9331755527610063,4,0.862076,0.128558,0.0,0.862076,0.0,0.009366,0.0,0.0
tetra_N2,2,0,0.1,36,3,0.9557303488164298,4,0.96536,0.015111,0.0,0.96536,0.0,0.01953,0.0,0.0
tetra_N2,2,0,0.1,36,4,0.9581616567646858,4,0.983653,0.0,0.0,0.983653,0.0,0.016347,0.0,0.0
tetra_N2,2,0,0.1,36,5,0.9693413680484837,4,0.959915,0.022068,0.0,0.959915,0.0,0.018017,0.0,0.0
tetra_N2,2,0,0.1,36,6,0.9704028874684405,4,0.952118,0.030525,0.0,0.952118,0.0,0.017357,0.0,0.0
tetra_N2,2,0,0.1,36,7,0.9755995710264365,4,0.984235,0.0,0.0,0.984235,0.0,0.015765,0.0,0.0
tetra_N2,2,0,0.1,36,8,1.0090418353978938,4,0.943047,0.041146,0.0,0.943047,0.0,0.015807,0.0,0.0
tetra_N2,2,0,0.1,36,9,1.0092345064648975,4,0.94917,0.033769,0.0,0.94917,0.0,0.01706,0.0,0.0
tetra_N2,2,0,0.1,36,10,1.016658733129048,4,0.984277,0.0,0.0,0.984277,0.0,0.015723,0.0,0.0
tetra_N2,2,0,0.1,36,11,1.076288649604529,4,0.934241,0.050962,0.0,0.934241,0.0,0.014797,0.0,0.0
tetra_N2,2,0,0.1,36,12,1.0779201153489466,4,0.94328,0.040683,0.0,0.94328,0.0,0.016037,0.0,0.0
tetra_N2,2,0,0.1,36,13,1.0861974940972916,4,0.984869,0.0,0.0,0.984869,0.0,0.015131,0.0,0.0
tetra_N2,2,0,0.1,36,14,1.1849201832266387,4,0.925337,0.060943,0.0,0.925337,0.0,0.01372,0.0,0.0
tetra_N2,2,0,0.1,36,15,1.187807552137347,4,0.938573,0.046948,0.0,0.938573,0.0,0.014479,0.0,0.0
tetra_N2,2,0,0.1,36,16,1.1972892786876903,4,0.986316,0.0,0.0,0.986316,0.0,0.013684,0.0,0.0
tetra_N2,2,0,0.1,36,17,1.3630032165323935,4,0.916007,0.072082,0.0,0.916007,0.0,0.011911,0.0,0.0
tetra_N2,2,0,0.1,36,18,1.3670975445641929,4,0.933525,0.054556,0.0,0.933525,0.0,0.011919,0.0,0.0
tetra_N2,2,0,0.1,36,19,1.3785970295743555,4,0.989025,0.0,0.0,0.989025,0.0,0.010975,0.0,0.0
tetra_N2,2,0,0.1,36,20,1.5638920233829054,4,0.537184,0.03193,0.0,0.537184,0.0,0.430886,0.0,0.0
tetra_N2,2,0,0.1,36,21,1.607190296511822,6,0.517088,0.003221,0.0,0.479691,0.0,0.517088,0.0,0.0
tetra_N2,2,0,0.1,36,22,1.619228881973919,6,0.512454,0.006434,0.0,0.481112,0.0,0.512454,0.0,0.0
tetra_N2,2,0,0.1,36,23,1.6584102645210819,4,0.497675,0.011184,0.0,0.497675,0.0,0.491141,0.0,0.0
tetra_N2,2,0,0.1,36,24,1.6782025737620025,6,0.503919,0.00669,0.0,0.489391,0.0,0.503919,0.0,0.0
tetra_N2,2,0,0.1,36,25,1.6805951234752747,4,0.905338,0.086465,0.0,0.905338,0.0,0.008198,0.0,0.0
tetra_N2,2,0,0.1,36,26,1.6871886954200868,4,0.914849,0.057902,0.0,0.914849,0.0,0.027249,0.0,0.0
tetra_N2,2,0,0.1,36,27,1.7015781149911,4,0.994014,0.0,0.0,0.994014,0.0,0.005986,0.0,0.0
tetra_N2,2,0,0.1,36,28,1.7646041329484308,4,0.499104,0.010794,0.0,0.499104,0.0,0.490102,0.0,0.0
tetra_N2,2,0,0.1,36,29,1.7880119682163287,6,0.499677,0.006056,0.0,0.494268,0.0,0.499677,0.0,0.0
tetra_N2,2,0,0.1,36,30,1.844169985107886,6,0.644716,0.025302,0.0,0.329983,0.0,0.644716,0.0,0.0
tetra_N2,2,0,0.1,36,31,1.8895584138400048,6,0.499079,0.013304,0.0,0.487617,0.0,0.499079,0.0,0.0
tetra_N2,2,0,1.6,40,0,4.2825790398683985,2,0.99983,0.99983,0.0,0.00017,0.0,0.0,0.0,0.0
tetra_N2,2,0,1.6,40,1,5.617857225835677,2,0.999176,0.999176,0.0,0.000824,0.0,0.0,0.0,0.0
tetra_N2,2,0,1.6,40,2,6.597738983784355,2,0.999092,0.999092,0.0,0.000908,0.0,0.0,0.0,0.0
tetra_N2,2,0,1.6,40,3,7.474726661758036,2,0.998875,0.998875,0.0,0.001124,0.0,0.0,0.0,0.0
tetra_N2,2,0,1.6,40,4,8.2326556557292,2,0.998772,0.998772,0.0,0.001228,0.0,0.0,0.0,0.0
tetra_N2,2,0,1.6,40,5,8.917881210736246,2,0.998615,0.998615,0.0,0.001385,0.0,1e-06,0.0,0.0
tetra_N2,2,0,1.6,40,6,9.518056093897231,2,0.998507,0.998507,0.0,0.001492,0.0,1e-06,0.0,0.0
tetra_N2,2,0,1.6,40,7,10.051144793404108,2,0.998374,0.998374,0.0,0.001626,0.0,1e-06,0.0,0.0
tetra_N2,2,0,1.6,40,8,10.506850465333669,2,0.998267,0.998267,0.0,0.001732,0.0,1e-06,0.0,0.0
tetra_N2,2,0,1.6,40,9,10.887131405238375,2,0.998139,0.998139,0.0,0.00186,0.0,1e-06,0.0,0.0
tetra_N2,2,0,1.6,40,10,11.208564458081067,2,0.998079,0.998079,0.0,0.00192,0.0,1e-06,0.0,0.0
tetra_N2,2,0,1.6,40,11,11.324358223835292,2,0.997946,0.997946,0.0,0.002052,0.0,1e-06,0.0,0.0
tetra_N2,2,0,1.6,40,12,11.94644263535492,2,0.998129,0.998129,0.0,0.00187,0.0,1e-06,0.0,0.0
tetra_N2,2,0,1.6,40,13,11.948661046442155,2,0.99812,0.99812,0.0,0.001878,0.0,1e-06,0.0,0.0
tetra_N2,2,0,1.6,40,14,13.490199516344317,2,0.998273,0.998273,0.0,0.001726,0.0,1e-06,0.0,0.0
tetra_N2,2,0,1.6,40,15,13.492609714061592,2,0.998263,0.998263,0.0,0.001736,0.0,1e-06,0.0,0.0
tetra_N2,2,0,1.6,40,16,16.98856731146191,4,0.999496,9.1e-05,0.0,0.999496,0.0,0.000413,0.0,0.0
tetra_N2,2,0,1.6,40,17,17.055839681286884,4,0.999588,0.0,0.0,0.999588,0.0,0.000412,0.0,0.0
tetra_N2,2,0,1.6,40,18,17.166658371571437,4,0.999463,0.000135,0.0,0.999463,0.0,0.000402,0.0,0.0
tetra_N2,2,0,1.6,40,19,17.174776395852263,4,0.999565,1.3e-05,0.0,0.999565,0.0,0.000422,0.0,0.0
tetra_N2,2,0,1.6,40,20,17.492912804918813,4,0.999602,0.0,0.0,0.999602,0.0,0.000398,0.0,0.0
tetra_N2,2,0,1.6,40,21,17.506831756615636,2,0.998482,0.998482,0.0,0.001518,0.0,1e-06,0.0,0.0
tetra_N2,2,0,1.6,40,22,17.510729750294328,2,0.998392,0.998392,0.0,0.001607,0.0,1e-06,0.0,0.0
tetra_N2,2,0,1.6,40,23,17.706487832332712,4,0.99952,5.3e-05,0.0,0.99952,0.0,0.000427,0.0,0.0
tetra_N2,2,0,1.6,40,24,17.7377410013095,4,0.999431,0.000175,0.0,0.999431,0.0,0.000394,0.0,0.0
tetra_N2,2,0,1.6,40,25,18.411368940698164,4,0.999609,0.0,0.0,0.999609,0.0,0.000391,0.0,0.0
tetra_N2,2,0,1.6,40,26,18.64933574799653,4,0.999512,7e-05,0.0,0.999512,0.0,0.000418,0.0,0.0
tetra_N2,2,0,1.6,40,27,18.731551933198677,4,0.999459,0.000115,0.0,0.999459,0.0,0.000425,0.0,0.0
tetra_N2,2,0,1.6,40,28,19.453818320567887,4,0.998868,1e-06,0.0,0.998868,0.0,0.00113,0.0,0.0
tetra_N2,2,0,1.6,40,29,19.63767803238799,4,0.998863,2e-06,0.0,0.998863,0.0,0.001134,0.0,0.0
tetra_N2,2,0,1.6,40,30,19.919915638032602,4,0.999594,0.0,0.0,0.999594,0.0,0.000406,0.0,0.0
tetra_N2,2,0,1.6,40,31,19.94934416003192,4,0.998885,1.6e-05,0.0,0.998885,0.0,0.001099,0.0,0.0
tetra_N2,2,0,0.8,40,0,3.84968413765509,2,0.998917,0.998917,0.0,0.001083,0.0,0.0,0.0,0.0
tetra_N2,2,0,0.8,40,1,6.569495364161815,2,0.98667,0.98667,0.0,0.013326,0.0,3e-06,0.0,0.0
tetra_N2,2,0,0.8,40,2,8.87194231894152,2,0.982635,0.982635,0.0,0.017342,0.0,2.3e-05,0.0,0.0
tetra_N2,2,0,0.8,40,3,10.97173614257962,2,0.975666,0.975666,0.0,0.024302,0.0,3.2e-05,0.0,0.0
tetra_N2,2,0,0.8,40,4,12.893357806262971,2,0.971602,0.971602,0.0,0.028314,0.0,8.4e-05,0.0,0.0
tetra_N2,2,0,0.8,40,5,14.65054102309071,2,0.947384,0.947384,0.0,0.052525,0.0,9.1e-05,0.0,0.0
tetra_N2,2,0,0.8,40,6,15.206501396369635,4,0.987557,0.009628,0.0,0.987557,0.0,0.002815,0.0,0.0
tetra_N2,2,0,0.8,40,7,15.215925233276446,4,0.997308,0.0,0.0,0.997308,0.0,0.002692,0.0,0.0
tetra_N2,2,0,0.8,40,8,15.333564246284277,4,0.991032,0.006167,0.0,0.991032,0.0,0.002801,0.0,0.0
tetra_N2,2,0,0.8,40,9,15.465267329186956,4,0.982203,0.014874,0.0,0.982203,0.0,0.002923,0.0,0.0
tetra_N2,2,0,0.8,40,10,15.571344102719502,4,0.997401,0.0,0.0,0.997401,0.0,0.002599,0.0,0.0
tetra_N2,2,0,0.8,40,11,15.836874323243107,4,0.987086,0.010061,0.0,0.987086,0.0,0.002853,0.0,0.0
tetra_N2,2,0,0.8,40,12,15.94081877179914,4,0.99006,0.007412,0.0,0.99006,0.0,0.002528,0.0,0.0
tetra_N2,2,0,0.8,40,13,16.287402784820227,2,0.933176,0.933176,0.0,0.066486,0.0,0.000337,0.0,0.0
tetra_N2,2,0,0.8,40,14,16.327217378585537,4,0.997376,0.0,0.0,0.997376,0.0,0.002624,0.0,0.0
tetra_N2,2,0,0.8,40,15,16.70437015876187,4,0.971584,0.025681,0.0,0.971584,0.0,0.002735,0.0,0.0
tetra_N2,2,0,0.8,40,16,16.79128550987177,4,0.988645,0.008645,0.0,0.988645,0.0,0.00271,0.0,0.0
tetra_N2,2,0,0.8,40,17,17.588475926524644,4,0.997268,0.0,0.0,0.997268,0.0,0.002732,0.0,0.0
tetra_N2,2,0,0.8,40,18,17.753950838516943,2,0.896903,0.896903,0.0,0.102693,0.0,0.000403,0.0,0.0
tetra_N2,2,0,0.8,40,19,18.01340334281931,4,0.990259,0.006986,0.0,0.990259,0.0,0.002756,0.0,0.0
tetra_N2,2,0,0.8,40,20,18.167080544339427,4,0.926431,0.070779,0.0,0.926431,0.0,0.00279,0.0,0.0
tetra_N2,2,0,0.8,40,21,19.11646582580855,2,0.9515,0.9515,0.0,0.048185,0.0,0.000315,0.0,0.0
tetra_N2,2,0,0.8,40,22,19.566724470428724,4,0.997124,0.0,0.0,0.997124,0.0,0.002876,0.0,0.0
tetra_N2,2,0,0.8,40,23,19.981081064053335,4,0.983153,0.012616,0.0,0.983153,0.0,0.004232,0.0,0.0
tetra_N2,2,0,0.8,40,24,20.03480165158556,4,0.983063,0.001883,0.0,0.983063,0.0,0.015054,0.0,0.0
tetra_N2,2,0,0.8,40,25,20.151752826984932,4,0.797325,0.200311,0.0,0.797325,0.0,0.002364,0.0,0.0
tetra_N2,2,0,0.8,40,26,20.216282719752474,4,0.983502,0.001226,0.0,0.983502,0.0,0.015272,0.0,0.0
tetra_N2,2,0,0.8,40,27,20.385201169121977,2,0.76581,0.76581,0.0,0.233211,0.0,0.00098,0.0,0.0
tetra_N2,2,0,0.8,40,28,20.53895396500313,4,0.982534,0.001597,0.0,0.982534,0.0,0.015869,0.0,0.0
tetra_N2,2,0,0.8,40,29,20.9607300517973,4,0.982417,0.001631,0.0,0.982417,0.0,0.015952,0.0,0.0
tetra_N2,2,0,0.8,40,30,21.398916493759806,2,0.869922,0.869922,0.0,0.128473,0.0,0.001606,0.0,0.0
tetra_N2,2,0,0.8,40,31,21.55222131698626,4,0.898594,0.087581,0.0,0.898594,0.0,0.013825,0.0,0.0
tetra_N2,2,0,0.4,40,0,2.4369896517770426,2,0.995621,0.995621,0.0,0.004376,0.0,3e-06,0.0,0.0
tetra_N2,2,0,0.4,40,1,5.5456053570225405,2,0.845848,0.845848,0.0,0.153972,0.0,0.00018,0.0,0.0
tetra_N2,2,0,0.4,40,2,8.283295872979917,2,0.595454,0.595454,0.0,0.402701,0.0,0.001845,0.0,0.0
tetra_N2,2,0,0.4,40,3,9.258698198296868,4,0.932145,0.058758,0.0,0.932145,0.0,0.009097,0.0,0.0
tetra_N2,2,0,0.4,40,4,9.317695358157165,4,0.990363,0.0,0.0,0.990363,0.0,0.009637,0.0,0.0
tetra_N2,2,0,0.4,40,5,9.360643323012624,4,0.925482,0.065839,0.0,0.925482,0.0,0.008679,0.0,0.0
tetra_N2,2,0,0.4,40,6,9.379205889338092,4,0.977578,0.012243,0.0,0.977578,0.0,0.010179,0.0,0.0
tetra_N2,2,0,0.4,40,7,9.4990979336078,4,0.990795,0.0,0.0,0.990795,0.0,0.009205,0.0,0.0
tetra_N2,2,0,0.4,40,8,9.67550867237141,4,0.913986,0.077411,0.0,0.913986,0.0,0.008603,0.0,0.0
tetra_N2,2,0,0.4,40,9,9.69831163526138,4,0.956797,0.033297,0.0,0.956797,0.0,0.009906,0.0,0.0
tetra_N2,2,0,0.4,40,10,9.892819528501377,4,0.990737,0.0,0.0,0.990737,0.0,0.009263,0.0,0.0
tetra_N2,2,0,0.4,40,11,10.2324550884741,4,0.904108,0.086967,0.0,0.904108,0.0,0.008925,0.0,0.0
tetra_N2,2,0,0.4,40,12,10.26663273690409,4,0.933873,0.056665,0.0,0.933873,0.0,0.009462,0.0,0.0
tetra_N2,2,0,0.4,40,13,10.547429856484703,4,0.990688,0.0,0.0,0.990688,0.0,0.009312,0.0,0.0
tetra_N2,2,0,0.4,40,14,11.10673547316869,4,0.893595,0.097231,0.0,0.893595,0.0,0.009173,0.0,0.0
tetra_N2,2,0,0.4,40,15,11.1490759260241,4,0.908802,0.082252,0.0,0.908802,0.0,0.008946,0.0,0.0
tetra_N2,2,0,0.4,40,16,11.561233794643574,4,0.99086,0.0,0.0,0.99086,0.0,0.00914,0.0,0.0
tetra_N2,2,0,0.4,40,17,12.432164432639807,4,0.894313,0.097035,0.0,0.894313,0.0,0.008651,0.0,0.0
tetra_N2,2,0,0.4,40,18,12.46109835025827,4,0.880119,0.111466,0.0,0.880119,0.0,0.008415,0.0,0.0
tetra_N2,2,0,0.4,40,19,13.128757092707499,4,0.991355,0.0,0.0,0.991355,0.0,0.008645,0.0,0.0
tetra_N2,2,0,0.4,40,20,13.150229118404038,4,0.668508,0.31878,0.0,0.668508,0.0,0.012711,0.0,0.0
tetra_N2,2,0,0.4,40,21,13.617258945817394,4,0.608143,0.320757,0.0,0.608143,0.0,0.071101,0.0,0.0
tetra_N2,2,0,0.4,40,22,14.281819455171942,4,0.864802,0.119417,0.0,0.864802,0.0,0.015781,0.0,0.0
tetra_N2,2,0,0.4,40,23,14.455103896442917,4,0.831023,0.012008,0.0,0.831023,0.0,0.156969,0.0,0.0
tetra_N2,2,0,0.4,40,24,14.49085111895589,4,0.828383,0.160589,0.0,0.828383,0.0,0.011028,0.0,0.0
tetra_N2,2,0,0.4,40,25,14.542596475385707,4,0.832617,0.006232,0.0,0.832617,0.0,0.161151,0.0,0.0
tetra_N2,2,0,0.4,40,26,14.82520318990867,4,0.803892,0.047113,0.0,0.803892,0.0,0.148994,0.0,0.0
tetra_N2,2,0,0.4,40,27,15.052496022151745,4,0.82724,0.016139,0.0,0.82724,0.0,0.156621,0.0,0.0
tetra_N2,2,0,0.4,40,28,15.492864092377332,4,0.791141,0.06562,0.0,0.791141,0.0,0.143239,0.0,0.0
tetra_N2,2,0,0.4,40,29,15.662067665527125,4,0.992523,0.0,0.0,0.992523,0.0,0.007477,0.0,0.0
tetra_N2,2,0,0.4,40,30,15.909933735817205,4,0.550871,0.354803,0.0,0.550871,0.0,0.094326,0.0,0.0
tetra_N2,2,0,0.4,40,31,15.937771038368872,4,0.821306,0.057668,0.0,0.821306,0.0,0.121026,0.0,0.0
tetra_N2,2,0,0.1,40,0,0.27800335625643374,2,0.989143,0.989143,0.0,0.010829,0.0,2.7e-05,0.0,0.0
tetra_N2,2,0,0.1,40,1,0.7166654092920572,4,0.535252,0.463982,0.0,0.535252,0.0,0.000766,0.0,0.0
tetra_N2,2,0,0.1,40,2,0.9545197160365192,4,0.86416,0.126066,0.0,0.86416,0.0,0.009774,0.0,0.0
tetra_N2,2,0,0.1,40,3,0.9769203606714932,4,0.96731,0.012745,0.0,0.96731,0.0,0.019945,0.0,0.0
tetra_N2,2,0,0.1,40,4,0.9789938411249193,4,0.982904,0.0,0.0,0.982904,0.0,0.017096,0.0,0.0
tetra_N2,2,0,0.1,40,5,0.9877418852774402,4,0.963595,0.017765,0.0,0.963595,0.0,0.01864,0.0,0.0
tetra_N2,2,0,0.1,40,6,0.9888620000792615,4,0.956497,0.025238,0.0,0.956497,0.0,0.018265,0.0,0.0
tetra_N2,2,0,0.1,40,7,0.9930765651488281,4,0.983495,0.0,0.0,0.983495,0.0,0.016505,0.0,0.0
tetra_N2,2,0,0.1,40,8,1.0199214226493494,4,0.95388,0.028265,0.0,0.95388,0.0,0.017855,0.0,0.0
tetra_N2,2,0,0.1,40,9,1.0201714747831556,4,0.948983,0.034167,0.0,0.948983,0.0,0.01685,0.0,0.0
tetra_N2,2,0,0.1,40,10,1.0263584398876853,4,0.983484,0.0,0.0,0.983484,0.0,0.016516,0.0,0.0
tetra_N2,2,0,0.1,40,11,1.0734538679063674,4,0.941841,0.042219,0.0,0.941841,0.0,0.01594,0.0,0.0
tetra_N2,2,0,0.1,40,12,1.0744139686573944,4,0.948563,0.034308,0.0,0.948563,0.0,0.017129,0.0,0.0
tetra_N2,2,0,0.1,40,13,1.081505306111695,4,0.983777,0.0,0.0,0.983777,0.0,0.016223,0.0,0.0
tetra_N2,2,0,0.1,40,14,1.156267821535916,4,0.934715,0.050131,0.0,0.934715,0.0,0.015153,0.0,0.0
tetra_N2,2,0,0.1,40,15,1.1583062055069158,4,0.944615,0.03927,0.0,0.944615,0.0,0.016115,0.0,0.0
tetra_N2,2,0,0.1,40,16,1.166203640474327,4,0.984606,0.0,0.0,0.984606,0.0,0.015394,0.0,0.0
tetra_N2,2,0,0.1,40,17,1.2836115972102817,4,0.927427,0.058477,0.0,0.927427,0.0,0.014096,0.0,0.0
tetra_N2,2,0,0.1,40,18,1.2866341412606672,4,0.940912,0.044534,0.0,0.940912,0.0,0.014554,0.0,0.0
tetra_N2,2,0,0.1,40,19,1.2957406110009613,4,0.98617,0.0,0.0,0.98617,0.0,0.01383,0.0,0.0
tetra_N2,2,0,0.1,40,20,1.487331729605681,4,0.919725,0.068053,0.0,0.919725,0.0,0.012222,0.0,0.0
tetra_N2,2,0,0.1,40,21,1.4913142456631092,4,0.935987,0.051793,0.0,0.935987,0.0,0.012221,0.0,0.0
tetra_N2,2,0,0.1,40,22,1.5025101348149321,4,0.988873,0.0,0.0,0.988873,0.0,0.011127,0.0,0.0
tetra_N2,2,0,0.1,40,23,1.6077234865758383,4,0.535784,0.029764,0.0,0.535784,0.0,0.434452,0.0,0.0
tetra_N2,2,0,0.1,40,24,1.6489738009676884,6,0.521718,0.002372,0.0,0.47591,0.0,0.521718,0.0,0.0
tetra_N2,2,0,0.1,40,25,1.6678169952250366,6,0.511866,0.006664,0.0,0.481471,0.0,0.511866,0.0,0.0
tetra_N2,2,0,0.1,40,26,1.678081935220141,6,0.514931,0.004116,0.0,0.480953,0.0,0.514931,0.0,0.0
tetra_N2,2,0,0.1,40,27,1.7234587436930222,6,0.510253,0.006035,0.0,0.483712,0.0,0.510253,0.0,0.0
tetra_N2,2,0,0.1,40,28,1.7583873100654985,6,0.502118,0.007636,0.0,0.490246,0.0,0.502118,0.0,0.0
tetra_N2,2,0,0.1,40,29,1.8047867765236816,6,0.505199,0.007965,0.0,0.486835,0.0,0.505199,0.0,0.0
tetra_N2,2,0,0.1,40,30,1.8459156830872523,4,0.908864,0.081319,0.0,0.908864,0.0,0.009816,0.0,0.0
tetra_N2,2,0,0.1,40,31,1.8518943833618873,4,0.926836,0.058736,0.0,0.926836,0.0,0.014428,0.0,0.0
tetra_N2,2,0,1.6,44,0,4.285438050330778,2,0.999832,0.999832,0.0,0.000168,0.0,0.0,0.0,0.0
tetra_N2,2,0,1.6,44,1,5.630217399854762,2,0.999184,0.999184,0.0,0.000816,0.0,0.0,0.0,0.0
tetra_N2,2,0,1.6,44,2,6.625180960313525,2,0.999107,0.999107,0.0,0.000893,0.0,0.0,0.0,0.0
tetra_N2,2,0,1.6,44,3,7.522797402678746,2,0.998899,0.998899,0.0,0.001101,0.0,0.0,0.0,0.0
tetra_N2,2,0,1.6,44,4,8.306770283927474,2,0.998804,0.998804,0.0,0.001195,0.0,0.0,0.0,0.0
tetra_N2,2,0,1.6,44,5,9.024079429582457,2,0.998656,0.998656,0.0,0.001343,0.0,1e-06,0.0,0.0
tetra_N2,2,0,1.6,44,6,9.662649450727871,2,0.998558,0.998558,0.0,0.001441,0.0,1e-06,0.0,0.0
tetra_N2,2,0,1.6,44,7,10.241764196473266,2,0.998434,0.998434,0.0,0.001566,0.0,1e-06,0.0,0.0
tetra_N2,2,0,1.6,44,8,10.752466018690555,2,0.998336,0.998336,0.0,0.001663,0.0,1e-06,0.0,0.0
tetra_N2,2,0,1.6,44,9,11.203085122612412,2,0.998225,0.998225,0.0,0.001774,0.0,1e-06,0.0,0.0
tetra_N2,2,0,1.6,44,10,11.584773740885685,2,0.99813,0.99813,0.0,0.001869,0.0,1e-06,0.0,0.0
tetra_N2,2,0,1.6,44,11,11.88218679628611,2,0.998,0.998,0.0,0.001999,0.0,1e-06,0.0,0.0
tetra_N2,2,0,1.6,44,12,12.189853974829733,2,0.998016,0.998016,0.0,0.001983,0.0,1e-06,0.0,0.0
tetra_N2,2,0,1.6,44,13,12.234733933899024,2,0.997939,0.997939,0.0,0.002059,0.0,1e-06,0.0,0.0
tetra_N2,2,0,1.6,44,14,13.00585919474953,2,0.998111,0.998111,0.0,0.001888,0.0,1e-06,0.0,0.0
tetra_N2,2,0,1.6,44,15,13.007248373729366,2,0.998105,0.998105,0.0,0.001894,0.0,1e-06,0.0,0.0
tetra_N2,2,0,1.6,44,16,14.729685676952352,2,0.998252,0.998252,0.0,0.001747,0.0,1e-06,0.0,0.0
tetra_N2,2,0,1.6,44,17,14.731841176791624,2,0.998243,0.998243,0.0,0.001756,0.0,1e-06,0.0,0.0
tetra_N2,2,0,1.6,44,18,17.012485657431785,4,0.999518,8.4e-05,0.0,0.999518,0.0,0.000398,0.0,0.0
tetra_N2,2,0,1.6,44,19,17.06922845318536,4,0.999603,0.0,0.0,0.999603,0.0,0.000397,0.0,0.0
tetra_N2,2,0,1.6,44,20,17.15792645543003,4,0.999503,0.000107,0.0,0.999503,0.0,0.00039,0.0,0.0
tetra_N2,2,0,1.6,44,21,17.16835705676122,4,0.999586,1e-05,0.0,0.999586,0.0,0.000404,0.0,0.0
tetra_N2,2,0,1.6,44,22,17.4220886400428,4,0.999613,0.0,0.0,0.999613,0.0,0.000387,0.0,0.0
tetra_N2,2,0,1.6,44,23,17.60602137626616,4,0.999556,3.3e-05,0.0,0.999556,0.0,0.000411,0.0,0.0
tetra_N2,2,0,1.6,44,24,17.625938687554815,4,0.999518,0.000104,0.0,0.999518,0.0,0.000379,0.0,0.0
tetra_N2,2,0,1.6,44,25,18.157944024184083,4,0.999623,0.0,0.0,0.999623,0.0,0.000377,0.0,0.0
tetra_N2,2,0,1.6,44,26,18.373562453285142,4,0.999538,5.9e-05,0.0,0.999538,0.0,0.000404,0.0,0.0
tetra_N2,2,0,1.6,44,27,18.43548891643704,4,0.999494,0.000107,0.0,0.999494,0.0,0.000399,0.0,0.0
tetra_N2,2,0,1.6,44,28,19.163169151243096,2,0.998464,0.998464,0.0,0.001535,0.0,1e-06,0.0,0.0
tetra_N2,2,0,1.6,44,29,19.166658423770254,2,0.998432,0.998432,0.0,0.001567,0.0,1e-06,0.0,0.0
tetra_N2,2,0,1.6,44,30,19.34719395710679,4,0.999615,0.0,0.0,0.999615,0.0,0.000385,0.0,0.0
tetra_N2,2,0,1.6,44,31,19.50159499511856,4,0.998945,6e-06,0.0,0.998945,0.0,0.001049,0.0,0.0
tetra_N2,2,0,0.8,44,0,3.855078495087903,2,0.998941,0.998941,0.0,0.001059,0.0,0.0,0.0,0.0
tetra_N2,2,0,0.8,44,1,6.592276150321039,2,0.986799,0.986799,0.0,0.013198,0.0,3e-06,0.0,0.0
tetra_N2,2,0,0.8,44,2,8.923952429098549,2,0.982844,0.982844,0.0,0.017134,0.0,2.2e-05,0.0,0.0
tetra_N2,2,0,0.8,44,3,11.064422234492694,2,0.975826,0.975826,0.0,0.024144,0.0,3.1e-05,0.0,0.0
tetra_N2,2,0,0.8,44,4,13.038142076989967,2,0.971573,0.971573,0.0,0.028346,0.0,8e-05,0.0,0.0
tetra_N2,2,0,0.8,44,5,14.85391398406776,2,0.932216,0.932216,0.0,0.067683,0.0,0.000101,0.0,0.0
tetra_N2,2,0,0.8,44,6,15.242637992699883,4,0.983242,0.014089,0.0,0.983242,0.0,0.002669,0.0,0.0
tetra_N2,2,0,0.8,44,7,15.247962472286538,4,0.997408,0.0,0.0,0.997408,0.0,0.002592,0.0,0.0
tetra_N2,2,0,0.8,44,8,15.345617967436032,4,0.993513,0.003807,0.0,0.993513,0.0,0.00268,0.0,0.0
tetra_N2,2,0,0.8,44,9,15.465264701685808,4,0.973699,0.023485,0.0,0.973699,0.0,0.002816,0.0,0.0
tetra_N2,2,0,0.8,44,10,15.53750195204936,4,0.997488,0.0,0.0,0.997488,0.0,0.002512,0.0,0.0
tetra_N2,2,0,0.8,44,11,15.759535547451394,4,0.990252,0.007004,0.0,0.990252,0.0,0.002743,0.0,0.0
tetra_N2,2,0,0.8,44,12,15.85948462222243,4,0.991696,0.005818,0.0,0.991696,0.0,0.002486,0.0,0.0
tetra_N2,2,0,0.8,44,13,16.146551250864242,4,0.997491,0.0,0.0,0.997491,0.0,0.002509,0.0,0.0
tetra_N2,2,0,0.8,44,14,16.454036820027802,4,0.934021,0.063396,0.0,0.934021,0.0,0.002582,0.0,0.0
tetra_N2,2,0,0.8,44,15,16.547007721391225,4,0.987354,0.010126,0.0,0.987354,0.0,0.00252,0.0,0.0
tetra_N2,2,0,0.8,44,16,16.582546351992114,2,0.892668,0.892668,0.0,0.10696,0.0,0.000372,0.0,0.0
tetra_N2,2,0,0.8,44,17,17.142903272249686,4,0.997415,0.0,0.0,0.997415,0.0,0.002585,0.0,0.0
tetra_N2,2,0,0.8,44,18,17.52384926946867,4,0.984153,0.013215,0.0,0.984153,0.0,0.002632,0.0,0.0
tetra_N2,2,0,0.8,44,19,17.609990757616224,4,0.981336,0.01593,0.0,0.981336,0.0,0.002734,0.0,0.0
tetra_N2,2,0,0.8,44,20,18.150663567907362,2,0.942467,0.942467,0.0,0.057264,0.0,0.000269,0.0,0.0
tetra_N2,2,0,0.8,44,21,18.655580143281266,4,0.997314,0.0,0.0,0.997314,0.0,0.002686,0.0,0.0
tetra_N2,2,0,0.8,44,22,19.03728160784138,4,0.977158,0.020199,0.0,0.977158,0.0,0.002643,0.0,0.0
tetra_N2,2,0,0.8,44,23,19.21116808438009,4,0.981357,0.015794,0.0,0.981357,0.0,0.002849,0.0,0.0
tetra_N2,2,0,0.8,44,24,19.600906895098024,2,0.938446,0.938446,0.0,0.061124,0.0,0.00043,0.0,0.0
tetra_N2,2,0,0.8,44,25,20.116488716089936,4,0.982622,0.001835,0.0,0.982622,0.0,0.015543,0.0,0.0
tetra_N2,2,0,0.8,44,26,20.267211515610175,4,0.979292,0.005653,0.0,0.979292,0.0,0.015056,0.0,0.0
tetra_N2,2,0,0.8,44,27,20.528311784892477,4,0.982355,0.00168,0.0,0.982355,0.0,0.015965,0.0,0.0
tetra_N2,2,0,0.8,44,28,20.852153559312836,4,0.983604,0.001945,0.0,0.983604,0.0,0.014451,0.0,0.0
tetra_N2,2,0,0.8,44,29,20.908480477429304,2,0.939529,0.939529,0.0,0.060146,0.0,0.000325,0.0,0.0
tetra_N2,2,0,0.8,44,30,20.92776517598415,4,0.997163,0.0,0.0,0.997163,0.0,0.002837,0.0,0.0
tetra_N2,2,0,0.8,44,31,21.256727129320183,4,0.983838,0.008582,0.0,0.983838,0.0,0.00758,0.0,0.0
tetra_N2,2,0,0.4,44,0,2.4488637356035885,2,0.995703,0.995703,0.0,0.004293,0.0,3e-06,0.0,0.0
tetra_N2,2,0,0.4,44,1,5.592695929668535,2,0.847227,0.847227,0.0,0.152587,0.0,0.000186,0.0,0.0
tetra_N2,2,0,0.4,44,2,8.375950178842244,2,0.594273,0.594273,0.0,0.40389,0.0,0.001838,0.0,0.0
tetra_N2,2,0,0.4,44,3,9.34277489417701,4,0.943725,0.047101,0.0,0.943725,0.0,0.009174,0.0,0.0
tetra_N2,2,0,0.4,44,4,9.389285887592253,4,0.990489,0.0,0.0,0.990489,0.0,0.009511,0.0,0.0
tetra_N2,2,0,0.4,44,5,9.42728641120549,4,0.932794,0.058519,0.0,0.932794,0.0,0.008686,0.0,0.0
tetra_N2,2,0,0.4,44,6,9.43966245506396,4,0.980773,0.009262,0.0,0.980773,0.0,0.009965,0.0,0.0
tetra_N2,2,0,0.4,44,7,9.539613081338851,4,0.990889,0.0,0.0,0.990889,0.0,0.009111,0.0,0.0
tetra_N2,2,0,0.4,44,8,9.686089878067321,4,0.92335,0.06813,0.0,0.92335,0.0,0.00852,0.0,0.0
tetra_N2,2,0,0.4,44,9,9.701043670156269,4,0.96432,0.025868,0.0,0.96432,0.0,0.009812,0.0,0.0
tetra_N2,2,0,0.4,44,10,9.86238928292488,4,0.990869,0.0,0.0,0.990869,0.0,0.009131,0.0,0.0
tetra_N2,2,0,0.4,44,11,10.137437482185408,4,0.915516,0.075731,0.0,0.915516,0.0,0.008754,0.0,0.0
tetra_N2,2,0,0.4,44,12,10.161917781378701,4,0.945807,0.044682,0.0,0.945807,0.0,0.009511,0.0,0.0
tetra_N2,2,0,0.4,44,13,10.389789080933998,4,0.990777,0.0,0.0,0.990777,0.0,0.009223,0.0,0.0
tetra_N2,2,0,0.4,44,14,10.830172720693652,4,0.907258,0.08369,0.0,0.907258,0.0,0.009052,0.0,0.0
tetra_N2,2,0,0.4,44,15,10.863975855190018,4,0.926018,0.064829,0.0,0.926018,0.0,0.009153,0.0,0.0
tetra_N2,2,0,0.4,44,16,11.18371094023139,4,0.990799,0.0,0.0,0.990799,0.0,0.009201,0.0,0.0
tetra_N2,2,0,0.4,44,17,11.849905249723149,4,0.901021,0.089866,0.0,0.901021,0.0,0.009112,0.0,0.0
tetra_N2,2,0,0.4,44,18,11.88342278954616,4,0.903586,0.087657,0.0,0.903586,0.0,0.008757,0.0,0.0
tetra_N2,2,0,0.4,44,19,12.358317515547203,4,0.990994,0.0,0.0,0.990994,0.0,0.009006,0.0,0.0
tetra_N2,2,0,0.4,44,20,13.171492713965005,4,0.827416,0.164648,0.0,0.827416,0.0,0.007936,0.0,0.0
tetra_N2,2,0,0.4,44,21,13.323029647954858,4,0.884251,0.10736,0.0,0.884251,0.0,0.008389,0.0,0.0
tetra_N2,2,0,0.4,44,22,13.433836608706597,4,0.713527,0.273086,0.0,0.713527,0.0,0.013387,0.0,0.0
tetra_N2,2,0,0.4,44,23,13.826330242083788,4,0.601605,0.327245,0.0,0.601605,0.0,0.071149,0.0,0.0
tetra_N2,2,0,0.4,44,24,14.131901683172078,4,0.991439,0.0,0.0,0.991439,0.0,0.008561,0.0,0.0
tetra_N2,2,0,0.4,44,25,14.61423305411258,4,0.837813,0.00502,0.0,0.837813,0.0,0.157168,0.0,0.0
tetra_N2,2,0,0.4,44,26,14.701314593867476,4,0.832243,0.008403,0.0,0.832243,0.0,0.159354,0.0,0.0
tetra_N2,2,0,0.4,44,27,14.887354942432276,4,0.830689,0.036128,0.0,0.830689,0.0,0.133183,0.0,0.0
tetra_N2,2,0,0.4,44,28,15.088060494667973,4,0.846364,0.030485,0.0,0.846364,0.0,0.123152,0.0,0.0
tetra_N2,2,0,0.4,44,29,15.168789906793306,4,0.856944,0.057048,0.0,0.856944,0.0,0.086009,0.0,0.0
tetra_N2,2,0,0.4,44,30,15.53124945093214,4,0.84296,0.140617,0.0,0.84296,0.0,0.016423,0.0,0.0
tetra_N2,2,0,0.4,44,31,15.594500136036347,4,0.792876,0.079882,0.0,0.792876,0.0,0.127242,0.0,0.0
tetra_N2,2,0,0.1,44,0,0.2822427818473951,2,0.98907,0.98907,0.0,0.010902,0.0,2.9e-05,0.0,0.0
tetra_N2,2,0,0.1,44,1,0.730380408319659,4,0.535568,0.463621,0.0,0.535568,0.0,0.000811,0.0,0.0
tetra_N2,2,0,0.1,44,2,0.9736072635111426,4,0.865899,0.123991,0.0,0.865899,0.0,0.010109,0.0,0.0
tetra_N2,2,0,0.1,44,3,0.9958464513714796,4,0.968759,0.010989,0.0,0.968759,0.0,0.020252,0.0,0.0
tetra_N2,2,0,0.1,44,4,0.9976577149870657,4,0.982319,0.0,0.0,0.982319,0.0,0.017681,0.0,0.0
tetra_N2,2,0,0.1,44,5,1.0046528114186952,4,0.966317,0.014575,0.0,0.966317,0.0,0.019108,0.0,0.0
tetra_N2,2,0,0.1,44,6,1.0057648962424974,4,0.959837,0.021214,0.0,0.959837,0.0,0.018949,0.0,0.0
tetra_N2,2,0,0.1,44,7,1.0092576970222393,4,0.982901,0.0,0.0,0.982901,0.0,0.017099,0.0,0.0
tetra_N2,2,0,0.1,44,8,1.0311833869873632,4,0.957552,0.024005,0.0,0.957552,0.0,0.018443,0.0,0.0
tetra_N2,2,0,0.1,44,9,1.0317262552236313,4,0.953448,0.028881,0.0,0.953448,0.0,0.017671,0.0,0.0
tetra_N2,2,0,0.1,44,10,1.0368487114171288,4,0.982882,0.0,0.0,0.982882,0.0,0.017118,0.0,0.0
tetra_N2,2,0,0.1,44,11,1.0752033529187952,4,0.947509,0.035669,0.0,0.947509,0.0,0.016822,0.0,0.0
tetra_N2,2,0,0.1,44,12,1.0756744623109462,4,0.952654,0.029453,0.0,0.952654,0.0,0.017893,0.0,0.0
tetra_N2,2,0,0.1,44,13,1.081881355199852,4,0.983019,0.0,0.0,0.983019,0.0,0.016981,0.0,0.0
tetra_N2,2,0,0.1,44,14,1.1409991907808141,4,0.941644,0.042183,0.0,0.941644,0.0,0.016172,0.0,0.0
tetra_N2,2,0,0.1,44,15,1.1424130116217126,4,0.949187,0.033622,0.0,0.949187,0.0,0.017191,0.0,0.0
tetra_N2,2,0,0.1,44,16,1.14920170288856,4,0.983504,0.0,0.0,0.983504,0.0,0.016496,0.0,0.0
tetra_N2,2,0,0.1,44,17,1.2379999228728273,4,0.935724,0.048819,0.0,0.935724,0.0,0.015458,0.0,0.0
tetra_N2,2,0,0.1,44,18,1.240255120020447,4,0.946156,0.037674,0.0,0.946156,0.0,0.01617,0.0,0.0
tetra_N2,2,0,0.1,44,19,1.247847927797816,4,0.98446,0.0,0.0,0.98446,0.0,0.01554,0.0,0.0
tetra_N2,2,0,0.1,44,20,1.3831500285427498,4,0.92962,0.055997,0.0,0.92962,0.0,0.014383,0.0,0.0
tetra_N2,2,0,0.1,44,21,1.3862175907008492,4,0.943034,0.042351,0.0,0.943034,0.0,0.014615,0.0,0.0
tetra_N2,2,0,0.1,44,22,1.3950292156128128,4,0.986067,0.0,0.0,0.986067,0.0,0.013933,0.0,0.0
tetra_N2,2,0,0.1,44,23,1.6119024512964562,4,0.92313,0.064417,0.0,0.92313,0.0,0.012453,0.0,0.0
tetra_N2,2,0,0.1,44,24,1.6153334926342757,4,0.929528,0.051827,0.0,0.929528,0.0,0.018645,0.0,0.0
tetra_N2,2,0,0.1,44,25,1.6267213801024867,4,0.988734,0.0,0.0,0.988734,0.0,0.011266,0.0,0.0
tetra_N2,2,0,0.1,44,26,1.6471582344894216,4,0.542986,0.026057,0.0,0.542986,0.0,0.430957,0.0,0.0
tetra_N2,2,0,0.1,44,27,1.6893437306475805,6,0.523134,0.002453,0.0,0.474413,0.0,0.523134,0.0,0.0
tetra_N2,2,0,0.1,44,28,1.7008731237840746,6,0.517087,0.003547,0.0,0.479366,0.0,0.517087,0.0,0.0
tetra_N2,2,0,0.1,44,29,1.7142666998100748,6,0.518423,0.005063,0.0,0.476514,0.0,0.518423,0.0,0.0
tetra_N2,2,0,0.1,44,30,1.7541200647410877,6,0.506008,0.006485,0.0,0.487507,0.0,0.506008,0.0,0.0
tetra_N2,2,0,0.1,44,31,1.7669424331965777,6,0.519374,0.003441,0.0,0.477184,0.0,0.519374,0.0,0.0
tetra_N2,2,0,1.6,48,0,4.287818801423067,2,0.999834,0.999834,0.0,0.000166,0.0,0.0,0.0,0.0
tetra_N2,2,0,1.6,48,1,5.640466128205384,2,0.999189,0.999189,0.0,0.000811,0.0,0.0,0.0,0.0
tetra_N2,2,0,1.6,48,2,6.647873091388345,2,0.999119,0.999119,0.0,0.000881,0.0,0.0,0.0,0.0
tetra_N2,2,0,1.6,48,3,7.562422714631942,2,0.998917,0.998917,0.0,0.001083,0.0,0.0,0.0,0.0
tetra_N2,2,0,1.6,48,4,8.367662058469236,2,0.99883,0.99883,0.0,0.00117,0.0,0.0,0.0,0.0
tetra_N2,2,0,1.6,48,5,9.110961322054028,2,0.998689,0.998689,0.0,0.001311,0.0,0.0,0.0,0.0
tetra_N2,2,0,1.6,48,6,9.780324677487599,2,0.998599,0.998599,0.0,0.001401,0.0,1e-06,0.0,0.0
tetra_N2,2,0,1.6,48,7,10.395755473519426,2,0.998481,0.998481,0.0,0.001518,0.0,1e-06,0.0,0.0
tetra_N2,2,0,1.6,48,8,10.948789369083462,2,0.998392,0.998392,0.0,0.001607,0.0,1e-06,0.0,0.0
tetra_N2,2,0,1.6,48,9,11.449370363901844,2,0.998287,0.998287,0.0,0.001712,0.0,1e-06,0.0,0.0
tetra_N2,2,0,1.6,48,10,11.89038652659004,2,0.9982,0.9982,0.0,0.001799,0.0,1e-06,0.0,0.0
tetra_N2,2,0,1.6,48,11,12.275143508358124,2,0.998103,0.998103,0.0,0.001896,0.0,1e-06,0.0,0.0
tetra_N2,2,0,1.6,48,12,12.597246589341914,2,0.998023,0.998023,0.0,0.001976,0.0,1e-06,0.0,0.0
tetra_N2,2,0,1.6,48,13,12.809315767743572,2,0.997888,0.997888,0.0,0.00211,0.0,2e-06,0.0,0.0
tetra_N2,2,0,1.6,48,14,13.159199676782862,2,0.997982,0.997982,0.0,0.002017,0.0,1e-06,0.0,0.0
tetra_N2,2,0,1.6,48,15,13.171784179380246,2,0.997953,0.997953,0.0,0.002046,0.0,1e-06,0.0,0.0
tetra_N2,2,0,1.6,48,16,14.071881940603244,2,0.998094,0.998094,0.0,0.001905,0.0,1e-06,0.0,0.0
tetra_N2,2,0,1.6,48,17,14.073094136204572,2,0.998089,0.998089,0.0,0.00191,0.0,1e-06,0.0,0.0
tetra_N2,2,0,1.6,48,18,15.97208402993375,2,0.998233,0.998233,0.0,0.001766,0.0,1e-06,0.0,0.0
tetra_N2,2,0,1.6,48,19,15.9740306226829,2,0.998223,0.998223,0.0,0.001776,0.0,1e-06,0.0,0.0
tetra_N2,2,0,1.6,48,20,17.03233938769892,4,0.999532,8.2e-05,0.0,0.999532,0.0,0.000386,0.0,0.0
tetra_N2,2,0,1.6,48,21,17.081203196159183,4,0.999614,0.0,0.0,0.999614,0.0,0.000386,0.0,0.0
tetra_N2,2,0,1.6,48,22,17.15334485409678,4,0.999522,9.8e-05,0.0,0.999522,0.0,0.00038,0.0,0.0
tetra_N2,2,0,1.6,48,23,17.1650727351805,4,0.999602,7e-06,0.0,0.999602,0.0,0.000391,0.0,0.0
tetra_N2,2,0,1.6,48,24,17.37202104070603,4,0.999622,0.0,0.0,0.999622,0.0,0.000378,0.0,0.0
tetra_N2,2,0,1.6,48,25,17.531650197764723,4,0.999576,2.6e-05,0.0,0.999576,0.0,0.000397,0.0,0.0
tetra_N2,2,0,1.6,48,26,17.543720320295108,4,0.999537,9.5e-05,0.0,0.999537,0.0,0.000368,0.0,0.0
tetra_N2,2,0,1.6,48,27,17.974870219693273,4,0.999632,0.0,0.0,0.999632,0.0,0.000368,0.0,0.0
tetra_N2,2,0,1.6,48,28,18.169224122445364,4,0.999559,4.8e-05,0.0,0.999559,0.0,0.000393,0.0,0.0
tetra_N2,2,0,1.6,48,29,18.21583270732215,4,0.999526,9.4e-05,0.0,0.999526,0.0,0.00038,0.0,0.0
tetra_N2,2,0,1.6,48,30,18.93757938192458,4,0.99963,0.0,0.0,0.99963,0.0,0.00037,0.0,0.0
tetra_N2,2,0,1.6,48,31,19.130962518242505,4,0.999549,6.2e-05,0.0,0.999549,0.0,0.000389,0.0,0.0
tetra_N2,2,0,0.8,48,0,3.8596120500508455,2,0.998961,0.998961,0.0,0.001039,0.0,0.0,0.0,0.0
tetra_N2,2,0,0.8,48,1,6.611350584107024,2,0.986904,0.986904,0.0,0.013093,0.0,3e-06,0.0,0.0
tetra_N2,2,0,0.8,48,2,8.967419468313588,2,0.983013,0.983013,0.0,0.016965,0.0,2.2e-05,0.0,0.0
tetra_N2,2,0,0.8,48,3,11.141780666486639,2,0.975946,0.975946,0.0,0.024025,0.0,2.9e-05,0.0,0.0
tetra_N2,2,0,0.8,48,4,13.158829741012562,2,0.971497,0.971497,0.0,0.028425,0.0,7.8e-05,0.0,0.0
tetra_N2,2,0,0.8,48,5,15.020081307831472,2,0.902075,0.902075,0.0,0.097784,0.0,0.000141,0.0,0.0
tetra_N2,2,0,0.8,48,6,15.27400730670345,4,0.973142,0.024322,0.0,0.973142,0.0,0.002536,0.0,0.0
tetra_N2,2,0,0.8,48,7,15.275697282586101,4,0.997492,0.0,0.0,0.997492,0.0,0.002508,0.0,0.0
tetra_N2,2,0,0.8,48,8,15.357900723713886,4,0.994735,0.002688,0.0,0.994735,0.0,0.002577,0.0,0.0
tetra_N2,2,0,0.8,48,9,15.469113523735288,4,0.956951,0.040354,0.0,0.956951,0.0,0.002695,0.0,0.0
tetra_N2,2,0,0.8,48,10,15.516193098668968,4,0.997559,0.0,0.0,0.997559,0.0,0.002441,0.0,0.0
tetra_N2,2,0,0.8,48,11,15.704209004882566,4,0.991692,0.005667,0.0,0.991692,0.0,0.002641,0.0,0.0
tetra_N2,2,0,0.8,48,12,15.800832968230992,4,0.991959,0.005575,0.0,0.991959,0.0,0.002466,0.0,0.0
tetra_N2,2,0,0.8,48,13,16.017904202362587,4,0.997578,0.0,0.0,0.997578,0.0,0.002422,0.0,0.0
tetra_N2,2,0,0.8,48,14,16.29110019283176,4,0.993888,0.003475,0.0,0.993888,0.0,0.002637,0.0,0.0
tetra_N2,2,0,0.8,48,15,16.368310324951267,4,0.987348,0.010263,0.0,0.987348,0.0,0.00239,0.0,0.0
tetra_N2,2,0,0.8,48,16,16.79859523003048,2,0.914757,0.914757,0.0,0.084943,0.0,0.0003,0.0,0.0
tetra_N2,2,0,0.8,48,17,16.826745949330814,4,0.997528,0.0,0.0,0.997528,0.0,0.002472,0.0,0.0
tetra_N2,2,0,0.8,48,18,17.17258748219568,4,0.946859,0.050671,0.0,0.946859,0.0,0.00247,0.0,0.0
tetra_N2,2,0,0.8,48,19,17.240644964013356,4,0.990437,0.006963,0.0,0.990437,0.0,0.0026,0.0,0.0
tetra_N2,2,0,0.8,48,20,18.02643148661855,4,0.99745,0.0,0.0,0.99745,0.0,0.00255,0.0,0.0
tetra_N2,2,0,0.8,48,21,18.373077344843654,2,0.561914,0.561914,0.0,0.436925,0.0,0.001161,0.0,0.0
tetra_N2,2,0,0.8,48,22,18.385561108781122,4,0.991357,0.006085,0.0,0.991357,0.0,0.002559,0.0,0.0
tetra_N2,2,0,0.8,48,23,18.589441993932624,4,0.593045,0.405173,0.0,0.593045,0.0,0.001782,0.0,0.0
tetra_N2,2,0,0.8,48,24,19.765375799252027,4,0.997353,0.0,0.0,0.997353,0.0,0.002647,0.0,0.0
tetra_N2,2,0,0.8,48,25,19.941844389753776,2,0.762848,0.762848,0.0,0.23616,0.0,0.000992,0.0,0.0
tetra_N2,2,0,0.8,48,26,20.149577789906296,4,0.816651,0.180695,0.0,0.816651,0.0,0.002655,0.0,0.0
tetra_N2,2,0,0.8,48,27,20.188881839382045,4,0.981073,0.003852,0.0,0.981073,0.0,0.015076,0.0,0.0
tetra_N2,2,0,0.8,48,28,20.291138491005686,4,0.986757,0.010512,0.0,0.986757,0.0,0.002731,0.0,0.0
tetra_N2,2,0,0.8,48,29,20.32536970307727,4,0.968471,0.016862,0.0,0.968471,0.0,0.014667,0.0,0.0
tetra_N2,2,0,0.8,48,30,20.528773954654255,4,0.983381,0.001078,0.0,0.983381,0.0,0.015541,0.0,0.0
tetra_N2,2,0,0.8,48,31,20.82128975153084,4,0.983131,0.002442,0.0,0.983131,0.0,0.014427,0.0,0.0
tetra_N2,2,0,0.4,48,0,2.4590690649623346,2,0.995775,0.995775,0.0,0.004221,0.0,3e-06,0.0,0.0
tetra_N2,2,0,0.4,48,1,5.633124593687406,2,0.848437,0.848437,0.0,0.151372,0.0,0.000191,0.0,0.0
tetra_N2,2,0,0.4,48,2,8.455520327387882,2,0.593322,0.593322,0.0,0.40485,0.0,0.001828,0.0,0.0
tetra_N2,2,0,0.4,48,3,9.413870237810901,4,0.95283,0.037986,0.0,0.95283,0.0,0.009184,0.0,0.0
tetra_N2,2,0,0.4,48,4,9.45118867573527,4,0.990621,0.0,0.0,0.990621,0.0,0.009379,0.0,0.0
tetra_N2,2,0,0.4,48,5,9.485350877154268,4,0.939032,0.052281,0.0,0.939032,0.0,0.008687,0.0,0.0
tetra_N2,2,0,0.4,48,6,9.493194579967607,4,0.983057,0.007185,0.0,0.983057,0.0,0.009758,0.0,0.0
tetra_N2,2,0,0.4,48,7,9.577896059508745,4,0.990984,0.0,0.0,0.990984,0.0,0.009016,0.0,0.0
tetra_N2,2,0,0.4,48,8,9.70205727407279,4,0.930882,0.060661,0.0,0.930882,0.0,0.008457,0.0,0.0
tetra_N2,2,0,0.4,48,9,9.711237756046675,4,0.969799,0.020521,0.0,0.969799,0.0,0.00968,0.0,0.0
tetra_N2,2,0,0.4,48,10,9.847641903697935,4,0.991,0.0,0.0,0.991,0.0,0.009,0.0,0.0
tetra_N2,2,0,0.4,48,11,10.075874679940632,4,0.924383,0.067017,0.0,0.924383,0.0,0.0086,0.0,0.0
tetra_N2,2,0,0.4,48,12,10.092895947673625,4,0.954551,0.035974,0.0,0.954551,0.0,0.009474,0.0,0.0
tetra_N2,2,0,0.4,48,13,10.282688569158896,4,0.990906,0.0,0.0,0.990906,0.0,0.009094,0.0,0.0
tetra_N2,2,0,0.4,48,14,10.640052628316951,4,0.917741,0.073383,0.0,0.917741,0.0,0.008876,0.0,0.0
tetra_N2,2,0,0.4,48,15,10.666035732175892,4,0.938404,0.052378,0.0,0.938404,0.0,0.009218,0.0,0.0
tetra_N2,2,0,0.4,48,16,10.924186042833103,4,0.990859,0.0,0.0,0.990859,0.0,0.009141,0.0,0.0
tetra_N2,2,0,0.4,48,17,11.451007503913088,4,0.911506,0.079414,0.0,0.911506,0.0,0.009079,0.0,0.0
tetra_N2,2,0,0.4,48,18,11.481716131334352,4,0.920593,0.070473,0.0,0.920593,0.0,0.008935,0.0,0.0
tetra_N2,2,0,0.4,48,19,11.844152192743964,4,0.990917,0.0,0.0,0.990917,0.0,0.009083,0.0,0.0
tetra_N2,2,0,0.4,48,20,12.595472022869556,4,0.916657,0.074618,0.0,0.916657,0.0,0.008724,0.0,0.0
tetra_N2,2,0,0.4,48,21,12.617517241354609,4,0.900852,0.09051,0.0,0.900852,0.0,0.008638,0.0,0.0
tetra_N2,2,0,0.4,48,22,13.170422414327899,4,0.991102,0.0,0.0,0.991102,0.0,0.008898,0.0,0.0
tetra_N2,2,0,0.4,48,23,13.326974514870944,4,0.676701,0.312532,0.0,0.676701,0.0,0.010767,0.0,0.0
tetra_N2,2,0,0.4,48,24,13.986650642465486,4,0.663395,0.277249,0.0,0.663395,0.0,0.059357,0.0,0.0
tetra_N2,2,0,0.4,48,25,14.160020621402346,4,0.826753,0.151391,0.0,0.826753,0.0,0.021856,0.0,0.0
tetra_N2,2,0,0.4,48,26,14.284517680468225,4,0.837272,0.151744,0.0,0.837272,0.0,0.010984,0.0,0.0
tetra_N2,2,0,0.4,48,27,14.754455344825416,4,0.84115,0.001652,0.0,0.84115,0.0,0.157198,0.0,0.0
tetra_N2,2,0,0.4,48,28,14.850144534178977,4,0.830317,0.014939,0.0,0.830317,0.0,0.154743,0.0,0.0
tetra_N2,2,0,0.4,48,29,14.972284616390077,4,0.836468,0.009035,0.0,0.836468,0.0,0.154497,0.0,0.0
tetra_N2,2,0,0.4,48,30,15.143637000578579,4,0.991488,0.0,0.0,0.991488,0.0,0.008512,0.0,0.0
tetra_N2,2,0,0.4,48,31,15.215392964054942,4,0.81809,0.032044,0.0,0.81809,0.0,0.149867,0.0,0.0
tetra_N2,2,0,0.1,48,0,0.286074879082346,2,0.98901,0.98901,0.0,0.01096,0.0,3e-05,0.0,0.0
tetra_N2,2,0,0.1,48,1,0.7427842907768619,4,0.5358,0.46335,0.0,0.5358,0.0,0.000851,0.0,0.0
tetra_N2,2,0,0.1,48,2,0.9908537118272047,4,0.867396,0.122213,0.0,0.867396,0.0,0.010391,0.0,0.0
tetra_N2,2,0,0.1,48,3,1.0129297656388163,4,0.969863,0.009652,0.0,0.969863,0.0,0.020485,0.0,0.0
tetra_N2,2,0,0.1,48,4,1.0145418765239327,4,0.981853,0.0,0.0,0.981853,0.0,0.018147,0.0,0.0
tetra_N2,2,0,0.1,48,5,1.0202367634248874,4,0.968371,0.012162,0.0,0.968371,0.0,0.019467,0.0,0.0
tetra_N2,2,0,0.1,48,6,1.0213060543936845,4,0.962457,0.018072,0.0,0.962457,0.0,0.019472,0.0,0.0
tetra_N2,2,0,0.1,48,7,1.0242541068036588,4,0.982413,0.0,0.0,0.982413,0.0,0.017587,0.0,0.0
tetra_N2,2,0,0.1,48,8,1.042497112573953,4,0.960479,0.020628,0.0,0.960479,0.0,0.018893,0.0,0.0
tetra_N2,2,0,0.1,48,9,1.0432307533512328,4,0.956909,0.024763,0.0,0.956909,0.0,0.018328,0.0,0.0
tetra_N2,2,0,0.1,48,10,1.047540382912392,4,0.982405,0.0,0.0,0.982405,0.0,0.017595,0.0,0.0
tetra_N2,2,0,0.1,48,11,1.0795131730310736,4,0.951868,0.030604,0.0,0.951868,0.0,0.017528,0.0,0.0
tetra_N2,2,0,0.1,48,12,1.0796237771695205,4,0.955917,0.02563,0.0,0.955917,0.0,0.018453,0.0,0.0
tetra_N2,2,0,0.1,48,13,1.0851418874417786,4,0.982461,0.0,0.0,0.982461,0.0,0.017539,0.0,0.0
tetra_N2,2,0,0.1,48,14,1.133371199903729,4,0.946939,0.036114,0.0,0.946939,0.0,0.016947,0.0,0.0
tetra_N2,2,0,0.1,48,15,1.1343112761485146,4,0.952784,0.029275,0.0,0.952784,0.0,0.017942,0.0,0.0
tetra_N2,2,0,0.1,48,16,1.1402757143051996,4,0.982746,0.0,0.0,0.982746,0.0,0.017254,0.0,0.0
tetra_N2,2,0,0.1,48,17,1.2104703477710113,4,0.942003,0.041594,0.0,0.942003,0.0,0.016402,0.0,0.0
tetra_N2,2,0,0.1,48,18,1.2121521113198546,4,0.950176,0.032591,0.0,0.950176,0.0,0.017234,0.0,0.0
tetra_N2,2,0,0.1,48,19,1.2186888526369573,4,0.983352,0.0,0.0,0.983352,0.0,0.016648,0.0,0.0
tetra_N2,2,0,0.1,48,20,1.3208285609033752,4,0.936985,0.047311,0.0,0.936985,0.0,0.015704,0.0,0.0
tetra_N2,2,0,0.1,48,21,1.3231980310680662,4,0.947679,0.036113,0.0,0.947679,0.0,0.016208,0.0,0.0
tetra_N2,2,0,0.1,48,22,1.3305433537319729,4,0.984371,0.0,0.0,0.984371,0.0,0.015629,0.0,0.0
tetra_N2,2,0,0.1,48,23,1.483210664420485,4,0.931782,0.053614,0.0,0.931782,0.0,0.014604,0.0,0.0
tetra_N2,2,0,0.1,48,24,1.4862691022839238,4,0.944867,0.040455,0.0,0.944867,0.0,0.014678,0.0,0.0
tetra_N2,2,0,0.1,48,25,1.4948521564182664,4,0.985985,0.0,0.0,0.985985,0.0,0.014015,0.0,0.0
tetra_N2,2,0,0.1,48,26,1.6814093419480545,4,0.533312,0.031147,0.0,0.533312,0.0,0.435541,0.0,0.0
tetra_N2,2,0,0.1,48,27,1.7273696803658396,6,0.522778,0.002883,0.0,0.474339,0.0,0.522778,0.0,0.0
tetra_N2,2,0,0.1,48,28,1.7290320207055385,6,0.518824,0.003127,0.0,0.478049,0.0,0.518824,0.0,0.0
tetra_N2,2,0,0.1,48,29,1.7365890150993448,4,0.926206,0.061162,0.0,0.926206,0.0,0.012632,0.0,0.0
tetra_N2,2,0,0.1,48,30,1.7407080784990858,4,0.926904,0.043472,0.0,0.926904,0.0,0.029623,0.0,0.0
tetra_N2,2,0,0.1,48,31,1.7511026207741913,4,0.988605,0.0,0.0,0.988605,0.0,0.011395,0.0,0.0
tetra_N3,3,0,1.6,20,0,4.5301362072674785,2,0.999768,0.999768,0.0,0.000232,0.0,0.0,0.0,0.0
tetra_N3,3,0,1.6,20,1,6.431496555606406,2,0.998497,0.998497,0.0,0.001502,0.0,0.0,0.0,0.0
tetra_N3,3,0,1.6,20,2,7.766303381650074,2,0.998192,0.998192,0.0,0.001807,0.0,1e-06,0.0,0.0
tetra_N3,3,0,1.6,20,3,8.847538596269764,2,0.997621,0.997621,0.0,0.002377,0.0,2e-06,0.0,0.0
tetra_N3,3,0,1.6,20,4,9.654157776777005,2,0.997276,0.997276,0.0,0.002721,0.0,3e-06,0.0,0.0
tetra_N3,3,0,1.6,20,5,10.067408173004338,2,0.996781,0.996781,0.0,0.003215,0.0,4e-06,0.0,0.0
tetra_N3,3,0,1.6,20,6,11.365451323188424,2,0.997334,0.997334,0.0,0.002663,0.0,3e-06,0.0,0.0
tetra_N3,3,0,1.6,20,7,11.375256785458902,2,0.997276,0.997276,0.0,0.002722,0.0,3e-06,0.0,0.0
tetra_N3,3,0,1.6,20,8,17.901594047290263,4,0.999141,0.000183,0.0,0.999141,0.0,0.000676,0.0,0.0
tetra_N3,3,0,1.6,20,9,18.558949440442113,4,0.998762,0.000534,0.0,0.998762,0.0,0.000705,0.0,0.0
tetra_N3,3,0,1.6,20,10,20.40430176591839,4,0.997719,0.000306,0.0,0.997719,0.0,0.001975,0.0,0.0
tetra_N3,3,0,1.6,20,11,20.49169748750613,4,0.998814,0.000183,0.0,0.998814,0.0,0.001003,0.0,0.0
tetra_N3,3,0,1.6,20,12,20.888403816569067,4,0.997705,1.9e-05,0.0,0.997705,0.0,0.002276,0.0,0.0
tetra_N3,3,0,1.6,20,13,21.14460472835203,2,0.99819,0.99819,0.0,0.001809,0.0,1e-06,0.0,0.0
tetra_N3,3,0,1.6,20,14,21.163906712603268,2,0.997682,0.997682,0.0,0.002316,0.0,2e-06,0.0,0.0
tetra_N3,3,0,1.6,20,15,21.43721332140074,4,0.996761,0.000568,0.0,0.996761,0.0,0.002671,0.0,0.0
tetra_N3,3,0,1.6,20,16,21.5007262161632,4,0.997435,0.000169,0.0,0.997435,0.0,0.002395,0.0,0.0
tetra_N3,3,0,1.6,20,17,22.56752595157806,4,0.997102,0.000182,0.0,0.997102,0.0,0.002715,0.0,0.0
tetra_N3,3,0,1.6,20,18,22.753180341788372,4,0.997173,0.000127,0.0,0.997173,0.0,0.0027,0.0,0.0
tetra_N3,3,0,1.6,20,19,22.860683482513746,4,0.997012,0.000112,0.0,0.997012,0.0,0.002876,0.0,0.0
tetra_N3,3,0,1.6,20,20,23.222177562595284,4,0.997233,0.00024,0.0,0.997233,0.0,0.002528,0.0,0.0
tetra_N3,3,0,1.6,20,21,23.817706650613154,4,0.996861,8.1e-05,0.0,0.996861,0.0,0.003058,0.0,0.0
tetra_N3,3,0,1.6,20,22,23.846275173022168,4,0.996577,9.8e-05,0.0,0.996577,0.0,0.003325,0.0,0.0
tetra_N3,3,0,1.6,20,23,24.68327998829708,4,0.996229,1.3e-05,0.0,0.996229,0.0,0.003758,0.0,0.0
tetra_N3,3,0,1.6,20,24,24.866097474999556,4,0.996733,5.3e-05,0.0,0.996733,0.0,0.003214,0.0,0.0
tetra_N3,3,0,1.6,20,25,25.389984345752566,4,0.996174,2.6e-05,0.0,0.996174,0.0,0.0038,0.0,0.0
tetra_N3,3,0,1.6,20,26,26.191085399065518,4,0.996301,0.000149,0.0,0.996301,0.0,0.00355,0.0,0.0
tetra_N3,3,0,1.6,20,27,26.297982602050553,4,0.99646,4.8e-05,0.0,0.99646,0.0,0.003492,0.0,0.0
tetra_N3,3,0,1.6,20,28,27.143186470099614,4,0.994841,2.4e-05,0.0,0.994841,0.0,0.005135,0.0,0.0
tetra_N3,3,0,1.6,20,29,29.243931985936044,4,0.999569,0.000125,0.0,0.999569,0.0,0.000306,0.0,0.0
tetra_N3,3,0,1.6,20,30,29.60027198045445,4,0.998448,0.000103,0.0,0.998448,0.0,0.001449,0.0,0.0
tetra_N3,3,0,1.6,20,31,29.81315943802635,4,0.99793,0.000128,0.0,0.99793,0.0,0.001943,0.0,0.0
tetra_N3,3,0,0.8,20,0,4.173820583167852,2,0.998796,0.998796,0.0,0.001199,0.0,5e-06,0.0,0.0
tetra_N3,3,0,0.8,20,1,8.10307406362733,2,0.973928,0.973928,0.0,0.026023,0.0,4.9e-05,0.0,0.0
tetra_N3,3,0,0.8,20,2,11.430218591292816,2,0.967544,0.967544,0.0,0.032074,0.0,0.000382,0.0,0.0
tetra_N3,3,0,0.8,20,3,14.143876785687858,2,0.916822,0.916822,0.0,0.082754,0.0,0.000424,0.0,0.0
tetra_N3,3,0,0.8,20,4,16.157277178905133,4,0.96464,0.03247,0.0,0.96464,0.0,0.00289,0.0,0.0
tetra_N3,3,0,0.8,20,5,16.53277597105675,2,0.934903,0.934903,0.0,0.063937,0.0,0.00116,0.0,0.0
tetra_N3,3,0,0.8,20,6,17.30101599992883,4,0.959875,0.036942,0.0,0.959875,0.0,0.003183,0.0,0.0
tetra_N3,3,0,0.8,20,7,18.285880029254887,2,0.663175,0.663175,0.0,0.335272,0.0,0.001553,0.0,0.0
tetra_N3,3,0,0.8,20,8,18.892394968315504,4,0.726484,0.269372,0.0,0.726484,0.0,0.004143,0.0,0.0
tetra_N3,3,0,0.8,20,9,19.78912432578166,2,0.897831,0.897831,0.0,0.100068,0.0,0.0021,0.0,0.0
tetra_N3,3,0,0.8,20,10,20.75318792883938,2,0.883877,0.883877,0.0,0.113396,0.0,0.002727,0.0,0.0
tetra_N3,3,0,0.8,20,11,21.55947922165406,4,0.950013,0.020551,0.0,0.950013,0.0,0.029436,0.0,0.0
tetra_N3,3,0,0.8,20,12,22.646901708486848,2,0.56319,0.56319,0.0,0.43474,0.0,0.00207,0.0,0.0
tetra_N3,3,0,0.8,20,13,22.69836528246386,4,0.93598,0.030817,0.0,0.93598,0.0,0.033203,0.0,0.0
tetra_N3,3,0,0.8,20,14,22.799625911127805,2,0.914859,0.914859,0.0,0.083164,0.0,0.001977,0.0,0.0
tetra_N3,3,0,0.8,20,15,23.002678505977862,4,0.607704,0.38545,0.0,0.607704,0.0,0.006846,0.0,0.0
tetra_N3,3,0,0.8,20,16,23.777624030933374,4,0.950601,0.018048,0.0,0.950601,0.0,0.031351,0.0,0.0
tetra_N3,3,0,0.8,20,17,24.662705803446364,4,0.940161,0.017649,0.0,0.940161,0.0,0.04219,0.0,0.0
tetra_N3,3,0,0.8,20,18,24.780602832270752,4,0.945925,0.012218,0.0,0.945925,0.0,0.041857,0.0,0.0
tetra_N3,3,0,0.8,20,19,26.851146178816904,4,0.934508,0.004028,0.0,0.934508,0.0,0.061464,0.0,0.0
tetra_N3,3,0,0.8,20,20,27.304768021040843,4,0.95166,0.004452,0.0,0.95166,0.0,0.043887,0.0,0.0
tetra_N3,3,0,0.8,20,21,27.652733949434136,4,0.95202,0.015288,0.0,0.95202,0.0,0.032693,0.0,0.0
tetra_N3,3,0,0.8,20,22,28.01728307851285,4,0.93274,0.016349,0.0,0.93274,0.0,0.050911,0.0,0.0
tetra_N3,3,0,0.8,20,23,28.4396878574726,4,0.967923,0.004406,0.0,0.967923,0.0,0.027672,0.0,0.0
tetra_N3,3,0,0.8,20,24,28.707322395770646,4,0.907593,0.001705,0.0,0.907593,0.0,0.090702,0.0,0.0
tetra_N3,3,0,0.8,20,25,29.31245759297643,4,0.95082,0.001559,0.0,0.95082,0.0,0.047621,0.0,0.0
tetra_N3,3,0,0.8,20,26,29.600505264169684,4,0.950668,0.006698,0.0,0.950668,0.0,0.042634,0.0,0.0
tetra_N3,3,0,0.8,20,27,29.687038433854642,4,0.93602,0.00145,0.0,0.93602,0.0,0.06253,0.0,0.0
tetra_N3,3,0,0.8,20,28,30.007054398775423,4,0.953913,0.00422,0.0,0.953913,0.0,0.041867,0.0,0.0
tetra_N3,3,0,0.8,20,29,30.121261876716694,4,0.948169,0.001505,0.0,0.948169,0.0,0.050326,0.0,0.0
tetra_N3,3,0,0.8,20,30,30.17421245706219,4,0.941656,0.007296,0.0,0.941656,0.0,0.051048,0.0,0.0
tetra_N3,3,0,0.8,20,31,30.512449331426566,4,0.937091,0.000543,0.0,0.937091,0.0,0.062365,0.0,0.0
tetra_N3,3,0,0.4,20,0,2.5145687993656307,2,0.997407,0.997407,0.0,0.002501,0.0,9.1e-05,0.0,0.0
tetra_N3,3,0,0.4,20,1,6.564480017386069,2,0.702069,0.702069,0.0,0.296206,0.0,0.001724,0.0,0.0
tetra_N3,3,0,0.4,20,2,9.010235515258394,4,0.982324,0.01493,0.0,0.982324,0.0,0.002747,0.0,0.0
tetra_N3,3,0,0.4,20,3,9.61234594337301,4,0.945377,0.052632,0.0,0.945377,0.0,0.001991,0.0,0.0
tetra_N3,3,0,0.4,20,4,10.602216550565975,2,0.487686,0.487686,0.0,0.45567,0.0,0.056644,0.0,0.0
tetra_N3,3,0,0.4,20,5,11.17235568469862,4,0.892068,0.106067,0.0,0.892068,0.0,0.001865,0.0,0.0
tetra_N3,3,0,0.4,20,6,13.679210497822314,4,0.734095,0.215839,0.0,0.734095,0.0,0.050065,0.0,0.0
tetra_N3,3,0,0.4,20,7,14.355672164554633,4,0.63579,0.155322,0.0,0.63579,0.0,0.208887,0.0,0.0
tetra_N3,3,0,0.4,20,8,14.568241213835897,4,0.638175,0.243427,0.0,0.638175,0.0,0.118397,0.0,0.0
tetra_N3,3,0,0.4,20,9,15.031875932520585,4,0.670486,0.058152,0.0,0.670486,0.0,0.271362,0.0,0.0
tetra_N3,3,0,0.4,20,10,15.4943192404898,4,0.869093,0.099931,0.0,0.869093,0.0,0.030977,0.0,0.0
tetra_N3,3,0,0.4,20,11,15.53246721663658,4,0.655426,0.036586,0.0,0.655426,0.0,0.307988,0.0,0.0
tetra_N3,3,0,0.4,20,12,16.564568996799125,4,0.507289,0.182286,0.0,0.507289,0.0,0.310425,0.0,0.0
tetra_N3,3,0,0.4,20,13,17.182137610602773,4,0.625494,0.102115,0.0,0.625494,0.0,0.272392,0.0,0.0
tetra_N3,3,0,0.4,20,14,17.735344382398953,4,0.660063,0.073402,0.0,0.660063,0.0,0.266535,0.0,0.0
tetra_N3,3,0,0.4,20,15,17.942702756301436,4,0.478806,0.104353,0.0,0.478806,0.0,0.41684,0.0,0.0
tetra_N3,3,0,0.4,20,16,18.068499367860756,4,0.490523,0.218238,0.0,0.490523,0.0,0.291239,0.0,0.0
tetra_N3,3,0,0.4,20,17,18.991411245850326,6,0.62178,0.06681,0.0,0.31141,0.0,0.62178,0.0,0.0
tetra_N3,3,0,0.4,20,18,19.39811824268589,6,0.504574,0.052455,0.0,0.442971,0.0,0.504574,0.0,0.0
tetra_N3,3,0,0.4,20,19,19.417329053157392,6,0.621489,0.036407,0.0,0.342104,0.0,0.621489,0.0,0.0
tetra_N3,3,0,0.4,20,20,19.611690791468302,6,0.486301,0.120698,0.0,0.393001,0.0,0.486301,0.0,0.0
tetra_N3,3,0,0.4,20,21,19.689528986234617,4,0.523005,0.048423,0.0,0.523005,0.0,0.428572,0.0,0.0
tetra_N3,3,0,0.4,20,22,20.621632109514458,4,0.557896,0.142798,0.0,0.557896,0.0,0.299307,0.0,0.0
tetra_N3,3,0,0.4,20,23,20.700069685718326,4,0.593862,0.080602,0.0,0.593862,0.0,0.325537,0.0,0.0
tetra_N3,3,0,0.4,20,24,21.446830277726914,4,0.40653,0.208446,0.0,0.40653,0.0,0.385024,0.0,0.0
tetra_N3,3,0,0.4,20,25,21.735697451734385,4,0.494917,0.040238,0.0,0.494917,0.0,0.464845,0.0,0.0
tetra_N3,3,0,0.4,20,26,21.949401161872437,4,0.597324,0.057749,0.0,0.597324,0.0,0.344927,0.0,0.0
tetra_N3,3,0,0.4,20,27,22.912263893261375,4,0.577914,0.075732,0.0,0.577914,0.0,0.346354,0.0,0.0
tetra_N3,3,0,0.4,20,28,23.158625554978283,4,0.573465,0.070202,0.0,0.573465,0.0,0.356333,0.0,0.0
tetra_N3,3,0,0.4,20,29,23.474084398841644,4,0.442678,0.176362,0.0,0.442678,0.0,0.38096,0.0,0.0
tetra_N3,3,0,0.4,20,30,23.763683198082717,4,0.521308,0.11262,0.0,0.521308,0.0,0.366072,0.0,0.0
tetra_N3,3,0,0.4,20,31,24.110288872654134,4,0.538011,0.111942,0.0,0.538011,0.0,0.350047,0.0,0.0
tetra_N3,3,0,0.1,20,0,0.2542356504191554,2,0.997142,0.997142,0.0,0.002258,0.0,0.0006,0.0,0.0
tetra_N3,3,0,0.1,20,1,0.7359166077051287,4,0.681864,0.311761,0.0,0.681864,0.0,0.006376,0.0,0.0
tetra_N3,3,0,0.1,20,2,0.8597765181064841,4,0.9874,0.012421,0.0,0.9874,0.0,0.000179,0.0,0.0
tetra_N3,3,0,0.1,20,3,0.9155134901570425,4,0.968679,0.030935,0.0,0.968679,0.0,0.000386,0.0,0.0
tetra_N3,3,0,0.1,20,4,1.0602374328185498,4,0.955688,0.043869,0.0,0.955688,0.0,0.000443,0.0,0.0
tetra_N3,3,0,0.1,20,5,1.1912467218308598,4,0.631631,0.111788,0.0,0.631631,0.0,0.256581,0.0,0.0
tetra_N3,3,0,0.1,20,6,1.4155501863874067,4,0.943111,0.056374,0.0,0.943111,0.0,0.000515,0.0,0.0
tetra_N3,3,0,0.1,20,7,1.4985680136428852,6,0.563746,0.023716,0.0,0.412538,0.0,0.563746,0.0,0.0
tetra_N3,3,0,0.1,20,8,1.5303123774051257,6,0.634482,0.007928,0.0,0.357589,0.0,0.634482,0.0,0.0
tetra_N3,3,0,0.1,20,9,1.5318217815239168,6,0.496849,0.029094,0.0,0.474057,0.0,0.496849,0.0,0.0
tetra_N3,3,0,0.1,20,10,1.6093705840726547,6,0.611637,0.016746,0.0,0.371618,0.0,0.611637,0.0,0.0
tetra_N3,3,0,0.1,20,11,1.7039948745376743,6,0.705194,0.008744,0.0,0.286061,0.0,0.705194,0.0,0.0
tetra_N3,3,0,0.1,20,12,1.7603063608106087,6,0.570424,0.024181,0.0,0.405394,0.0,0.570424,0.0,0.0
tetra_N3,3,0,0.1,20,13,1.7639358699267618,6,0.812763,0.005221,0.0,0.182016,0.0,0.812763,0.0,0.0
tetra_N3,3,0,0.1,20,14,1.797987016651966,6,0.601022,0.013527,0.0,0.385451,0.0,0.601022,0.0,0.0
tetra_N3,3,0,0.1,20,15,1.8543579213699102,6,0.772418,0.007918,0.0,0.219664,0.0,0.772418,0.0,0.0
tetra_N3,3,0,0.1,20,16,1.8606271199042423,6,0.786904,0.002789,0.0,0.210307,0.0,0.786904,0.0,0.0
tetra_N3,3,0,0.1,20,17,1.8698487328519342,6,0.822085,0.004426,0.0,0.173489,0.0,0.822085,0.0,0.0
tetra_N3,3,0,0.1,20,18,2.045561592774755,6,0.571652,0.021969,0.0,0.406379,0.0,0.571652,0.0,0.0
tetra_N3,3,0,0.1,20,19,2.113775937330957,6,0.693241,0.011834,0.0,0.294924,0.0,0.693241,0.0,0.0
tetra_N3,3,0,0.1,20,20,2.123488374457522,6,0.722447,0.004551,0.0,0.273001,0.0,0.722447,0.0,0.0
tetra_N3,3,0,0.1,20,21,5.814045853657693,6,0.59971,0.030195,0.0,0.370095,0.0,0.59971,0.0,0.0
tetra_N3,3,0,0.1,20,22,6.481680882848913,6,0.624091,0.022885,0.0,0.353024,0.0,0.624091,0.0,0.0
tetra_N3,3,0,0.1,20,23,7.423428942249371,6,0.639616,0.017616,0.0,0.342768,0.0,0.639616,0.0,0.0
tetra_N3,3,0,0.1,20,24,8.087609147182967,6,0.601016,0.014906,0.0,0.384078,0.0,0.601016,0.0,0.0
tetra_N3,3,0,0.1,20,25,8.844214802409873,6,0.60277,0.017278,0.0,0.379951,0.0,0.60277,0.0,0.0
tetra_N3,3,0,0.1,20,26,10.841988772710353,6,0.647966,0.021808,0.0,0.330226,0.0,0.647966,0.0,0.0
tetra_N3,3,0,0.1,20,27,10.887804742482974,2,0.637322,0.637322,0.0,0.362499,0.0,0.000179,0.0,0.0
tetra_N3,3,0,0.1,20,28,10.947350527423609,6,0.647374,0.002685,0.0,0.349941,0.0,0.647374,0.0,0.0
tetra_N3,3,0,0.1,20,29,11.689882630757618,6,0.674172,0.000271,0.0,0.325556,0.0,0.674172,0.0,0.0
tetra_N3,3,0,0.1,20,30,12.145379228203112,6,0.654815,0.018736,0.0,0.326449,0.0,0.654815,0.0,0.0
tetra_N3,3,0,0.1,20,31,12.448987785560469,6,0.661935,0.006737,0.0,0.331329,0.0,0.661935,0.0,0.0
tetra_N3,3,0,1.6,24,0,4.544188726470397,2,0.999784,0.999784,0.0,0.000216,0.0,0.0,0.0,0.0
tetra_N3,3,0,1.6,24,1,6.495710550515999,2,0.998562,0.998562,0.0,0.001437,0.0,0.0,0.0,0.0
tetra_N3,3,0,1.6,24,2,7.9164116160198175,2,0.998321,0.998321,0.0,0.001677,0.0,1e-06,0.0,0.0
tetra_N3,3,0,1.6,24,3,9.125017570126934,2,0.997812,0.997812,0.0,0.002186,0.0,2e-06,0.0,0.0
tetra_N3,3,0,1.6,24,4,10.099302974027655,2,0.997493,0.997493,0.0,0.002504,0.0,3e-06,0.0,0.0
tetra_N3,3,0,1.6,24,5,10.878457317886404,2,0.997087,0.997087,0.0,0.002909,0.0,3e-06,0.0,0.0
tetra_N3,3,0,1.6,24,6,11.500395941251382,2,0.996921,0.996921,0.0,0.003075,0.0,4e-06,0.0,0.0
tetra_N3,3,0,1.6,24,7,11.680211679410503,2,0.996621,0.996621,0.0,0.003375,0.0,4e-06,0.0,0.0
tetra_N3,3,0,1.6,24,8,13.423006622690327,2,0.997261,0.997261,0.0,0.002736,0.0,3e-06,0.0,0.0
tetra_N3,3,0,1.6,24,9,13.429094342973794,2,0.997224,0.997224,0.0,0.002773,0.0,3e-06,0.0,0.0
tetra_N3,3,0,1.6,24,10,17.983683609685322,4,0.999272,0.000115,0.0,0.999272,0.0,0.000612,0.0,0.0
tetra_N3,3,0,1.6,24,11,18.509045148992854,4,0.998842,0.000517,0.0,0.998842,0.0,0.000641,0.0,0.0
tetra_N3,3,0,1.6,24,12,19.886788970063698,4,0.999128,0.000209,0.0,0.999128,0.0,0.000663,0.0,0.0
tetra_N3,3,0,1.6,24,13,20.681393029081832,4,0.997861,0.000289,0.0,0.997861,0.0,0.00185,0.0,0.0
tetra_N3,3,0,1.6,24,14,21.423664110819487,4,0.997971,2.9e-05,0.0,0.997971,0.0,0.002,0.0,0.0
tetra_N3,3,0,1.6,24,15,22.053552485558967,4,0.997876,6.6e-05,0.0,0.997876,0.0,0.002058,0.0,0.0
tetra_N3,3,0,1.6,24,16,22.144637523096122,4,0.997505,9.9e-05,0.0,0.997505,0.0,0.002396,0.0,0.0
tetra_N3,3,0,1.6,24,17,22.773043416968413,4,0.997572,0.000103,0.0,0.997572,0.0,0.002326,0.0,0.0
tetra_N3,3,0,1.6,24,18,22.984521929900083,4,0.998172,6.2e-05,0.0,0.998172,0.0,0.001766,0.0,0.0
tetra_N3,3,0,1.6,24,19,23.083617423485435,4,0.998162,0.000122,0.0,0.998162,0.0,0.001716,0.0,0.0
tetra_N3,3,0,1.6,24,20,23.316285933979668,4,0.997002,0.000156,0.0,0.997002,0.0,0.002842,0.0,0.0
tetra_N3,3,0,1.6,24,21,23.4998899468381,4,0.997089,0.000174,0.0,0.997089,0.0,0.002736,0.0,0.0
tetra_N3,3,0,1.6,24,22,23.53423505187431,4,0.997376,0.000192,0.0,0.997376,0.0,0.002432,0.0,0.0
tetra_N3,3,0,1.6,24,23,23.72122171755097,4,0.996933,0.000119,0.0,0.996933,0.0,0.002948,0.0,0.0
tetra_N3,3,0,1.6,24,24,24.036548459656807,4,0.996844,0.000186,0.0,0.996844,0.0,0.002969,0.0,0.0
tetra_N3,3,0,1.6,24,25,24.06167725779522,4,0.99694,0.000127,0.0,0.99694,0.0,0.002933,0.0,0.0
tetra_N3,3,0,1.6,24,26,24.474511476099174,4,0.996913,2.7e-05,0.0,0.996913,0.0,0.00306,0.0,0.0
tetra_N3,3,0,1.6,24,27,24.689374655973147,4,0.996974,5.1e-05,0.0,0.996974,0.0,0.002974,0.0,0.0
tetra_N3,3,0,1.6,24,28,24.81655529021998,4,0.996953,0.000133,0.0,0.996953,0.0,0.002915,0.0,0.0
tetra_N3,3,0,1.6,24,29,25.170407795148186,4,0.993546,0.003673,0.0,0.993546,0.0,0.002781,0.0,0.0
tetra_N3,3,0,1.6,24,30,25.211910103530855,2,0.570177,0.570177,0.0,0.428483,0.0,0.001341,0.0,0.0
tetra_N3,3,0,1.6,24,31,25.21567694551474,4,0.570155,0.428057,0.0,0.570155,0.0,0.001788,0.0,0.0
tetra_N3,3,0,0.8,24,0,4.205401125124162,2,0.998877,0.998877,0.0,0.001119,0.0,5e-06,0.0,0.0
tetra_N3,3,0,0.8,24,1,8.233544585279697,2,0.975061,0.975061,0.0,0.024894,0.0,4.5e-05,0.0,0.0
tetra_N3,3,0,0.8,24,2,11.727985672786687,2,0.96955,0.96955,0.0,0.030109,0.0,0.000341,0.0,0.0
tetra_N3,3,0,0.8,24,3,14.66779554052611,2,0.910677,0.910677,0.0,0.088931,0.0,0.000392,0.0,0.0
tetra_N3,3,0,0.8,24,4,16.341917971667364,4,0.979872,0.017311,0.0,0.979872,0.0,0.002817,0.0,0.0
tetra_N3,3,0,0.8,24,5,17.252074894008324,4,0.952033,0.045114,0.0,0.952033,0.0,0.002854,0.0,0.0
tetra_N3,3,0,0.8,24,6,17.37162919344204,2,0.937527,0.937527,0.0,0.061408,0.0,0.001066,0.0,0.0
tetra_N3,3,0,0.8,24,7,18.263867357159562,4,0.943244,0.053579,0.0,0.943244,0.0,0.003177,0.0,0.0
tetra_N3,3,0,0.8,24,8,19.743129981339557,2,0.878872,0.878872,0.0,0.119445,0.0,0.001683,0.0,0.0
tetra_N3,3,0,0.8,24,9,20.701993006018565,4,0.968091,0.027978,0.0,0.968091,0.0,0.003931,0.0,0.0
tetra_N3,3,0,0.8,24,10,21.440080490477875,2,0.869714,0.869714,0.0,0.127606,0.0,0.002681,0.0,0.0
tetra_N3,3,0,0.8,24,11,22.035525528410442,4,0.952983,0.019714,0.0,0.952983,0.0,0.027303,0.0,0.0
tetra_N3,3,0,0.8,24,12,23.068521136307194,2,0.885469,0.885469,0.0,0.112139,0.0,0.002392,0.0,0.0
tetra_N3,3,0,0.8,24,13,23.180157561017758,4,0.889552,0.083561,0.0,0.889552,0.0,0.026886,0.0,0.0
tetra_N3,3,0,0.8,24,14,23.62011860008944,4,0.798869,0.173486,0.0,0.798869,0.0,0.027644,0.0,0.0
tetra_N3,3,0,0.8,24,15,24.302341595860128,2,0.652506,0.652506,0.0,0.336444,0.0,0.01105,0.0,0.0
tetra_N3,3,0,0.8,24,16,24.7696175641319,2,0.85048,0.85048,0.0,0.145545,0.0,0.003975,0.0,0.0
tetra_N3,3,0,0.8,24,17,24.813304919454787,4,0.932309,0.034243,0.0,0.932309,0.0,0.033448,0.0,0.0
tetra_N3,3,0,0.8,24,18,25.168709217853944,4,0.920495,0.040584,0.0,0.920495,0.0,0.038921,0.0,0.0
tetra_N3,3,0,0.8,24,19,26.34816392597545,4,0.937447,0.036084,0.0,0.937447,0.0,0.026469,0.0,0.0
tetra_N3,3,0,0.8,24,20,26.505571467528384,4,0.921627,0.072091,0.0,0.921627,0.0,0.006282,0.0,0.0
tetra_N3,3,0,0.8,24,21,27.28737049307083,2,0.903694,0.903694,0.0,0.09365,0.0,0.002656,0.0,0.0
tetra_N3,3,0,0.8,24,22,27.34251145059718,2,0.88156,0.88156,0.0,0.116781,0.0,0.001659,0.0,0.0
tetra_N3,3,0,0.8,24,23,27.59625382495981,4,0.924092,0.037385,0.0,0.924092,0.0,0.038523,0.0,0.0
tetra_N3,3,0,0.8,24,24,28.101800228093822,4,0.947973,0.013405,0.0,0.947973,0.0,0.038622,0.0,0.0
tetra_N3,3,0,0.8,24,25,28.15378759826727,4,0.930792,0.009685,0.0,0.930792,0.0,0.059522,0.0,0.0
tetra_N3,3,0,0.8,24,26,28.979903763825387,4,0.944835,0.016217,0.0,0.944835,0.0,0.038948,0.0,0.0
tetra_N3,3,0,0.8,24,27,29.785700827583415,4,0.950286,0.006548,0.0,0.950286,0.0,0.043166,0.0,0.0
tetra_N3,3,0,0.8,24,28,30.450305199369843,4,0.937644,0.006941,0.0,0.937644,0.0,0.055415,0.0,0.0
tetra_N3,3,0,0.8,24,29,30.520189256424107,4,0.920238,0.005228,0.0,0.920238,0.0,0.074534,0.0,0.0
tetra_N3,3,0,0.8,24,30,30.833765611413536,4,0.933452,0.012044,0.0,0.933452,0.0,0.054504,0.0,0.0
tetra_N3,3,0,0.8,24,31,30.974258939559743,4,0.946849,0.011694,0.0,0.946849,0.0,0.041457,0.0,0.0
tetra_N3,3,0,0.4,24,0,2.570607443149381,2,0.997409,0.997409,0.0,0.002506,0.0,8.5e-05,0.0,0.0
tetra_N3,3,0,0.4,24,1,6.796142382004256,2,0.708116,0.708116,0.0,0.29015,0.0,0.001733,0.0,0.0
tetra_N3,3,0,0.4,24,2,9.322512837247535,4,0.987702,0.009002,0.0,0.987702,0.0,0.003297,0.0,0.0
tetra_N3,3,0,0.4,24,3,9.749460224081249,4,0.964146,0.033103,0.0,0.964146,0.0,0.002751,0.0,0.0
tetra_N3,3,0,0.4,24,4,10.799547242352826,4,0.934304,0.06345,0.0,0.934304,0.0,0.002246,0.0,0.0
tetra_N3,3,0,0.4,24,5,11.102711831230904,2,0.498227,0.498227,0.0,0.446763,0.0,0.05501,0.0,0.0
tetra_N3,3,0,0.4,24,6,12.783746763636618,4,0.863943,0.130928,0.0,0.863943,0.0,0.005129,0.0,0.0
tetra_N3,3,0,0.4,24,7,14.52825976502092,4,0.80075,0.170313,0.0,0.80075,0.0,0.028937,0.0,0.0
tetra_N3,3,0,0.4,24,8,15.206969661773986,4,0.641042,0.146135,0.0,0.641042,0.0,0.212823,0.0,0.0
tetra_N3,3,0,0.4,24,9,15.335265283434897,4,0.613581,0.236638,0.0,0.613581,0.0,0.14978,0.0,0.0
tetra_N3,3,0,0.4,24,10,15.660465523354844,4,0.691933,0.013841,0.0,0.691933,0.0,0.294226,0.0,0.0
tetra_N3,3,0,0.4,24,11,16.338481484989565,4,0.652176,0.062939,0.0,0.652176,0.0,0.284885,0.0,0.0
tetra_N3,3,0,0.4,24,12,16.764167210393897,4,0.652914,0.076494,0.0,0.652914,0.0,0.270592,0.0,0.0
tetra_N3,3,0,0.4,24,13,17.539980745823737,4,0.540169,0.175289,0.0,0.540169,0.0,0.284541,0.0,0.0
tetra_N3,3,0,0.4,24,14,17.901536094825055,4,0.63268,0.084029,0.0,0.63268,0.0,0.283291,0.0,0.0
tetra_N3,3,0,0.4,24,15,17.919968055847146,4,0.828501,0.136153,0.0,0.828501,0.0,0.035346,0.0,0.0
tetra_N3,3,0,0.4,24,16,19.017612394488516,4,0.496511,0.155811,0.0,0.496511,0.0,0.347678,0.0,0.0
tetra_N3,3,0,0.4,24,17,19.336153376098075,4,0.476482,0.076103,0.0,0.476482,0.0,0.447416,0.0,0.0
tetra_N3,3,0,0.4,24,18,19.371333677974846,6,0.860287,0.002922,0.0,0.136791,0.0,0.860287,0.0,0.0
tetra_N3,3,0,0.4,24,19,20.00263806809498,4,0.586945,0.126095,0.0,0.586945,0.0,0.28696,0.0,0.0
tetra_N3,3,0,0.4,24,20,20.38006110439005,6,0.714776,0.050322,0.0,0.234903,0.0,0.714776,0.0,0.0
tetra_N3,3,0,0.4,24,21,20.45054149890646,4,0.659269,0.029561,0.0,0.659269,0.0,0.31117,0.0,0.0
tetra_N3,3,0,0.4,24,22,20.709806303083923,6,0.630888,0.032388,0.0,0.336723,0.0,0.630888,0.0,0.0
tetra_N3,3,0,0.4,24,23,20.82730413115978,6,0.491917,0.137338,0.0,0.370745,0.0,0.491917,0.0,0.0
tetra_N3,3,0,0.4,24,24,21.859700851597964,4,0.458213,0.095645,0.0,0.458213,0.0,0.446142,0.0,0.0
tetra_N3,3,0,0.4,24,25,22.025311831938392,6,0.682876,0.022872,0.0,0.294252,0.0,0.682876,0.0,0.0
tetra_N3,3,0,0.4,24,26,22.129850688991056,4,0.452368,0.106327,0.0,0.452368,0.0,0.441305,0.0,0.0
tetra_N3,3,0,0.4,24,27,22.418330931546038,6,0.618274,0.02855,0.0,0.353176,0.0,0.618274,0.0,0.0
tetra_N3,3,0,0.4,24,28,22.590123037064746,4,0.613518,0.041438,0.0,0.613518,0.0,0.345044,0.0,0.0
tetra_N3,3,0,0.4,24,29,22.695224124890217,6,0.647137,0.033111,0.0,0.319752,0.0,0.647137,0.0,0.0
tetra_N3,3,0,0.4,24,30,23.201716869234406,4,0.60104,0.066523,0.0,0.60104,0.0,0.332437,0.0,0.0
tetra_N3,3,0,0.4,24,31,23.225587381721105,4,0.56562,0.148672,0.0,0.56562,0.0,0.285708,0.0,0.0
tetra_N3,3,0,0.1,24,0,0.2642056788808703,2,0.996987,0.996987,0.0,0.002387,0.0,0.000626,0.0,0.0
tetra_N3,3,0,0.1,24,1,0.7738505479391524,4,0.68294,0.310148,0.0,0.68294,0.0,0.006912,0.0,0.0
tetra_N3,3,0,0.1,24,2,0.902781109646978,4,0.991092,0.008714,0.0,0.991092,0.0,0.000194,0.0,0.0
tetra_N3,3,0,0.1,24,3,0.9413536788612467,4,0.977897,0.021753,0.0,0.977897,0.0,0.00035,0.0,0.0
tetra_N3,3,0,0.1,24,4,1.0359934473809405,4,0.967879,0.03167,0.0,0.967879,0.0,0.00045,0.0,0.0
tetra_N3,3,0,0.1,24,5,1.226432445673408,4,0.96006,0.039519,0.0,0.96006,0.0,0.000421,0.0,0.0
tetra_N3,3,0,0.1,24,6,1.2658339321711316,4,0.627829,0.110648,0.0,0.627829,0.0,0.261523,0.0,0.0
tetra_N3,3,0,0.1,24,7,1.594084737835895,6,0.602366,0.016755,0.0,0.380879,0.0,0.602366,0.0,0.0
tetra_N3,3,0,0.1,24,8,1.6278944175758072,6,0.642179,0.008286,0.0,0.349535,0.0,0.642179,0.0,0.0
tetra_N3,3,0,0.1,24,9,1.6450919243678617,6,0.487735,0.040198,0.0,0.472067,0.0,0.487735,0.0,0.0
tetra_N3,3,0,0.1,24,10,1.6682158314442295,4,0.943036,0.036935,0.0,0.943036,0.0,0.020029,0.0,0.0
tetra_N3,3,0,0.1,24,11,1.7007659055252031,6,0.609019,0.015397,0.0,0.375584,0.0,0.609019,0.0,0.0
tetra_N3,3,0,0.1,24,12,1.7215239137338314,6,0.637725,0.009731,0.0,0.352544,0.0,0.637725,0.0,0.0
tetra_N3,3,0,0.1,24,13,1.8247178266889175,6,0.905434,0.001037,0.0,0.093529,0.0,0.905434,0.0,0.0
tetra_N3,3,0,0.1,24,14,1.833568003890257,6,0.717773,0.008888,0.0,0.273338,0.0,0.717773,0.0,0.0
tetra_N3,3,0,0.1,24,15,1.8757836622966506,6,0.637888,0.011256,0.0,0.350857,0.0,0.637888,0.0,0.0
tetra_N3,3,0,0.1,24,16,1.907506235841738,6,0.8317,0.004796,0.0,0.163505,0.0,0.8317,0.0,0.0
tetra_N3,3,0,0.1,24,17,1.9743013076993738,6,0.843459,0.004617,0.0,0.151924,0.0,0.843459,0.0,0.0
tetra_N3,3,0,0.1,24,18,1.9757083150725228,6,0.832451,0.004143,0.0,0.163406,0.0,0.832451,0.0,0.0
tetra_N3,3,0,0.1,24,19,2.035004149016589,6,0.586689,0.019582,0.0,0.393728,0.0,0.586689,0.0,0.0
tetra_N3,3,0,0.1,24,20,2.113424311424585,6,0.599065,0.015787,0.0,0.385148,0.0,0.599065,0.0,0.0
tetra_N3,3,0,0.1,24,21,2.1337139222415162,6,0.8324,0.003772,0.0,0.163828,0.0,0.8324,0.0,0.0
tetra_N3,3,0,0.1,24,22,2.1487875090522754,6,0.781802,0.007826,0.0,0.210372,0.0,0.781802,0.0,0.0
tetra_N3,3,0,0.1,24,23,2.1554430976278454,6,0.798657,0.002284,0.0,0.19906,0.0,0.798657,0.0,0.0
tetra_N3,3,0,0.1,24,24,2.192467991666902,6,0.827981,0.004159,0.0,0.16786,0.0,0.827981,0.0,0.0
tetra_N3,3,0,0.1,24,25,2.4283705244507745,6,0.582159,0.018919,0.0,0.398922,0.0,0.582159,0.0,0.0
tetra_N3,3,0,0.1,24,26,2.500510929414689,6,0.722251,0.01,0.0,0.26775,0.0,0.722251,0.0,0.0
tetra_N3,3,0,0.1,24,27,2.508603825093445,6,0.744984,0.00442,0.0,0.250595,0.0,0.744984,0.0,0.0
tetra_N3,3,0,0.1,24,28,6.157960031813571,6,0.598859,0.030131,0.0,0.371011,0.0,0.598859,0.0,0.0
tetra_N3,3,0,0.1,24,29,6.69739472761456,6,0.633921,0.019882,0.0,0.346197,0.0,0.633921,0.0,0.0
tetra_N3,3,0,0.1,24,30,7.288550204387522,6,0.650617,0.016075,0.0,0.333307,0.0,0.650617,0.0,0.0
tetra_N3,3,0,0.1,24,31,8.199044905540118,6,0.66022,0.009682,0.0,0.330098,0.0,0.66022,0.0,0.0
tetra_N3,3,0,1.6,28,0,4.554261239777192,2,0.999796,0.999796,0.0,0.000204,0.0,0.0,0.0,0.0
tetra_N3,3,0,1.6,28,1,6.5409565143811035,2,0.998605,0.998605,0.0,0.001395,0.0,0.0,0.0,0.0
tetra_N3,3,0,1.6,28,2,8.02087064966181,2,0.998407,0.998407,0.0,0.001592,0.0,1e-06,0.0,0.0
tetra_N3,3,0,1.6,28,3,9.31447590719309,2,0.997939,0.997939,0.0,0.002059,0.0,1e-06,0.0,0.0
tetra_N3,3,0,1.6,28,4,10.401872663673524,2,0.997664,0.997664,0.0,0.002334,0.0,2e-06,0.0,0.0
tetra_N3,3,0,1.6,28,5,11.334986075307604,2,0.997311,0.997311,0.0,0.002686,0.0,3e-06,0.0,0.0
tetra_N3,3,0,1.6,28,6,12.093681487736067,2,0.997041,0.997041,0.0,0.002956,0.0,4e-06,0.0,0.0
tetra_N3,3,0,1.6,28,7,12.660283299958358,2,0.996687,0.996687,0.0,0.003309,0.0,4e-06,0.0,0.0
tetra_N3,3,0,1.6,28,8,13.247116931868959,2,0.996744,0.996744,0.0,0.003251,0.0,4e-06,0.0,0.0
tetra_N3,3,0,1.6,28,9,13.305698104966105,2,0.996599,0.996599,0.0,0.003396,0.0,5e-06,0.0,0.0
tetra_N3,3,0,1.6,28,10,15.491529719127946,2,0.997199,0.997199,0.0,0.002797,0.0,3e-06,0.0,0.0
tetra_N3,3,0,1.6,28,11,15.496566052186054,2,0.997169,0.997169,0.0,0.002828,0.0,3e-06,0.0,0.0
tetra_N3,3,0,1.6,28,12,18.045922098936305,4,0.999365,7.8e-05,0.0,0.999365,0.0,0.000557,0.0,0.0
tetra_N3,3,0,1.6,28,13,18.482447223560875,4,0.998957,0.000467,0.0,0.998957,0.0,0.000576,0.0,0.0
tetra_N3,3,0,1.6,28,14,19.44604089098545,4,0.999141,0.000257,0.0,0.999141,0.0,0.000602,0.0,0.0
tetra_N3,3,0,1.6,28,15,20.886330788814234,4,0.997981,0.0003,0.0,0.997981,0.0,0.001719,0.0,0.0
tetra_N3,3,0,1.6,28,16,21.534923975991077,4,0.998057,1.6e-05,0.0,0.998057,0.0,0.001928,0.0,0.0
tetra_N3,3,0,1.6,28,17,21.622278358156606,4,0.999209,8.6e-05,0.0,0.999209,0.0,0.000705,0.0,0.0
tetra_N3,3,0,1.6,28,18,22.036092934585767,4,0.997948,3.2e-05,0.0,0.997948,0.0,0.00202,0.0,0.0
tetra_N3,3,0,1.6,28,19,22.568808329731908,4,0.99766,0.000185,0.0,0.99766,0.0,0.002156,0.0,0.0
tetra_N3,3,0,1.6,28,20,22.5784286251309,4,0.997662,0.000135,0.0,0.997662,0.0,0.002203,0.0,0.0
tetra_N3,3,0,1.6,28,21,23.718787831239535,4,0.997593,3.2e-05,0.0,0.997593,0.0,0.002374,0.0,0.0
tetra_N3,3,0,1.6,28,22,23.767320617456342,4,0.997692,5.6e-05,0.0,0.997692,0.0,0.002252,0.0,0.0
tetra_N3,3,0,1.6,28,23,23.95306394115034,4,0.99739,0.000166,0.0,0.99739,0.0,0.002444,0.0,0.0
tetra_N3,3,0,1.6,28,24,24.065136294500896,4,0.997416,0.00013,0.0,0.997416,0.0,0.002454,0.0,0.0
tetra_N3,3,0,1.6,28,25,24.435463486317907,4,0.99788,0.000163,0.0,0.99788,0.0,0.001957,0.0,0.0
tetra_N3,3,0,1.6,28,26,24.687873992408566,4,0.997545,0.000115,0.0,0.997545,0.0,0.002341,0.0,0.0
tetra_N3,3,0,1.6,28,27,24.765344628665954,4,0.997083,8.7e-05,0.0,0.997083,0.0,0.00283,0.0,0.0
tetra_N3,3,0,1.6,28,28,24.830594318851002,4,0.996938,3.9e-05,0.0,0.996938,0.0,0.003023,0.0,0.0
tetra_N3,3,0,1.6,28,29,25.017293293834932,4,0.996981,2.4e-05,0.0,0.996981,0.0,0.002995,0.0,0.0
tetra_N3,3,0,1.6,28,30,25.131974715797675,4,0.997167,6.1e-05,0.0,0.997167,0.0,0.002772,0.0,0.0
tetra_N3,3,0,1.6,28,31,25.266524610484815,4,0.996867,0.000135,0.0,0.996867,0.0,0.002999,0.0,0.0
tetra_N3,3,0,0.8,28,0,4.228611606866375,2,0.998937,0.998937,0.0,0.001059,0.0,4e-06,0.0,0.0
tetra_N3,3,0,0.8,28,1,8.328625625664717,2,0.975874,0.975874,0.0,0.024085,0.0,4.1e-05,0.0,0.0
tetra_N3,3,0,0.8,28,2,11.943933947953226,2,0.970983,0.970983,0.0,0.028705,0.0,0.000312,0.0,0.0
tetra_N3,3,0,0.8,28,3,15.044742526654368,2,0.903803,0.903803,0.0,0.095824,0.0,0.000373,0.0,0.0
tetra_N3,3,0,0.8,28,4,16.477520115280242,4,0.985345,0.011976,0.0,0.985345,0.0,0.002678,0.0,0.0
tetra_N3,3,0,0.8,28,5,17.191656221499006,4,0.951469,0.045867,0.0,0.951469,0.0,0.002664,0.0,0.0
tetra_N3,3,0,0.8,28,6,17.976067051627656,2,0.939251,0.939251,0.0,0.059748,0.0,0.001001,0.0,0.0
tetra_N3,3,0,0.8,28,7,18.109458120415262,4,0.972003,0.025066,0.0,0.972003,0.0,0.002931,0.0,0.0
tetra_N3,3,0,0.8,28,8,19.63522096208897,4,0.951365,0.045366,0.0,0.951365,0.0,0.003269,0.0,0.0
tetra_N3,3,0,0.8,28,9,20.587474368522138,2,0.877764,0.877764,0.0,0.120681,0.0,0.001555,0.0,0.0
tetra_N3,3,0,0.8,28,10,22.384096095655952,4,0.954345,0.019822,0.0,0.954345,0.0,0.025834,0.0,0.0
tetra_N3,3,0,0.8,28,11,22.57180420038138,2,0.80319,0.80319,0.0,0.19262,0.0,0.00419,0.0,0.0
tetra_N3,3,0,0.8,28,12,22.980763433755968,4,0.971149,0.024469,0.0,0.971149,0.0,0.004382,0.0,0.0
tetra_N3,3,0,0.8,28,13,23.533919158960266,4,0.885706,0.08841,0.0,0.885706,0.0,0.025884,0.0,0.0
tetra_N3,3,0,0.8,28,14,23.84940992045238,4,0.958801,0.009669,0.0,0.958801,0.0,0.03153,0.0,0.0
tetra_N3,3,0,0.8,28,15,24.62140463062188,2,0.897615,0.897615,0.0,0.100118,0.0,0.002266,0.0,0.0
tetra_N3,3,0,0.8,28,16,24.878445678068697,4,0.914758,0.059294,0.0,0.914758,0.0,0.025948,0.0,0.0
tetra_N3,3,0,0.8,28,17,25.571551734880813,4,0.929019,0.040431,0.0,0.929019,0.0,0.03055,0.0,0.0
tetra_N3,3,0,0.8,28,18,25.89037568163119,4,0.941574,0.018004,0.0,0.941574,0.0,0.040422,0.0,0.0
tetra_N3,3,0,0.8,28,19,26.172533745116045,2,0.762465,0.762465,0.0,0.230276,0.0,0.007259,0.0,0.0
tetra_N3,3,0,0.8,28,20,27.24974411709806,4,0.860994,0.107608,0.0,0.860994,0.0,0.031398,0.0,0.0
tetra_N3,3,0,0.8,28,21,27.412754074580963,2,0.849847,0.849847,0.0,0.1467,0.0,0.003453,0.0,0.0
tetra_N3,3,0,0.8,28,22,28.207422844449134,2,0.573742,0.573742,0.0,0.41684,0.0,0.009417,0.0,0.0
tetra_N3,3,0,0.8,28,23,28.459277113796293,4,0.567499,0.414543,0.0,0.567499,0.0,0.017958,0.0,0.0
tetra_N3,3,0,0.8,28,24,28.812250036649893,4,0.738323,0.22805,0.0,0.738323,0.0,0.033627,0.0,0.0
tetra_N3,3,0,0.8,28,25,29.06316507158288,4,0.574659,0.403567,0.0,0.574659,0.0,0.021775,0.0,0.0
tetra_N3,3,0,0.8,28,26,29.075980665201904,4,0.870972,0.088374,0.0,0.870972,0.0,0.040654,0.0,0.0
tetra_N3,3,0,0.8,28,27,29.482207607964966,4,0.92937,0.036614,0.0,0.92937,0.0,0.034017,0.0,0.0
tetra_N3,3,0,0.8,28,28,29.828320410306866,4,0.950928,0.043164,0.0,0.950928,0.0,0.005909,0.0,0.0
tetra_N3,3,0,0.8,28,29,30.073137521076582,4,0.909094,0.053893,0.0,0.909094,0.0,0.037012,0.0,0.0
tetra_N3,3,0,0.8,28,30,30.526491516983263,4,0.946908,0.015626,0.0,0.946908,0.0,0.037466,0.0,0.0
tetra_N3,3,0,0.8,28,31,31.27439922061359,4,0.94268,0.008407,0.0,0.94268,0.0,0.048913,0.0,0.0
tetra_N3,3,0,0.4,28,0,2.614383690889838,2,0.997427,0.997427,0.0,0.002493,0.0,8e-05,0.0,0.0
tetra_N3,3,0,0.4,28,1,6.976921258271067,2,0.713313,0.713313,0.0,0.284968,0.0,0.001719,0.0,0.0
tetra_N3,3,0,0.4,28,2,9.566431094237977,4,0.990495,0.005863,0.0,0.990495,0.0,0.003642,0.0,0.0
tetra_N3,3,0,0.4,28,3,9.885999022196602,4,0.974391,0.022367,0.0,0.974391,0.0,0.003242,0.0,0.0
tetra_N3,3,0,0.4,28,4,10.646087858062689,4,0.954842,0.042309,0.0,0.954842,0.0,0.002849,0.0,0.0
tetra_N3,3,0,0.4,28,5,11.493929308570221,2,0.507638,0.507638,0.0,0.439008,0.0,0.053354,0.0,0.0
tetra_N3,3,0,0.4,28,6,12.021798754514219,4,0.922735,0.074534,0.0,0.922735,0.0,0.002732,0.0,0.0
tetra_N3,3,0,0.4,28,7,14.08045464961995,4,0.810137,0.175068,0.0,0.810137,0.0,0.014796,0.0,0.0
tetra_N3,3,0,0.4,28,8,15.426101803726365,4,0.848867,0.146888,0.0,0.848867,0.0,0.004244,0.0,0.0
tetra_N3,3,0,0.4,28,9,15.84369995137487,4,0.65163,0.127358,0.0,0.65163,0.0,0.221011,0.0,0.0
tetra_N3,3,0,0.4,28,10,16.010956411062473,4,0.644013,0.187787,0.0,0.644013,0.0,0.1682,0.0,0.0
tetra_N3,3,0,0.4,28,11,16.279288875530703,4,0.694669,0.0162,0.0,0.694669,0.0,0.289131,0.0,0.0
tetra_N3,3,0,0.4,28,12,16.69289103481897,4,0.679914,0.049711,0.0,0.679914,0.0,0.270375,0.0,0.0
tetra_N3,3,0,0.4,28,13,17.0522699991473,4,0.675708,0.0294,0.0,0.675708,0.0,0.294892,0.0,0.0
tetra_N3,3,0,0.4,28,14,17.942564014583045,4,0.51651,0.23235,0.0,0.51651,0.0,0.25114,0.0,0.0
tetra_N3,3,0,0.4,28,15,18.415912509682453,4,0.642529,0.076266,0.0,0.642529,0.0,0.281205,0.0,0.0
tetra_N3,3,0,0.4,28,16,18.73836858378952,4,0.692404,0.06015,0.0,0.692404,0.0,0.247446,0.0,0.0
tetra_N3,3,0,0.4,28,17,19.803739427663235,4,0.498753,0.117048,0.0,0.498753,0.0,0.384199,0.0,0.0
tetra_N3,3,0,0.4,28,18,20.01081358637992,4,0.504618,0.204061,0.0,0.504618,0.0,0.291321,0.0,0.0
tetra_N3,3,0,0.4,28,19,20.309767539133606,4,0.637794,0.058738,0.0,0.637794,0.0,0.303468,0.0,0.0
tetra_N3,3,0,0.4,28,20,20.785783192002484,4,0.687349,0.039653,0.0,0.687349,0.0,0.272997,0.0,0.0
tetra_N3,3,0,0.4,28,21,20.956732044837967,6,0.835173,0.003697,0.0,0.16113,0.0,0.835173,0.0,0.0
tetra_N3,3,0,0.4,28,22,21.436193147580603,6,0.750492,0.038496,0.0,0.211011,0.0,0.750492,0.0,0.0
tetra_N3,3,0,0.4,28,23,21.53007224284173,6,0.768925,0.014238,0.0,0.216837,0.0,0.768925,0.0,0.0
tetra_N3,3,0,0.4,28,24,21.542479520695412,6,0.829924,0.004706,0.0,0.16537,0.0,0.829924,0.0,0.0
tetra_N3,3,0,0.4,28,25,21.788338067911614,6,0.476971,0.144504,0.0,0.378524,0.0,0.476971,0.0,0.0
tetra_N3,3,0,0.4,28,26,22.622252400621704,6,0.645591,0.086872,0.0,0.267536,0.0,0.645591,0.0,0.0
tetra_N3,3,0,0.4,28,27,22.697217300174245,6,0.50611,0.093386,0.0,0.400504,0.0,0.50611,0.0,0.0
tetra_N3,3,0,0.4,28,28,23.143742073445445,4,0.673027,0.023155,0.0,0.673027,0.0,0.303818,0.0,0.0
tetra_N3,3,0,0.4,28,29,23.173296167074223,4,0.627551,0.036131,0.0,0.627551,0.0,0.336318,0.0,0.0
tetra_N3,3,0,0.4,28,30,23.261075959431846,4,0.485233,0.059718,0.0,0.485233,0.0,0.45505,0.0,0.0
tetra_N3,3,0,0.4,28,31,23.580815052205892,4,0.614546,0.082469,0.0,0.614546,0.0,0.302984,0.0,0.0
tetra_N3,3,0,0.1,28,0,0.27255842402664643,2,0.996876,0.996876,0.0,0.002481,0.0,0.000643,0.0,0.0
tetra_N3,3,0,0.1,28,1,0.8056008711758813,4,0.68362,0.309091,0.0,0.68362,0.0,0.007289,0.0,0.0
tetra_N3,3,0,0.1,28,2,0.9390583958177334,4,0.993259,0.006523,0.0,0.993259,0.0,0.000218,0.0,0.0
tetra_N3,3,0,0.1,28,3,0.9673973722150249,4,0.983548,0.01612,0.0,0.983548,0.0,0.000332,0.0,0.0
tetra_N3,3,0,0.1,28,4,1.035355613551282,4,0.975688,0.023881,0.0,0.975688,0.0,0.000431,0.0,0.0
tetra_N3,3,0,0.1,28,5,1.1599518005381424,4,0.969381,0.030158,0.0,0.969381,0.0,0.000461,0.0,0.0
tetra_N3,3,0,0.1,28,6,1.3280788942883954,4,0.625235,0.109914,0.0,0.625235,0.0,0.264851,0.0,0.0
tetra_N3,3,0,0.1,28,7,1.3929761469443078,4,0.963952,0.035658,0.0,0.963952,0.0,0.00039,0.0,0.0
tetra_N3,3,0,0.1,28,8,1.676698997922013,6,0.614481,0.014023,0.0,0.371496,0.0,0.614481,0.0,0.0
tetra_N3,3,0,0.1,28,9,1.7202752021139753,6,0.641576,0.009867,0.0,0.348556,0.0,0.641576,0.0,0.0
tetra_N3,3,0,0.1,28,10,1.7317104554960396,6,0.654959,0.005082,0.0,0.339959,0.0,0.654959,0.0,0.0
tetra_N3,3,0,0.1,28,11,1.7412413038513945,6,0.514137,0.030752,0.0,0.45511,0.0,0.514137,0.0,0.0
tetra_N3,3,0,0.1,28,12,1.8082641723334176,6,0.635729,0.011868,0.0,0.352404,0.0,0.635729,0.0,0.0
tetra_N3,3,0,0.1,28,13,1.882555811811512,6,0.621834,0.012748,0.0,0.365418,0.0,0.621834,0.0,0.0
tetra_N3,3,0,0.1,28,14,1.9181913785269988,4,0.958772,0.040281,0.0,0.958772,0.0,0.000947,0.0,0.0
tetra_N3,3,0,0.1,28,15,1.9350657288637654,6,0.673371,0.012192,0.0,0.314437,0.0,0.673371,0.0,0.0
tetra_N3,3,0,0.1,28,16,1.9574654292366258,6,0.709246,0.003031,0.0,0.287723,0.0,0.709246,0.0,0.0
tetra_N3,3,0,0.1,28,17,1.995720404478099,6,0.895879,0.001105,0.0,0.103016,0.0,0.895879,0.0,0.0
tetra_N3,3,0,0.1,28,18,2.024891665455016,6,0.839221,0.004615,0.0,0.156164,0.0,0.839221,0.0,0.0
tetra_N3,3,0,0.1,28,19,2.0440620283458077,6,0.896025,0.001327,0.0,0.102649,0.0,0.896025,0.0,0.0
tetra_N3,3,0,0.1,28,20,2.0805554887599564,6,0.868074,0.003077,0.0,0.128849,0.0,0.868074,0.0,0.0
tetra_N3,3,0,0.1,28,21,2.0821420380806095,6,0.890122,0.002716,0.0,0.107161,0.0,0.890122,0.0,0.0
tetra_N3,3,0,0.1,28,22,2.140939715424204,6,0.627497,0.013114,0.0,0.359389,0.0,0.627497,0.0,0.0
tetra_N3,3,0,0.1,28,23,2.2070944250266544,6,0.835163,0.005478,0.0,0.159359,0.0,0.835163,0.0,0.0
tetra_N3,3,0,0.1,28,24,2.2107828036171955,6,0.842394,0.00327,0.0,0.154336,0.0,0.842394,0.0,0.0
tetra_N3,3,0,0.1,28,25,2.305072186806747,6,0.598016,0.016743,0.0,0.385241,0.0,0.598016,0.0,0.0
tetra_N3,3,0,0.1,28,26,2.401364280441283,6,0.848927,0.003348,0.0,0.147725,0.0,0.848927,0.0,0.0
tetra_N3,3,0,0.1,28,27,2.4302233476607604,6,0.637501,0.015831,0.0,0.346668,0.0,0.637501,0.0,0.0
tetra_N3,3,0,0.1,28,28,2.439527479563666,6,0.815234,0.003807,0.0,0.180959,0.0,0.815234,0.0,0.0
tetra_N3,3,0,0.1,28,29,2.4458771208736323,6,0.796224,0.00723,0.0,0.196546,0.0,0.796224,0.0,0.0
tetra_N3,3,0,0.1,28,30,2.4534373067056685,6,0.797325,0.001174,0.0,0.2015,0.0,0.797325,0.0,0.0
tetra_N3,3,0,0.1,28,31,2.5197102205221182,6,0.83673,0.003756,0.0,0.159514,0.0,0.83673,0.0,0.0
tetra_N3,3,0,1.6,32,0,4.561841018182498,2,0.999804,0.999804,0.0,0.000196,0.0,0.0,0.0,0.0
tetra_N3,3,0,1.6,32,1,6.574611785864171,2,0.998635,0.998635,0.0,0.001365,0.0,0.0,0.0,0.0
tetra_N3,3,0,1.6,32,2,8.097989907336352,2,0.998466,0.998466,0.0,0.001533,0.0,1e-06,0.0,0.0
tetra_N3,3,0,1.6,32,3,9.453028816627045,2,0.998028,0.998028,0.0,0.00197,0.0,1e-06,0.0,0.0
tetra_N3,3,0,1.6,32,4,10.620374505284829,2,0.997785,0.997785,0.0,0.002213,0.0,2e-06,0.0,0.0
tetra_N3,3,0,1.6,32,5,11.655273597976944,2,0.997461,0.997461,0.0,0.002537,0.0,2e-06,0.0,0.0
tetra_N3,3,0,1.6,32,6,12.541534069232133,2,0.99722,0.99722,0.0,0.002777,0.0,3e-06,0.0,0.0
tetra_N3,3,0,1.6,32,7,13.296396853225083,2,0.996946,0.996946,0.0,0.00305,0.0,4e-06,0.0,0.0
tetra_N3,3,0,1.6,32,8,13.904177635818494,2,0.996727,0.996727,0.0,0.003268,0.0,4e-06,0.0,0.0
tetra_N3,3,0,1.6,32,9,14.289438845338163,2,0.99641,0.99641,0.0,0.003585,0.0,5e-06,0.0,0.0
tetra_N3,3,0,1.6,32,10,14.966295990756759,2,0.996655,0.996655,0.0,0.003341,0.0,4e-06,0.0,0.0
tetra_N3,3,0,1.6,32,11,14.980553461635749,2,0.996606,0.996606,0.0,0.00339,0.0,5e-06,0.0,0.0
tetra_N3,3,0,1.6,32,12,17.56665125533226,2,0.997145,0.997145,0.0,0.002851,0.0,3e-06,0.0,0.0
tetra_N3,3,0,1.6,32,13,17.570979820918353,2,0.997099,0.997099,0.0,0.002898,0.0,3e-06,0.0,0.0
tetra_N3,3,0,1.6,32,14,18.09238645101715,4,0.999425,5.8e-05,0.0,0.999425,0.0,0.000517,0.0,0.0
tetra_N3,3,0,1.6,32,15,18.46190478565822,4,0.999058,0.000413,0.0,0.999058,0.0,0.00053,0.0,0.0
tetra_N3,3,0,1.6,32,16,19.187709805149264,4,0.999147,0.000303,0.0,0.999147,0.0,0.00055,0.0,0.0
tetra_N3,3,0,1.6,32,17,20.7402240375708,4,0.999289,0.000124,0.0,0.999289,0.0,0.000587,0.0,0.0
tetra_N3,3,0,1.6,32,18,21.035355703890026,4,0.998066,0.000308,0.0,0.998066,0.0,0.001626,0.0,0.0
tetra_N3,3,0,1.6,32,19,21.675548068511368,4,0.998168,1.1e-05,0.0,0.998168,0.0,0.001821,0.0,0.0
tetra_N3,3,0,1.6,32,20,22.05174186516712,4,0.99805,2.2e-05,0.0,0.99805,0.0,0.001928,0.0,0.0
tetra_N3,3,0,1.6,32,21,22.4728419191763,4,0.99797,9.4e-05,0.0,0.99797,0.0,0.001936,0.0,0.0
tetra_N3,3,0,1.6,32,22,22.781231222399015,4,0.997819,0.000114,0.0,0.997819,0.0,0.002067,0.0,0.0
tetra_N3,3,0,1.6,32,23,23.418482621806184,4,0.998064,3.2e-05,0.0,0.998064,0.0,0.001904,0.0,0.0
tetra_N3,3,0,1.6,32,24,23.61100577833842,4,0.999232,0.000146,0.0,0.999232,0.0,0.000622,0.0,0.0
tetra_N3,3,0,1.6,32,25,23.869689461839247,4,0.997656,0.000197,0.0,0.997656,0.0,0.002147,0.0,0.0
tetra_N3,3,0,1.6,32,26,23.978335076783363,4,0.997782,8e-06,0.0,0.997782,0.0,0.002209,0.0,0.0
tetra_N3,3,0,1.6,32,27,24.250592989866007,4,0.997693,8.8e-05,0.0,0.997693,0.0,0.002219,0.0,0.0
tetra_N3,3,0,1.6,32,28,24.302390045626026,4,0.997313,0.000139,0.0,0.997313,0.0,0.002549,0.0,0.0
tetra_N3,3,0,1.6,32,29,24.79775795203298,4,0.997549,8.8e-05,0.0,0.997549,0.0,0.002363,0.0,0.0
tetra_N3,3,0,1.6,32,30,24.959225190351468,4,0.997116,0.000188,0.0,0.997116,0.0,0.002696,0.0,0.0
tetra_N3,3,0,1.6,32,31,25.39195417136559,4,0.996881,1.9e-05,0.0,0.996881,0.0,0.0031,0.0,0.0
tetra_N3,3,0,0.8,32,0,4.246432734235638,2,0.998983,0.998983,0.0,0.001013,0.0,4e-06,0.0,0.0
tetra_N3,3,0,0.8,32,1,8.401140081154022,2,0.976485,0.976485,0.0,0.023476,0.0,3.9e-05,0.0,0.0
tetra_N3,3,0,0.8,32,2,12.107992209501878,2,0.972056,0.972056,0.0,0.027653,0.0,0.000291,0.0,0.0
tetra_N3,3,0,0.8,32,3,15.329220177183647,2,0.896717,0.896717,0.0,0.102921,0.0,0.000361,0.0,0.0
tetra_N3,3,0,0.8,32,4,16.583996807987713,4,0.988359,0.009092,0.0,0.988359,0.0,0.002548,0.0,0.0
tetra_N3,3,0,0.8,32,5,17.14900291449774,4,0.955239,0.042237,0.0,0.955239,0.0,0.002524,0.0,0.0
tetra_N3,3,0,0.8,32,6,17.990742923878074,4,0.967784,0.02955,0.0,0.967784,0.0,0.002665,0.0,0.0
tetra_N3,3,0,0.8,32,7,18.43347147648426,2,0.940462,0.940462,0.0,0.058584,0.0,0.000954,0.0,0.0
tetra_N3,3,0,0.8,32,8,19.05409623154594,4,0.974141,0.022852,0.0,0.974141,0.0,0.003007,0.0,0.0
tetra_N3,3,0,0.8,32,9,21.2044301633235,2,0.628117,0.628117,0.0,0.369694,0.0,0.00219,0.0,0.0
tetra_N3,3,0,0.8,32,10,21.32053582849295,4,0.701726,0.29575,0.0,0.701726,0.0,0.002524,0.0,0.0
tetra_N3,3,0,0.8,32,11,22.65124597350879,4,0.955402,0.019905,0.0,0.955402,0.0,0.024692,0.0,0.0
tetra_N3,3,0,0.8,32,12,23.358330881276792,2,0.635695,0.635695,0.0,0.355951,0.0,0.008354,0.0,0.0
tetra_N3,3,0,0.8,32,13,23.75222858106642,4,0.884429,0.09,0.0,0.884429,0.0,0.025572,0.0,0.0
tetra_N3,3,0,0.8,32,14,24.12340533239956,4,0.878907,0.094852,0.0,0.878907,0.0,0.026241,0.0,0.0
tetra_N3,3,0,0.8,32,15,24.817772631988262,4,0.866584,0.109155,0.0,0.866584,0.0,0.024261,0.0,0.0
tetra_N3,3,0,0.8,32,16,25.219069463766246,4,0.936004,0.055524,0.0,0.936004,0.0,0.008471,0.0,0.0
tetra_N3,3,0,0.8,32,17,25.38629502036469,4,0.94462,0.024084,0.0,0.94462,0.0,0.031296,0.0,0.0
tetra_N3,3,0,0.8,32,18,25.83948974906791,2,0.860686,0.860686,0.0,0.137296,0.0,0.002018,0.0,0.0
tetra_N3,3,0,0.8,32,19,26.452335098823898,4,0.950728,0.014498,0.0,0.950728,0.0,0.034774,0.0,0.0
tetra_N3,3,0,0.8,32,20,26.527420260834283,4,0.903733,0.073748,0.0,0.903733,0.0,0.022519,0.0,0.0
tetra_N3,3,0,0.8,32,21,27.549991243437297,4,0.941806,0.027835,0.0,0.941806,0.0,0.030359,0.0,0.0
tetra_N3,3,0,0.8,32,22,27.865824111069045,2,0.813016,0.813016,0.0,0.181363,0.0,0.005621,0.0,0.0
tetra_N3,3,0,0.8,32,23,29.054713824137707,2,0.525458,0.525458,0.0,0.460847,0.0,0.013695,0.0,0.0
tetra_N3,3,0,0.8,32,24,29.294214145864963,4,0.873155,0.098064,0.0,0.873155,0.0,0.028781,0.0,0.0
tetra_N3,3,0,0.8,32,25,29.42281596498217,4,0.929948,0.022912,0.0,0.929948,0.0,0.047141,0.0,0.0
tetra_N3,3,0,0.8,32,26,29.78712782470885,4,0.906138,0.053511,0.0,0.906138,0.0,0.040351,0.0,0.0
tetra_N3,3,0,0.8,32,27,29.79912113337208,4,0.710187,0.26412,0.0,0.710187,0.0,0.025693,0.0,0.0
tetra_N3,3,0,0.8,32,28,30.46612420903526,4,0.926443,0.041307,0.0,0.926443,0.0,0.03225,0.0,0.0
tetra_N3,3,0,0.8,32,29,30.56417799173343,4,0.565985,0.420633,0.0,0.565985,0.0,0.013382,0.0,0.0
tetra_N3,3,0,0.8,32,30,31.00602274775496,4,0.55326,0.433674,0.0,0.55326,0.0,0.013067,0.0,0.0
tetra_N3,3,0,0.8,32,31,31.085507766286472,4,0.816321,0.154331,0.0,0.816321,0.0,0.029348,0.0,0.0
tetra_N3,3,0,0.4,32,0,2.649771878746501,2,0.99745,0.99745,0.0,0.002474,0.0,7.6e-05,0.0,0.0
tetra_N3,3,0,0.4,32,1,7.122882322439129,2,0.717802,0.717802,0.0,0.280503,0.0,0.001695,0.0,0.0
tetra_N3,3,0,0.4,32,2,9.763905769625032,4,0.992096,0.00404,0.0,0.992096,0.0,0.003864,0.0,0.0
tetra_N3,3,0,0.4,32,3,10.012718865592921,4,0.980533,0.015906,0.0,0.980533,0.0,0.003562,0.0,0.0
tetra_N3,3,0,0.4,32,4,10.591370672096863,4,0.966674,0.030051,0.0,0.966674,0.0,0.003275,0.0,0.0
tetra_N3,3,0,0.4,32,5,11.598527790462434,4,0.94719,0.049826,0.0,0.94719,0.0,0.002984,0.0,0.0
tetra_N3,3,0,0.4,32,6,11.810104336296998,2,0.516015,0.516015,0.0,0.432193,0.0,0.051792,0.0,0.0
tetra_N3,3,0,0.4,32,7,13.21562925729559,4,0.901624,0.094214,0.0,0.901624,0.0,0.004162,0.0,0.0
tetra_N3,3,0,0.4,32,8,14.845707957638398,4,0.814417,0.168612,0.0,0.814417,0.0,0.016971,0.0,0.0
tetra_N3,3,0,0.4,32,9,16.35891000725673,4,0.65951,0.116569,0.0,0.65951,0.0,0.22392,0.0,0.0
tetra_N3,3,0,0.4,32,10,16.403126508488622,4,0.606978,0.284567,0.0,0.606978,0.0,0.108455,0.0,0.0
tetra_N3,3,0,0.4,32,11,16.804734327905035,4,0.694049,0.027086,0.0,0.694049,0.0,0.278865,0.0,0.0
tetra_N3,3,0,0.4,32,12,16.912685021737694,4,0.703433,0.011671,0.0,0.703433,0.0,0.284897,0.0,0.0
tetra_N3,3,0,0.4,32,13,16.99453112752638,4,0.914604,0.023475,0.0,0.914604,0.0,0.061921,0.0,0.0
tetra_N3,3,0,0.4,32,14,17.551323080022925,4,0.669689,0.050248,0.0,0.669689,0.0,0.280062,0.0,0.0
tetra_N3,3,0,0.4,32,15,17.91522471643334,4,0.663182,0.070342,0.0,0.663182,0.0,0.266477,0.0,0.0
tetra_N3,3,0,0.4,32,16,18.53244876499162,4,0.569224,0.184805,0.0,0.569224,0.0,0.245971,0.0,0.0
tetra_N3,3,0,0.4,32,17,18.823676042023596,4,0.635801,0.097894,0.0,0.635801,0.0,0.266305,0.0,0.0
tetra_N3,3,0,0.4,32,18,20.255518711046438,4,0.627152,0.114058,0.0,0.627152,0.0,0.25879,0.0,0.0
tetra_N3,3,0,0.4,32,19,20.485685555432806,4,0.707505,0.01106,0.0,0.707505,0.0,0.281435,0.0,0.0
tetra_N3,3,0,0.4,32,20,20.63450736096203,4,0.521167,0.063504,0.0,0.521167,0.0,0.415328,0.0,0.0
tetra_N3,3,0,0.4,32,21,21.013125637231393,6,0.466703,0.153612,0.0,0.379684,0.0,0.466703,0.0,0.0
tetra_N3,3,0,0.4,32,22,21.12021059887564,6,0.905214,0.001241,0.0,0.093545,0.0,0.905214,0.0,0.0
tetra_N3,3,0,0.4,32,23,22.203474438691973,6,0.858174,0.033311,0.0,0.108515,0.0,0.858174,0.0,0.0
tetra_N3,3,0,0.4,32,24,22.272181576224895,6,0.801333,0.016908,0.0,0.18176,0.0,0.801333,0.0,0.0
tetra_N3,3,0,0.4,32,25,22.516584442846263,4,0.511831,0.214851,0.0,0.511831,0.0,0.273318,0.0,0.0
tetra_N3,3,0,0.4,32,26,22.663114757473213,6,0.825221,0.00367,0.0,0.171109,0.0,0.825221,0.0,0.0
tetra_N3,3,0,0.4,32,27,22.73644977275707,4,0.596746,0.063157,0.0,0.596746,0.0,0.340098,0.0,0.0
tetra_N3,3,0,0.4,32,28,22.753410469133954,6,0.589613,0.104428,0.0,0.305959,0.0,0.589613,0.0,0.0
tetra_N3,3,0,0.4,32,29,23.016657793396842,6,0.820646,0.006009,0.0,0.173345,0.0,0.820646,0.0,0.0
tetra_N3,3,0,0.4,32,30,23.40278131111102,6,0.772386,0.007602,0.0,0.220012,0.0,0.772386,0.0,0.0
tetra_N3,3,0,0.4,32,31,23.520259655635233,4,0.491901,0.027831,0.0,0.491901,0.0,0.480267,0.0,0.0
tetra_N3,3,0,0.1,32,0,0.2797355291524846,2,0.996792,0.996792,0.0,0.002553,0.0,0.000655,0.0,0.0
tetra_N3,3,0,0.1,32,1,0.8328711609203197,4,0.684073,0.30836,0.0,0.684073,0.0,0.007567,0.0,0.0
tetra_N3,3,0,0.1,32,2,0.9703418444238374,4,0.994637,0.005118,0.0,0.994637,0.0,0.000245,0.0,0.0
tetra_N3,3,0,0.1,32,3,0.9920571544590551,4,0.987227,0.012443,0.0,0.987227,0.0,0.00033,0.0,0.0
tetra_N3,3,0,0.1,32,4,1.043725962456988,4,0.980985,0.018599,0.0,0.980985,0.0,0.000416,0.0,0.0
tetra_N3,3,0,0.1,32,5,1.1336967858875795,4,0.97572,0.023816,0.0,0.97572,0.0,0.000463,0.0,0.0
tetra_N3,3,0,0.1,32,6,1.2853310055429723,4,0.971359,0.028189,0.0,0.971359,0.0,0.000453,0.0,0.0
tetra_N3,3,0,0.1,32,7,1.3814382820336135,4,0.623367,0.109419,0.0,0.623367,0.0,0.267214,0.0,0.0
tetra_N3,3,0,0.1,32,8,1.5594768501848726,4,0.967175,0.032459,0.0,0.967175,0.0,0.000366,0.0,0.0
tetra_N3,3,0,0.1,32,9,1.7499044655501201,6,0.614176,0.014134,0.0,0.37169,0.0,0.614176,0.0,0.0
tetra_N3,3,0,0.1,32,10,1.7793028389747496,6,0.671558,0.002885,0.0,0.325557,0.0,0.671558,0.0,0.0
tetra_N3,3,0,0.1,32,11,1.8059346905508828,6,0.650125,0.008245,0.0,0.341631,0.0,0.650125,0.0,0.0
tetra_N3,3,0,0.1,32,12,1.8231257528216078,6,0.519741,0.029627,0.0,0.450632,0.0,0.519741,0.0,0.0
tetra_N3,3,0,0.1,32,13,1.8585958766660988,6,0.644948,0.008203,0.0,0.346849,0.0,0.644948,0.0,0.0
tetra_N3,3,0,0.1,32,14,1.8868518186025527,6,0.649531,0.008725,0.0,0.341745,0.0,0.649531,0.0,0.0
tetra_N3,3,0,0.1,32,15,2.002869805444412,6,0.637138,0.014319,0.0,0.348543,0.0,0.637138,0.0,0.0
tetra_N3,3,0,0.1,32,16,2.0103708828535956,6,0.931477,0.000514,0.0,0.06801,0.0,0.931477,0.0,0.0
tetra_N3,3,0,0.1,32,17,2.04230427086571,6,0.742837,0.003789,0.0,0.253374,0.0,0.742837,0.0,0.0
tetra_N3,3,0,0.1,32,18,2.064626437307692,6,0.645285,0.008416,0.0,0.346299,0.0,0.645285,0.0,0.0
tetra_N3,3,0,0.1,32,19,2.1238397145724512,6,0.843206,0.005479,0.0,0.151315,0.0,0.843206,0.0,0.0
tetra_N3,3,0,0.1,32,20,2.168009100298103,4,0.954572,0.036305,0.0,0.954572,0.0,0.009123,0.0,0.0
tetra_N3,3,0,0.1,32,21,2.170131088046277,6,0.797137,0.007309,0.0,0.195555,0.0,0.797137,0.0,0.0
tetra_N3,3,0,0.1,32,22,2.173771697268649,6,0.892149,0.001365,0.0,0.106486,0.0,0.892149,0.0,0.0
tetra_N3,3,0,0.1,32,23,2.1783835287204707,6,0.912641,0.001089,0.0,0.08627,0.0,0.912641,0.0,0.0
tetra_N3,3,0,0.1,32,24,2.182316881156557,6,0.739417,0.004449,0.0,0.256135,0.0,0.739417,0.0,0.0
tetra_N3,3,0,0.1,32,25,2.203320339867105,6,0.893455,0.001512,0.0,0.105032,0.0,0.893455,0.0,0.0
tetra_N3,3,0,0.1,32,26,2.27112381352268,6,0.870542,0.003888,0.0,0.125571,0.0,0.870542,0.0,0.0
tetra_N3,3,0,0.1,32,27,2.2738392716013025,6,0.876277,0.002541,0.0,0.121182,0.0,0.876277,0.0,0.0
tetra_N3,3,0,0.1,32,28,2.2797189236012363,6,0.897416,0.001254,0.0,0.10133,0.0,0.897416,0.0,0.0
tetra_N3,3,0,0.1,32,29,2.409718034024244,6,0.629073,0.013232,0.0,0.357695,0.0,0.629073,0.0,0.0
tetra_N3,3,0,0.1,32,30,2.447242899309052,6,0.841592,0.005401,0.0,0.153007,0.0,0.841592,0.0,0.0
tetra_N3,3,0,0.1,32,31,2.4514823742598373,6,0.84853,0.002423,0.0,0.149047,0.0,0.84853,0.0,0.0
tetra_N3,3,0,1.6,36,0,4.567754217145923,2,0.999809,0.999809,0.0,0.00019,0.0,0.0,0.0,0.0
tetra_N3,3,0,1.6,36,1,6.600646839818402,2,0.998656,0.998656,0.0,0.001343,0.0,0.0,0.0,0.0
tetra_N3,3,0,1.6,36,2,8.157347747363087,2,0.99851,0.99851,0.0,0.001489,0.0,1e-06,0.0,0.0
tetra_N3,3,0,1.6,36,3,9.559058852769336,2,0.998093,0.998093,0.0,0.001905,0.0,1e-06,0.0,0.0
tetra_N3,3,0,1.6,36,4,10.78647699961193,2,0.997873,0.997873,0.0,0.002125,0.0,2e-06,0.0,0.0
tetra_N3,3,0,1.6,36,5,11.89638693334915,2,0.997572,0.997572,0.0,0.002426,0.0,2e-06,0.0,0.0
tetra_N3,3,0,1.6,36,6,12.873802308337572,2,0.997354,0.997354,0.0,0.002644,0.0,3e-06,0.0,0.0
tetra_N3,3,0,1.6,36,7,13.740041565596659,2,0.9971,0.9971,0.0,0.002897,0.0,3e-06,0.0,0.0
tetra_N3,3,0,1.6,36,8,14.482610757227686,2,0.996893,0.996893,0.0,0.003103,0.0,4e-06,0.0,0.0
tetra_N3,3,0,1.6,36,9,15.105721922229884,2,0.996667,0.996667,0.0,0.003329,0.0,4e-06,0.0,0.0
tetra_N3,3,0,1.6,36,10,15.606766387898073,2,0.996511,0.996511,0.0,0.003484,0.0,5e-06,0.0,0.0
tetra_N3,3,0,1.6,36,11,15.84418745002597,2,0.996254,0.996254,0.0,0.00374,0.0,6e-06,0.0,0.0
tetra_N3,3,0,1.6,36,12,16.68481324667287,2,0.996602,0.996602,0.0,0.003394,0.0,5e-06,0.0,0.0
tetra_N3,3,0,1.6,36,13,16.688520823254375,2,0.996583,0.996583,0.0,0.003412,0.0,5e-06,0.0,0.0
tetra_N3,3,0,1.6,36,14,18.1289389944625,4,0.999473,4e-05,0.0,0.999473,0.0,0.000487,0.0,0.0
tetra_N3,3,0,1.6,36,15,18.444956455305654,4,0.99917,0.000335,0.0,0.99917,0.0,0.000495,0.0,0.0
tetra_N3,3,0,1.6,36,16,19.02232257487866,4,0.999137,0.00035,0.0,0.999137,0.0,0.000512,0.0,0.0
tetra_N3,3,0,1.6,36,17,19.645844830395035,2,0.997095,0.997095,0.0,0.002901,0.0,3e-06,0.0,0.0
tetra_N3,3,0,1.6,36,18,19.64967478431109,2,0.997023,0.997023,0.0,0.002973,0.0,3e-06,0.0,0.0
tetra_N3,3,0,1.6,36,19,20.18190564616754,4,0.999293,0.000175,0.0,0.999293,0.0,0.000532,0.0,0.0
tetra_N3,3,0,1.6,36,20,21.14918044773263,4,0.998127,0.000315,0.0,0.998127,0.0,0.001558,0.0,0.0
tetra_N3,3,0,1.6,36,21,21.780482494144294,4,0.998235,8e-06,0.0,0.998235,0.0,0.001757,0.0,0.0
tetra_N3,3,0,1.6,36,22,22.0555509207043,4,0.998147,1.9e-05,0.0,0.998147,0.0,0.001833,0.0,0.0
tetra_N3,3,0,1.6,36,23,22.19454958191031,4,0.999303,5.9e-05,0.0,0.999303,0.0,0.000638,0.0,0.0
tetra_N3,3,0,1.6,36,24,22.430516334279297,4,0.998165,6.1e-05,0.0,0.998165,0.0,0.001775,0.0,0.0
tetra_N3,3,0,1.6,36,25,23.02909670990279,4,0.997897,0.000189,0.0,0.997897,0.0,0.001914,0.0,0.0
tetra_N3,3,0,1.6,36,26,23.11422336489994,4,0.998057,3.9e-05,0.0,0.998057,0.0,0.001904,0.0,0.0
tetra_N3,3,0,1.6,36,27,23.611229305315145,4,0.997848,0.000158,0.0,0.997848,0.0,0.001994,0.0,0.0
tetra_N3,3,0,1.6,36,28,24.209624535001957,4,0.997943,8e-06,0.0,0.997943,0.0,0.002048,0.0,0.0
tetra_N3,3,0,1.6,36,29,24.443103433971487,4,0.997851,5.4e-05,0.0,0.997851,0.0,0.002095,0.0,0.0
tetra_N3,3,0,1.6,36,30,24.58219264980881,4,0.99752,0.000101,0.0,0.99752,0.0,0.002379,0.0,0.0
tetra_N3,3,0,1.6,36,31,24.91458267847183,4,0.997723,6.9e-05,0.0,0.997723,0.0,0.002207,0.0,0.0
tetra_N3,3,0,0.8,36,0,4.26057033937776,2,0.999019,0.999019,0.0,0.000977,0.0,4e-06,0.0,0.0
tetra_N3,3,0,0.8,36,1,8.458352942809704,2,0.976961,0.976961,0.0,0.023002,0.0,3.7e-05,0.0,0.0
tetra_N3,3,0,0.8,36,2,12.237019928650225,2,0.972888,0.972888,0.0,0.026836,0.0,0.000276,0.0,0.0
tetra_N3,3,0,0.8,36,3,15.551650308863389,2,0.889669,0.889669,0.0,0.109976,0.0,0.000354,0.0,0.0
tetra_N3,3,0,0.8,36,4,16.670409027263464,4,0.990328,0.007237,0.0,0.990328,0.0,0.002436,0.0,0.0
tetra_N3,3,0,0.8,36,5,17.124736780330977,4,0.959904,0.037687,0.0,0.959904,0.0,0.002409,0.0,0.0
tetra_N3,3,0,0.8,36,6,17.87947139263946,4,0.959585,0.037943,0.0,0.959585,0.0,0.002472,0.0,0.0
tetra_N3,3,0,0.8,36,7,18.716429950429468,4,0.981748,0.015494,0.0,0.981748,0.0,0.002759,0.0,0.0
tetra_N3,3,0,0.8,36,8,18.79218904276727,2,0.941351,0.941351,0.0,0.05773,0.0,0.000919,0.0,0.0
tetra_N3,3,0,0.8,36,9,20.29068459571922,4,0.981495,0.015464,0.0,0.981495,0.0,0.003042,0.0,0.0
tetra_N3,3,0,0.8,36,10,21.73043971928956,2,0.895991,0.895991,0.0,0.102761,0.0,0.001248,0.0,0.0
tetra_N3,3,0,0.8,36,11,22.863027166472897,4,0.956111,0.020077,0.0,0.956111,0.0,0.023813,0.0,0.0
tetra_N3,3,0,0.8,36,12,23.060793447573857,4,0.96334,0.033175,0.0,0.96334,0.0,0.003486,0.0,0.0
tetra_N3,3,0,0.8,36,13,23.859977017952858,4,0.723096,0.258187,0.0,0.723096,0.0,0.018717,0.0,0.0
tetra_N3,3,0,0.8,36,14,23.931168999550472,4,0.80958,0.16873,0.0,0.80958,0.0,0.02169,0.0,0.0
tetra_N3,3,0,0.8,36,15,24.44287104240269,4,0.741843,0.237092,0.0,0.741843,0.0,0.021064,0.0,0.0
tetra_N3,3,0,0.8,36,16,24.69586090766129,4,0.822395,0.153505,0.0,0.822395,0.0,0.024099,0.0,0.0
tetra_N3,3,0,0.8,36,17,25.432226150254778,4,0.857544,0.117471,0.0,0.857544,0.0,0.024985,0.0,0.0
tetra_N3,3,0,0.8,36,18,26.134041831878097,4,0.954414,0.020792,0.0,0.954414,0.0,0.024794,0.0,0.0
tetra_N3,3,0,0.8,36,19,26.4790797506999,4,0.706791,0.267946,0.0,0.706791,0.0,0.025263,0.0,0.0
tetra_N3,3,0,0.8,36,20,26.770504720237874,2,0.616148,0.616148,0.0,0.370736,0.0,0.013117,0.0,0.0
tetra_N3,3,0,0.8,36,21,27.05248525200159,4,0.955308,0.013524,0.0,0.955308,0.0,0.031168,0.0,0.0
tetra_N3,3,0,0.8,36,22,27.95148328533203,4,0.955717,0.039015,0.0,0.955717,0.0,0.005268,0.0,0.0
tetra_N3,3,0,0.8,36,23,28.333948726041502,4,0.752463,0.230587,0.0,0.752463,0.0,0.01695,0.0,0.0
tetra_N3,3,0,0.8,36,24,29.1340289650779,2,0.656648,0.656648,0.0,0.334074,0.0,0.009278,0.0,0.0
tetra_N3,3,0,0.8,36,25,29.49391656448786,4,0.952293,0.016926,0.0,0.952293,0.0,0.030781,0.0,0.0
tetra_N3,3,0,0.8,36,26,29.56924675083757,4,0.924538,0.046548,0.0,0.924538,0.0,0.028914,0.0,0.0
tetra_N3,3,0,0.8,36,27,29.924316207640718,4,0.954451,0.01508,0.0,0.954451,0.0,0.030469,0.0,0.0
tetra_N3,3,0,0.8,36,28,30.106971511851423,4,0.930209,0.015638,0.0,0.930209,0.0,0.054152,0.0,0.0
tetra_N3,3,0,0.8,36,29,30.491839657270837,4,0.689103,0.289937,0.0,0.689103,0.0,0.020959,0.0,0.0
tetra_N3,3,0,0.8,36,30,30.90606481511958,4,0.515624,0.466097,0.0,0.515624,0.0,0.018279,0.0,0.0
tetra_N3,3,0,0.8,36,31,31.130896249412462,4,0.888302,0.080681,0.0,0.888302,0.0,0.031016,0.0,0.0
tetra_N3,3,0,0.4,36,0,2.6791259703692334,2,0.997476,0.997476,0.0,0.002452,0.0,7.2e-05,0.0,0.0
tetra_N3,3,0,0.4,36,1,7.2438031700723435,2,0.721712,0.721712,0.0,0.27662,0.0,0.001668,0.0,0.0
tetra_N3,3,0,0.4,36,2,9.928068675366474,4,0.993085,0.002905,0.0,0.993085,0.0,0.00401,0.0,0.0
tetra_N3,3,0,0.4,36,3,10.127677026830424,4,0.984469,0.011756,0.0,0.984469,0.0,0.003775,0.0,0.0
tetra_N3,3,0,0.4,36,4,10.584579907441633,4,0.974153,0.022286,0.0,0.974153,0.0,0.003562,0.0,0.0
tetra_N3,3,0,0.4,36,5,11.357838179131118,4,0.960696,0.035986,0.0,0.960696,0.0,0.003317,0.0,0.0
tetra_N3,3,0,0.4,36,6,12.072169556309968,2,0.523494,0.523494,0.0,0.426149,0.0,0.050356,0.0,0.0
tetra_N3,3,0,0.4,36,7,12.567376147638836,4,0.93767,0.059047,0.0,0.93767,0.0,0.003283,0.0,0.0
tetra_N3,3,0,0.4,36,8,14.263460116271665,4,0.859713,0.131967,0.0,0.859713,0.0,0.008321,0.0,0.0
tetra_N3,3,0,0.4,36,9,15.502115519354613,4,0.867489,0.122489,0.0,0.867489,0.0,0.010022,0.0,0.0
tetra_N3,3,0,0.4,36,10,16.787204441770278,4,0.663992,0.112542,0.0,0.663992,0.0,0.223466,0.0,0.0
tetra_N3,3,0,0.4,36,11,16.91340242131983,4,0.590042,0.25902,0.0,0.590042,0.0,0.150938,0.0,0.0
tetra_N3,3,0,0.4,36,12,17.137431697129298,4,0.709515,0.008783,0.0,0.709515,0.0,0.281702,0.0,0.0
tetra_N3,3,0,0.4,36,13,17.31815898550562,4,0.70066,0.02064,0.0,0.70066,0.0,0.278701,0.0,0.0
tetra_N3,3,0,0.4,36,14,17.747597243033155,4,0.688461,0.046247,0.0,0.688461,0.0,0.265291,0.0,0.0
tetra_N3,3,0,0.4,36,15,18.01848104453438,4,0.690105,0.024532,0.0,0.690105,0.0,0.285363,0.0,0.0
tetra_N3,3,0,0.4,36,16,18.585134486044,4,0.929124,0.046415,0.0,0.929124,0.0,0.024461,0.0,0.0
tetra_N3,3,0,0.4,36,17,18.740488787777306,4,0.539648,0.231137,0.0,0.539648,0.0,0.229215,0.0,0.0
tetra_N3,3,0,0.4,36,18,19.13242214352484,4,0.666571,0.054805,0.0,0.666571,0.0,0.278624,0.0,0.0
tetra_N3,3,0,0.4,36,19,19.39128016246726,4,0.691383,0.068844,0.0,0.691383,0.0,0.239773,0.0,0.0
tetra_N3,3,0,0.4,36,20,20.514206563694067,4,0.657973,0.060663,0.0,0.657973,0.0,0.281364,0.0,0.0
tetra_N3,3,0,0.4,36,21,21.083216128427075,4,0.516465,0.063668,0.0,0.516465,0.0,0.419866,0.0,0.0
tetra_N3,3,0,0.4,36,22,21.152483621236183,6,0.952415,0.000316,0.0,0.047269,0.0,0.952415,0.0,0.0
tetra_N3,3,0,0.4,36,23,21.724721466533307,6,0.502416,0.134169,0.0,0.363415,0.0,0.502416,0.0,0.0
tetra_N3,3,0,0.4,36,24,22.192879705246142,6,0.775372,0.010443,0.0,0.214185,0.0,0.775372,0.0,0.0
tetra_N3,3,0,0.4,36,25,22.20666561100488,4,0.560848,0.043791,0.0,0.560848,0.0,0.395361,0.0,0.0
tetra_N3,3,0,0.4,36,26,22.506451947975254,4,0.645884,0.047701,0.0,0.645884,0.0,0.306415,0.0,0.0
tetra_N3,3,0,0.4,36,27,22.859430874261747,6,0.889398,0.001635,0.0,0.108967,0.0,0.889398,0.0,0.0
tetra_N3,3,0,0.4,36,28,22.87350772449307,6,0.908512,0.019777,0.0,0.071711,0.0,0.908512,0.0,0.0
tetra_N3,3,0,0.4,36,29,22.942837974576236,6,0.846472,0.004851,0.0,0.148677,0.0,0.846472,0.0,0.0
tetra_N3,3,0,0.4,36,30,23.200539039733986,4,0.480185,0.203515,0.0,0.480185,0.0,0.3163,0.0,0.0
tetra_N3,3,0,0.4,36,31,23.431994246141148,6,0.752734,0.102428,0.0,0.144838,0.0,0.752734,0.0,0.0
tetra_N3,3,0,0.1,36,0,0.28602016051691764,2,0.996727,0.996727,0.0,0.00261,0.0,0.000664,0.0,0.0
tetra_N3,3,0,0.1,36,1,0.8567481840131468,4,0.684385,0.307836,0.0,0.684385,0.0,0.007779,0.0,0.0
tetra_N3,3,0,0.1,36,2,0.9977882180363905,4,0.995564,0.004162,0.0,0.995564,0.0,0.000274,0.0,0.0
tetra_N3,3,0,0.1,36,3,1.0149590591971758,4,0.989745,0.009918,0.0,0.989745,0.0,0.000337,0.0,0.0
tetra_N3,3,0,0.1,36,4,1.055807508659602,4,0.984722,0.014869,0.0,0.984722,0.0,0.000409,0.0,0.0
tetra_N3,3,0,0.1,36,5,1.124729834014816,4,0.980279,0.019261,0.0,0.980279,0.0,0.00046,0.0,0.0
tetra_N3,3,0,0.1,36,6,1.2341108927559108,4,0.976556,0.022971,0.0,0.976556,0.0,0.000474,0.0,0.0
tetra_N3,3,0,0.1,36,7,1.4113643126015227,4,0.973303,0.026257,0.0,0.973303,0.0,0.00044,0.0,0.0
tetra_N3,3,0,0.1,36,8,1.4280999856474523,4,0.621966,0.109074,0.0,0.621966,0.0,0.268959,0.0,0.0
tetra_N3,3,0,0.1,36,9,1.7257997807255652,4,0.969683,0.029936,0.0,0.969683,0.0,0.000381,0.0,0.0
tetra_N3,3,0,0.1,36,10,1.8122895803773338,6,0.62076,0.013122,0.0,0.366118,0.0,0.62076,0.0,0.0
tetra_N3,3,0,0.1,36,11,1.8397207577068997,6,0.675315,0.002351,0.0,0.322334,0.0,0.675315,0.0,0.0
tetra_N3,3,0,0.1,36,12,1.8726306064333182,6,0.655264,0.007422,0.0,0.337315,0.0,0.655264,0.0,0.0
tetra_N3,3,0,0.1,36,13,1.8812567161304892,6,0.663566,0.004859,0.0,0.331575,0.0,0.663566,0.0,0.0
tetra_N3,3,0,0.1,36,14,1.8946760729852292,6,0.523747,0.02885,0.0,0.447403,0.0,0.523747,0.0,0.0
tetra_N3,3,0,0.1,36,15,1.9532256662757466,6,0.649811,0.009304,0.0,0.340885,0.0,0.649811,0.0,0.0
tetra_N3,3,0,0.1,36,16,1.993065406460266,6,0.650026,0.007238,0.0,0.342736,0.0,0.650026,0.0,0.0
tetra_N3,3,0,0.1,36,17,2.026071800261211,6,0.961507,0.000111,0.0,0.038382,0.0,0.961507,0.0,0.0
tetra_N3,3,0,0.1,36,18,2.061669600189097,6,0.646829,0.01029,0.0,0.342881,0.0,0.646829,0.0,0.0
tetra_N3,3,0,0.1,36,19,2.122236926331272,6,0.758788,0.004424,0.0,0.236787,0.0,0.758788,0.0,0.0
tetra_N3,3,0,0.1,36,20,2.1311625086630546,6,0.923802,0.000601,0.0,0.075598,0.0,0.923802,0.0,0.0
tetra_N3,3,0,0.1,36,21,2.187458401403912,6,0.92748,0.000555,0.0,0.071966,0.0,0.92748,0.0,0.0
tetra_N3,3,0,0.1,36,22,2.20965068012297,6,0.849244,0.004835,0.0,0.145922,0.0,0.849244,0.0,0.0
tetra_N3,3,0,0.1,36,23,2.211614530882696,6,0.646588,0.010617,0.0,0.342795,0.0,0.646588,0.0,0.0
tetra_N3,3,0,0.1,36,24,2.2428271222716534,6,0.643628,0.00853,0.0,0.347842,0.0,0.643628,0.0,0.0
tetra_N3,3,0,0.1,36,25,2.2587206113396485,6,0.905786,0.000668,0.0,0.093546,0.0,0.905786,0.0,0.0
tetra_N3,3,0,0.1,36,26,2.264054139447885,6,0.938617,0.001232,0.0,0.06015,0.0,0.938617,0.0,0.0
tetra_N3,3,0,0.1,36,27,2.3348014288982513,6,0.895509,0.003373,0.0,0.101118,0.0,0.895509,0.0,0.0
tetra_N3,3,0,0.1,36,28,2.3368125836636815,6,0.897976,0.00211,0.0,0.099913,0.0,0.897976,0.0,0.0
tetra_N3,3,0,0.1,36,29,2.3526563684568114,6,0.901257,0.000991,0.0,0.097752,0.0,0.901257,0.0,0.0
tetra_N3,3,0,0.1,36,30,2.3737859158858887,6,0.897626,0.00142,0.0,0.100954,0.0,0.897626,0.0,0.0
tetra_N3,3,0,0.1,36,31,2.41202544960365,6,0.640752,0.009763,0.0,0.349485,0.0,0.640752,0.0,0.0
tetra_N3,3,0,1.6,40,0,4.572497371774377,2,0.999814,0.999814,0.0,0.000186,0.0,0.0,0.0,0.0
tetra_N3,3,0,1.6,40,1,6.6213970228852235,2,0.998673,0.998673,0.0,0.001327,0.0,0.0,0.0,0.0
tetra_N3,3,0,1.6,40,2,8.204484921204763,2,0.998542,0.998542,0.0,0.001457,0.0,1e-06,0.0,0.0
tetra_N3,3,0,1.6,40,3,9.642933505908175,2,0.998143,0.998143,0.0,0.001856,0.0,1e-06,0.0,0.0
tetra_N3,3,0,1.6,40,4,10.917332059771216,2,0.997941,0.997941,0.0,0.002057,0.0,2e-06,0.0,0.0
tetra_N3,3,0,1.6,40,5,12.085304618855936,2,0.997657,0.997657,0.0,0.002341,0.0,2e-06,0.0,0.0
tetra_N3,3,0,1.6,40,6,13.132272643231204,2,0.997457,0.997457,0.0,0.00254,0.0,3e-06,0.0,0.0
tetra_N3,3,0,1.6,40,7,14.081284492262128,2,0.997219,0.997219,0.0,0.002777,0.0,3e-06,0.0,0.0
tetra_N3,3,0,1.6,40,8,14.921618934937875,2,0.997029,0.997029,0.0,0.002968,0.0,4e-06,0.0,0.0
tetra_N3,3,0,1.6,40,9,15.663062285252817,2,0.996819,0.996819,0.0,0.003177,0.0,4e-06,0.0,0.0
tetra_N3,3,0,1.6,40,10,16.294879073431865,2,0.996641,0.996641,0.0,0.003354,0.0,5e-06,0.0,0.0
tetra_N3,3,0,1.6,40,11,16.81114278964173,2,0.996437,0.996437,0.0,0.003558,0.0,5e-06,0.0,0.0
tetra_N3,3,0,1.6,40,12,17.248401041931384,2,0.996366,0.996366,0.0,0.003629,0.0,5e-06,0.0,0.0
tetra_N3,3,0,1.6,40,13,17.37709486895916,2,0.996176,0.996176,0.0,0.003818,0.0,6e-06,0.0,0.0
tetra_N3,3,0,1.6,40,14,18.158632701373158,4,0.999502,3.4e-05,0.0,0.999502,0.0,0.000464,0.0,0.0
tetra_N3,3,0,1.6,40,15,18.409166982633167,2,0.99656,0.99656,0.0,0.003435,0.0,5e-06,0.0,0.0
tetra_N3,3,0,1.6,40,16,18.41082520866531,2,0.991803,0.991803,0.0,0.00819,0.0,7e-06,0.0,0.0
tetra_N3,3,0,1.6,40,17,18.430922508527416,4,0.994536,0.004998,0.0,0.994536,0.0,0.000467,0.0,0.0
tetra_N3,3,0,1.6,40,18,18.909810363030008,4,0.999156,0.00036,0.0,0.999156,0.0,0.000484,0.0,0.0
tetra_N3,3,0,1.6,40,19,19.808271548563983,4,0.999333,0.000172,0.0,0.999333,0.0,0.000496,0.0,0.0
tetra_N3,3,0,1.6,40,20,21.239131068380598,4,0.998161,0.000334,0.0,0.998161,0.0,0.001505,0.0,0.0
tetra_N3,3,0,1.6,40,21,21.343311640469715,4,0.999351,0.000119,0.0,0.999351,0.0,0.00053,0.0,0.0
tetra_N3,3,0,1.6,40,22,21.72773571841907,2,0.99703,0.99703,0.0,0.002966,0.0,4e-06,0.0,0.0
tetra_N3,3,0,1.6,40,23,21.7311505591362,2,0.997,0.997,0.0,0.002997,0.0,4e-06,0.0,0.0
tetra_N3,3,0,1.6,40,24,21.86406242956238,4,0.99828,1.1e-05,0.0,0.99828,0.0,0.001709,0.0,0.0
tetra_N3,3,0,1.6,40,25,22.067760514786197,4,0.998238,1.8e-05,0.0,0.998238,0.0,0.001744,0.0,0.0
tetra_N3,3,0,1.6,40,26,22.40864825985696,4,0.998262,3.8e-05,0.0,0.998262,0.0,0.0017,0.0,0.0
tetra_N3,3,0,1.6,40,27,22.888526441490264,4,0.998073,5e-05,0.0,0.998073,0.0,0.001877,0.0,0.0
tetra_N3,3,0,1.6,40,28,23.131870967229844,4,0.998002,0.00012,0.0,0.998002,0.0,0.001878,0.0,0.0
tetra_N3,3,0,1.6,40,29,23.429534163694278,4,0.998085,0.000104,0.0,0.998085,0.0,0.001811,0.0,0.0
tetra_N3,3,0,1.6,40,30,23.820549070225287,4,0.999299,0.000134,0.0,0.999299,0.0,0.000567,0.0,0.0
tetra_N3,3,0,1.6,40,31,24.263040243845467,4,0.998156,6.3e-05,0.0,0.998156,0.0,0.001781,0.0,0.0
tetra_N3,3,0,0.8,40,0,4.27207404931531,2,0.999049,0.999049,0.0,0.000947,0.0,4e-06,0.0,0.0
tetra_N3,3,0,0.8,40,1,8.504696583836047,2,0.977343,0.977343,0.0,0.022622,0.0,3.6e-05,0.0,0.0
tetra_N3,3,0,0.8,40,2,12.341255583503383,2,0.973553,0.973553,0.0,0.026184,0.0,0.000263,0.0,0.0
tetra_N3,3,0,0.8,40,3,15.730395528765492,2,0.882787,0.882787,0.0,0.116863,0.0,0.00035,0.0,0.0
tetra_N3,3,0,0.8,40,4,16.742137626565544,4,0.99173,0.005931,0.0,0.99173,0.0,0.002339,0.0,0.0
tetra_N3,3,0,0.8,40,5,17.113833015778916,4,0.964333,0.033353,0.0,0.964333,0.0,0.002314,0.0,0.0
tetra_N3,3,0,0.8,40,6,17.774680926561285,4,0.954836,0.042825,0.0,0.954836,0.0,0.002339,0.0,0.0
tetra_N3,3,0,0.8,40,7,18.50521454236422,4,0.980771,0.016684,0.0,0.980771,0.0,0.002544,0.0,0.0
tetra_N3,3,0,0.8,40,8,19.081330899612116,2,0.942026,0.942026,0.0,0.057083,0.0,0.000891,0.0,0.0
tetra_N3,3,0,0.8,40,9,19.653154427176876,4,0.983011,0.014204,0.0,0.983011,0.0,0.002785,0.0,0.0
tetra_N3,3,0,0.8,40,10,21.64518769553174,4,0.983409,0.013492,0.0,0.983409,0.0,0.003099,0.0,0.0
tetra_N3,3,0,0.8,40,11,22.16123324191633,2,0.911618,0.911618,0.0,0.087316,0.0,0.001066,0.0,0.0
tetra_N3,3,0,0.8,40,12,23.035354870405804,4,0.956649,0.020241,0.0,0.956649,0.0,0.02311,0.0,0.0
tetra_N3,3,0,0.8,40,13,24.07193805143104,4,0.965963,0.008244,0.0,0.965963,0.0,0.025793,0.0,0.0
tetra_N3,3,0,0.8,40,14,24.17553792803632,4,0.80542,0.174599,0.0,0.80542,0.0,0.01998,0.0,0.0
tetra_N3,3,0,0.8,40,15,24.61984423054522,4,0.935152,0.038183,0.0,0.935152,0.0,0.026665,0.0,0.0
tetra_N3,3,0,0.8,40,16,24.759352329357505,4,0.597356,0.387231,0.0,0.597356,0.0,0.015414,0.0,0.0
tetra_N3,3,0,0.8,40,17,24.84754669112966,4,0.979582,0.016183,0.0,0.979582,0.0,0.004235,0.0,0.0
tetra_N3,3,0,0.8,40,18,25.55000269238223,4,0.66217,0.320359,0.0,0.66217,0.0,0.01747,0.0,0.0
tetra_N3,3,0,0.8,40,19,25.785717901079114,4,0.965288,0.006281,0.0,0.965288,0.0,0.028431,0.0,0.0
tetra_N3,3,0,0.8,40,20,26.75776509923306,4,0.949273,0.024962,0.0,0.949273,0.0,0.025764,0.0,0.0
tetra_N3,3,0,0.8,40,21,26.945113355834774,4,0.927024,0.037658,0.0,0.927024,0.0,0.035317,0.0,0.0
tetra_N3,3,0,0.8,40,22,27.43846602959077,2,0.864578,0.864578,0.0,0.13252,0.0,0.002901,0.0,0.0
tetra_N3,3,0,0.8,40,23,27.59652999930382,4,0.963837,0.011516,0.0,0.963837,0.0,0.024647,0.0,0.0
tetra_N3,3,0,0.8,40,24,28.810483733863506,4,0.92477,0.04576,0.0,0.92477,0.0,0.029469,0.0,0.0
tetra_N3,3,0,0.8,40,25,29.878231068592488,2,0.783304,0.783304,0.0,0.210569,0.0,0.006128,0.0,0.0
tetra_N3,3,0,0.8,40,26,29.89128961659826,4,0.960804,0.010238,0.0,0.960804,0.0,0.028958,0.0,0.0
tetra_N3,3,0,0.8,40,27,30.2407270374651,4,0.960119,0.019999,0.0,0.960119,0.0,0.019882,0.0,0.0
tetra_N3,3,0,0.8,40,28,30.288225097649843,4,0.926512,0.039853,0.0,0.926512,0.0,0.033635,0.0,0.0
tetra_N3,3,0,0.8,40,29,30.30450701873817,4,0.962361,0.024411,0.0,0.962361,0.0,0.013229,0.0,0.0
tetra_N3,3,0,0.8,40,30,30.562817646086184,4,0.945495,0.025591,0.0,0.945495,0.0,0.028914,0.0,0.0
tetra_N3,3,0,0.8,40,31,30.618271317810848,4,0.907873,0.053551,0.0,0.907873,0.0,0.038576,0.0,0.0
tetra_N3,3,0,0.4,40,0,2.7039696394472528,2,0.997501,0.997501,0.0,0.00243,0.0,6.9e-05,0.0,0.0
tetra_N3,3,0,0.4,40,1,7.346017377510131,2,0.725149,0.725149,0.0,0.273211,0.0,0.00164,0.0,0.0
tetra_N3,3,0,0.4,40,2,10.067351950080782,4,0.993732,0.002161,0.0,0.993732,0.0,0.004107,0.0,0.0
tetra_N3,3,0,0.4,40,3,10.231288492731046,4,0.987125,0.008956,0.0,0.987125,0.0,0.00392,0.0,0.0
tetra_N3,3,0,0.4,40,4,10.60215647029829,4,0.979178,0.017066,0.0,0.979178,0.0,0.003756,0.0,0.0
tetra_N3,3,0,0.4,40,5,11.217262096075402,4,0.969214,0.027218,0.0,0.969214,0.0,0.003568,0.0,0.0
tetra_N3,3,0,0.4,40,6,12.153227748126954,4,0.954664,0.041934,0.0,0.954664,0.0,0.003403,0.0,0.0
tetra_N3,3,0,0.4,40,7,12.293733597840877,2,0.530201,0.530201,0.0,0.420748,0.0,0.049051,0.0,0.0
tetra_N3,3,0,0.4,40,8,13.518783912403102,4,0.921348,0.07456,0.0,0.921348,0.0,0.004092,0.0,0.0
tetra_N3,3,0,0.4,40,9,14.998707101552789,4,0.835587,0.152091,0.0,0.835587,0.0,0.012322,0.0,0.0
tetra_N3,3,0,0.4,40,10,16.40805358447772,4,0.892461,0.104039,0.0,0.892461,0.0,0.0035,0.0,0.0
tetra_N3,3,0,0.4,40,11,17.14536413800581,4,0.668292,0.108223,0.0,0.668292,0.0,0.223485,0.0,0.0
tetra_N3,3,0,0.4,40,12,17.336393616399587,4,0.619642,0.221498,0.0,0.619642,0.0,0.158861,0.0,0.0
tetra_N3,3,0,0.4,40,13,17.441574438702474,4,0.717102,0.002895,0.0,0.717102,0.0,0.280004,0.0,0.0
tetra_N3,3,0,0.4,40,14,17.697226176576553,4,0.697433,0.033863,0.0,0.697433,0.0,0.268703,0.0,0.0
tetra_N3,3,0,0.4,40,15,17.798413692753197,4,0.712841,0.010633,0.0,0.712841,0.0,0.276526,0.0,0.0
tetra_N3,3,0,0.4,40,16,18.362234226059,4,0.681457,0.045004,0.0,0.681457,0.0,0.273539,0.0,0.0
tetra_N3,3,0,0.4,40,17,18.67936142404111,4,0.668534,0.073018,0.0,0.668534,0.0,0.258448,0.0,0.0
tetra_N3,3,0,0.4,40,18,19.166281993334493,4,0.59871,0.166283,0.0,0.59871,0.0,0.235007,0.0,0.0
tetra_N3,3,0,0.4,40,19,19.429342668684356,4,0.645256,0.10011,0.0,0.645256,0.0,0.254634,0.0,0.0
tetra_N3,3,0,0.4,40,20,20.247650047138595,4,0.896832,0.075857,0.0,0.896832,0.0,0.02731,0.0,0.0
tetra_N3,3,0,0.4,40,21,20.5919604897807,4,0.701631,0.062202,0.0,0.701631,0.0,0.236167,0.0,0.0
tetra_N3,3,0,0.4,40,22,20.65092749812655,4,0.694445,0.019363,0.0,0.694445,0.0,0.286192,0.0,0.0
tetra_N3,3,0,0.4,40,23,21.574404013762365,4,0.498672,0.0628,0.0,0.498672,0.0,0.438528,0.0,0.0
tetra_N3,3,0,0.4,40,24,21.950182474499012,6,0.937825,0.000317,0.0,0.061858,0.0,0.937825,0.0,0.0
tetra_N3,3,0,0.4,40,25,22.32954213262584,6,0.517555,0.113952,0.0,0.368493,0.0,0.517555,0.0,0.0
tetra_N3,3,0,0.4,40,26,22.342511960394642,6,0.918979,0.001467,0.0,0.079554,0.0,0.918979,0.0,0.0
tetra_N3,3,0,0.4,40,27,22.37787566105372,4,0.650203,0.04215,0.0,0.650203,0.0,0.307647,0.0,0.0
tetra_N3,3,0,0.4,40,28,23.38600195649821,6,0.885035,0.002064,0.0,0.112901,0.0,0.885035,0.0,0.0
tetra_N3,3,0,0.4,40,29,23.41769138151239,6,0.853739,0.009649,0.0,0.136611,0.0,0.853739,0.0,0.0
tetra_N3,3,0,0.4,40,30,23.418669118157375,6,0.93298,0.014047,0.0,0.052974,0.0,0.93298,0.0,0.0
tetra_N3,3,0,0.4,40,31,23.76335149906096,4,0.481678,0.197497,0.0,0.481678,0.0,0.320825,0.0,0.0
tetra_N3,3,0,0.1,40,0,0.291604644456333,2,0.996674,0.996674,0.0,0.002656,0.0,0.00067,0.0,0.0
tetra_N3,3,0,0.1,40,1,0.8779673322802717,4,0.684607,0.307449,0.0,0.684607,0.0,0.007944,0.0,0.0
tetra_N3,3,0,0.1,40,2,1.0222020767096118,4,0.996216,0.003481,0.0,0.996216,0.0,0.000303,0.0,0.0
tetra_N3,3,0,0.1,40,3,1.0361155584069035,4,0.991539,0.008111,0.0,0.991539,0.0,0.00035,0.0,0.0
tetra_N3,3,0,0.1,40,4,1.0693479508396648,4,0.98744,0.01215,0.0,0.98744,0.0,0.00041,0.0,0.0
tetra_N3,3,0,0.1,40,5,1.1242778233745652,4,0.983668,0.015874,0.0,0.983668,0.0,0.000458,0.0,0.0
tetra_N3,3,0,0.1,40,6,1.2081797630886193,4,0.980428,0.01909,0.0,0.980428,0.0,0.000482,0.0,0.0
tetra_N3,3,0,0.1,40,7,1.3356476067045735,4,0.977644,0.021882,0.0,0.977644,0.0,0.000474,0.0,0.0
tetra_N3,3,0,0.1,40,8,1.4695350383831485,4,0.620882,0.108829,0.0,0.620882,0.0,0.270289,0.0,0.0
tetra_N3,3,0,0.1,40,9,1.5377072261258151,4,0.975075,0.0245,0.0,0.975075,0.0,0.000426,0.0,0.0
tetra_N3,3,0,0.1,40,10,1.8675342384815872,6,0.626398,0.012119,0.0,0.361483,0.0,0.626398,0.0,0.0
tetra_N3,3,0,0.1,40,11,1.8918527833696253,4,0.970315,0.028657,0.0,0.970315,0.0,0.001028,0.0,0.0
tetra_N3,3,0,0.1,40,12,1.899697701626937,6,0.673371,0.003248,0.0,0.323381,0.0,0.673371,0.0,0.0
tetra_N3,3,0,0.1,40,13,1.9080262312587206,6,0.674455,0.002693,0.0,0.322852,0.0,0.674455,0.0,0.0
tetra_N3,3,0,0.1,40,14,1.9429393839717248,6,0.659121,0.007193,0.0,0.333686,0.0,0.659121,0.0,0.0
tetra_N3,3,0,0.1,40,15,1.9582126922623706,6,0.52618,0.027433,0.0,0.446386,0.0,0.52618,0.0,0.0
tetra_N3,3,0,0.1,40,16,1.9792356613566287,6,0.661175,0.005373,0.0,0.333451,0.0,0.661175,0.0,0.0
tetra_N3,3,0,0.1,40,17,2.014211784091655,6,0.658574,0.007381,0.0,0.334045,0.0,0.658574,0.0,0.0
tetra_N3,3,0,0.1,40,18,2.1111248456295257,6,0.644479,0.011296,0.0,0.344226,0.0,0.644479,0.0,0.0
tetra_N3,3,0,0.1,40,19,2.1208365340779967,6,0.950978,0.000171,0.0,0.048851,0.0,0.950978,0.0,0.0
tetra_N3,3,0,0.1,40,20,2.1288694929331964,6,0.657814,0.005467,0.0,0.336718,0.0,0.657814,0.0,0.0
tetra_N3,3,0,0.1,40,21,2.155402587258401,6,0.947847,0.000268,0.0,0.051885,0.0,0.947847,0.0,0.0
tetra_N3,3,0,0.1,40,22,2.1934190183087834,6,0.756094,0.005185,0.0,0.23872,0.0,0.756094,0.0,0.0
tetra_N3,3,0,0.1,40,23,2.2486023225006586,6,0.662252,0.006751,0.0,0.330997,0.0,0.662252,0.0,0.0
tetra_N3,3,0,0.1,40,24,2.260429992418194,6,0.925263,0.000688,0.0,0.074049,0.0,0.925263,0.0,0.0
tetra_N3,3,0,0.1,40,25,2.2854176092315237,6,0.853809,0.004643,0.0,0.141549,0.0,0.853809,0.0,0.0
tetra_N3,3,0,0.1,40,26,2.298272089257558,6,0.92364,0.000722,0.0,0.075638,0.0,0.92364,0.0,0.0
tetra_N3,3,0,0.1,40,27,2.3326520218324807,6,0.91785,0.001363,0.0,0.080787,0.0,0.91785,0.0,0.0
tetra_N3,3,0,0.1,40,28,2.340891571498681,6,0.950737,0.000883,0.0,0.048381,0.0,0.950737,0.0,0.0
tetra_N3,3,0,0.1,40,29,2.3755003360728155,6,0.927654,0.000587,0.0,0.071759,0.0,0.927654,0.0,0.0
tetra_N3,3,0,0.1,40,30,2.3958723851979156,6,0.883633,0.004616,0.0,0.111751,0.0,0.883633,0.0,0.0
tetra_N3,3,0,0.1,40,31,2.3960355483314215,6,0.914268,0.002503,0.0,0.083229,0.0,0.914268,0.0,0.0
tetra_N3,3,0,1.6,44,0,4.576387201985258,2,0.999818,0.999818,0.0,0.000182,0.0,0.0,0.0,0.0
tetra_N3,3,0,1.6,44,1,6.638328651503533,2,0.998685,0.998685,0.0,0.001314,0.0,0.0,0.0,0.0
tetra_N3,3,0,1.6,44,2,8.242842215632855,2,0.998568,0.998568,0.0,0.001431,0.0,1e-06,0.0,0.0
tetra_N3,3,0,1.6,44,3,9.710995627882681,2,0.998181,0.998181,0.0,0.001818,0.0,1e-06,0.0,0.0
tetra_N3,3,0,1.6,44,4,11.023221910583235,2,0.997993,0.997993,0.0,0.002005,0.0,2e-06,0.0,0.0
tetra_N3,3,0,1.6,44,5,12.237652107583358,2,0.997724,0.997724,0.0,0.002274,0.0,2e-06,0.0,0.0
tetra_N3,3,0,1.6,44,6,13.33983819761457,2,0.997539,0.997539,0.0,0.002459,0.0,3e-06,0.0,0.0
tetra_N3,3,0,1.6,44,7,14.353742899283736,2,0.997314,0.997314,0.0,0.002683,0.0,3e-06,0.0,0.0
tetra_N3,3,0,1.6,44,8,15.26928040007837,2,0.997137,0.997137,0.0,0.002859,0.0,3e-06,0.0,0.0
tetra_N3,3,0,1.6,44,9,16.09817579535871,2,0.996939,0.996939,0.0,0.003057,0.0,4e-06,0.0,0.0
tetra_N3,3,0,1.6,44,10,16.832110694092528,2,0.996773,0.996773,0.0,0.003222,0.0,4e-06,0.0,0.0
tetra_N3,3,0,1.6,44,11,17.475309047419127,2,0.99659,0.99659,0.0,0.003405,0.0,5e-06,0.0,0.0
tetra_N3,3,0,1.6,44,12,18.017756466468036,2,0.99644,0.99644,0.0,0.003554,0.0,5e-06,0.0,0.0
tetra_N3,3,0,1.6,44,13,18.18331727615888,4,0.999516,3.9e-05,0.0,0.999516,0.0,0.000445,0.0,0.0
tetra_N3,3,0,1.6,44,14,18.419041793731115,4,0.991214,0.008341,0.0,0.991214,0.0,0.000445,0.0,0.0
tetra_N3,3,0,1.6,44,15,18.43752674550841,2,0.988099,0.988099,0.0,0.011891,0.0,9e-06,0.0,0.0
tetra_N3,3,0,1.6,44,16,18.828794172056796,4,0.998867,0.000672,0.0,0.998867,0.0,0.000461,0.0,0.0
tetra_N3,3,0,1.6,44,17,18.859323607739494,2,0.996272,0.996272,0.0,0.003723,0.0,6e-06,0.0,0.0
tetra_N3,3,0,1.6,44,18,18.917548566527948,2,0.995828,0.995828,0.0,0.004166,0.0,6e-06,0.0,0.0
tetra_N3,3,0,1.6,44,19,19.54692330179856,4,0.999328,0.000202,0.0,0.999328,0.0,0.00047,0.0,0.0
tetra_N3,3,0,1.6,44,20,20.139016850687327,2,0.996522,0.996522,0.0,0.003473,0.0,5e-06,0.0,0.0
tetra_N3,3,0,1.6,44,21,20.14039931809634,2,0.996502,0.996502,0.0,0.003493,0.0,5e-06,0.0,0.0
tetra_N3,3,0,1.6,44,22,20.752350236882307,4,0.999405,0.000106,0.0,0.999405,0.0,0.000488,0.0,0.0
tetra_N3,3,0,1.6,44,23,21.31209400653663,4,0.998214,0.000322,0.0,0.998214,0.0,0.001464,0.0,0.0
tetra_N3,3,0,1.6,44,24,21.931410590977546,4,0.998325,4e-06,0.0,0.998325,0.0,0.001671,0.0,0.0
tetra_N3,3,0,1.6,44,25,22.08852232344943,4,0.998311,1.4e-05,0.0,0.998311,0.0,0.001675,0.0,0.0
tetra_N3,3,0,1.6,44,26,22.39267779652124,4,0.998305,2.3e-05,0.0,0.998305,0.0,0.001672,0.0,0.0
tetra_N3,3,0,1.6,44,27,22.582726356851108,4,0.999368,4.4e-05,0.0,0.999368,0.0,0.000589,0.0,0.0
tetra_N3,3,0,1.6,44,28,22.740665825908682,4,0.998158,5.1e-05,0.0,0.998158,0.0,0.001792,0.0,0.0
tetra_N3,3,0,1.6,44,29,23.278035872862432,4,0.998251,6.1e-05,0.0,0.998251,0.0,0.001687,0.0,0.0
tetra_N3,3,0,1.6,44,30,23.306315601226327,4,0.998003,0.000226,0.0,0.998003,0.0,0.00177,0.0,0.0
tetra_N3,3,0,1.6,44,31,23.811424658652346,2,0.990871,0.990871,0.0,0.009113,0.0,1.5e-05,0.0,0.0
tetra_N3,3,0,0.8,44,0,4.281626518624542,2,0.999074,0.999074,0.0,0.000923,0.0,3e-06,0.0,0.0
tetra_N3,3,0,0.8,44,1,8.543032904460203,2,0.977656,0.977656,0.0,0.02231,0.0,3.4e-05,0.0,0.0
tetra_N3,3,0,0.8,44,2,12.427284222175743,2,0.974096,0.974096,0.0,0.025651,0.0,0.000253,0.0,0.0
tetra_N3,3,0,0.8,44,3,15.877209129774494,2,0.876137,0.876137,0.0,0.123515,0.0,0.000348,0.0,0.0
tetra_N3,3,0,0.8,44,4,16.80272032518926,4,0.992781,0.004962,0.0,0.992781,0.0,0.002257,0.0,0.0
tetra_N3,3,0,0.8,44,5,17.111725816695404,4,0.968249,0.029518,0.0,0.968249,0.0,0.002233,0.0,0.0
tetra_N3,3,0,0.8,44,6,17.68329468474209,4,0.954048,0.04371,0.0,0.954048,0.0,0.002241,0.0,0.0
tetra_N3,3,0,0.8,44,7,18.35380215874744,4,0.9741,0.023531,0.0,0.9741,0.0,0.002369,0.0,0.0
tetra_N3,3,0,0.8,44,8,19.230954313533243,4,0.986133,0.01127,0.0,0.986133,0.0,0.002597,0.0,0.0
tetra_N3,3,0,0.8,44,9,19.319524019095745,2,0.942552,0.942552,0.0,0.056579,0.0,0.000869,0.0,0.0
tetra_N3,3,0,0.8,44,10,20.743866326444124,4,0.987837,0.009372,0.0,0.987837,0.0,0.002791,0.0,0.0
tetra_N3,3,0,0.8,44,11,22.463373476251157,2,0.856894,0.856894,0.0,0.141877,0.0,0.00123,0.0,0.0
tetra_N3,3,0,0.8,44,12,23.118672524779807,4,0.92109,0.076007,0.0,0.92109,0.0,0.002904,0.0,0.0
tetra_N3,3,0,0.8,44,13,23.178488020155516,4,0.95707,0.020395,0.0,0.95707,0.0,0.022535,0.0,0.0
tetra_N3,3,0,0.8,44,14,24.21288470432705,4,0.962291,0.013016,0.0,0.962291,0.0,0.024693,0.0,0.0
tetra_N3,3,0,0.8,44,15,24.360784843287092,4,0.927825,0.048289,0.0,0.927825,0.0,0.023886,0.0,0.0
tetra_N3,3,0,0.8,44,16,24.62504725023727,4,0.892289,0.084548,0.0,0.892289,0.0,0.023162,0.0,0.0
tetra_N3,3,0,0.8,44,17,24.964635768186557,4,0.790907,0.188664,0.0,0.790907,0.0,0.020428,0.0,0.0
tetra_N3,3,0,0.8,44,18,25.48478287385792,4,0.7301,0.249639,0.0,0.7301,0.0,0.02026,0.0,0.0
tetra_N3,3,0,0.8,44,19,25.78110345670991,4,0.698777,0.281489,0.0,0.698777,0.0,0.019733,0.0,0.0
tetra_N3,3,0,0.8,44,20,26.51405269044344,4,0.891412,0.087529,0.0,0.891412,0.0,0.02106,0.0,0.0
tetra_N3,3,0,0.8,44,21,26.5461848331171,4,0.971868,0.016459,0.0,0.971868,0.0,0.011673,0.0,0.0
tetra_N3,3,0,0.8,44,22,27.08235066853166,4,0.96642,0.004809,0.0,0.96642,0.0,0.02877,0.0,0.0
tetra_N3,3,0,0.8,44,23,27.353450750719393,4,0.960854,0.011354,0.0,0.960854,0.0,0.027792,0.0,0.0
tetra_N3,3,0,0.8,44,24,28.04822428190285,2,0.885487,0.885487,0.0,0.11243,0.0,0.002082,0.0,0.0
tetra_N3,3,0,0.8,44,25,28.23259272000882,4,0.952351,0.023128,0.0,0.952351,0.0,0.024522,0.0,0.0
tetra_N3,3,0,0.8,44,26,29.086433157999988,4,0.966941,0.00871,0.0,0.966941,0.0,0.02435,0.0,0.0
tetra_N3,3,0,0.8,44,27,30.17883012962987,4,0.968637,0.003147,0.0,0.968637,0.0,0.028216,0.0,0.0
tetra_N3,3,0,0.8,44,28,30.40415631540395,4,0.951048,0.020866,0.0,0.951048,0.0,0.028087,0.0,0.0
tetra_N3,3,0,0.8,44,29,30.573929501074524,2,0.504996,0.504996,0.0,0.480205,0.0,0.014799,0.0,0.0
tetra_N3,3,0,0.8,44,30,30.68389369098695,4,0.732909,0.229503,0.0,0.732909,0.0,0.037587,0.0,0.0
tetra_N3,3,0,0.8,44,31,30.779384710275757,4,0.961495,0.009761,0.0,0.961495,0.0,0.028744,0.0,0.0
tetra_N3,3,0,0.4,44,0,2.725338370049856,2,0.997525,0.997525,0.0,0.002408,0.0,6.7e-05,0.0,0.0
tetra_N3,3,0,0.4,44,1,7.433830080791436,2,0.728196,0.728196,0.0,0.270192,0.0,0.001613,0.0,0.0
tetra_N3,3,0,0.4,44,2,10.187460028138048,4,0.994178,0.001651,0.0,0.994178,0.0,0.004171,0.0,0.0
tetra_N3,3,0,0.4,44,3,10.32466753085063,4,0.988989,0.006992,0.0,0.988989,0.0,0.004019,0.0,0.0
tetra_N3,3,0,0.4,44,4,10.632283876427197,4,0.982707,0.013402,0.0,0.982707,0.0,0.003891,0.0,0.0
tetra_N3,3,0,0.4,44,5,11.134919447578962,4,0.975004,0.021251,0.0,0.975004,0.0,0.003745,0.0,0.0
tetra_N3,3,0,0.4,44,6,11.883191958257479,4,0.964693,0.031717,0.0,0.964693,0.0,0.00359,0.0,0.0
tetra_N3,3,0,0.4,44,7,12.48407329199451,2,0.536248,0.536248,0.0,0.415886,0.0,0.047867,0.0,0.0
tetra_N3,3,0,0.4,44,8,12.957706478311975,4,0.946682,0.049709,0.0,0.946682,0.0,0.003609,0.0,0.0
tetra_N3,3,0,0.4,44,9,14.390576173423318,4,0.890572,0.103153,0.0,0.890572,0.0,0.006275,0.0,0.0
tetra_N3,3,0,0.4,44,10,15.563177489610315,4,0.8669,0.122516,0.0,0.8669,0.0,0.010584,0.0,0.0
tetra_N3,3,0,0.4,44,11,17.387837701735293,4,0.704972,0.240757,0.0,0.704972,0.0,0.054271,0.0,0.0
tetra_N3,3,0,0.4,44,12,17.450370198662583,4,0.672987,0.10306,0.0,0.672987,0.0,0.223954,0.0,0.0
tetra_N3,3,0,0.4,44,13,17.740472175078885,4,0.719335,0.006087,0.0,0.719335,0.0,0.274578,0.0,0.0
tetra_N3,3,0,0.4,44,14,17.86446310395602,4,0.823104,0.067426,0.0,0.823104,0.0,0.10947,0.0,0.0
tetra_N3,3,0,0.4,44,15,17.874691822942985,4,0.714625,0.014547,0.0,0.714625,0.0,0.270829,0.0,0.0
tetra_N3,3,0,0.4,44,16,18.07691492875445,4,0.707643,0.020171,0.0,0.707643,0.0,0.272186,0.0,0.0
tetra_N3,3,0,0.4,44,17,18.48700667360524,4,0.694241,0.046887,0.0,0.694241,0.0,0.258873,0.0,0.0
tetra_N3,3,0,0.4,44,18,18.70023230894462,4,0.701177,0.021081,0.0,0.701177,0.0,0.277743,0.0,0.0
tetra_N3,3,0,0.4,44,19,19.287928864347997,4,0.560628,0.220754,0.0,0.560628,0.0,0.218618,0.0,0.0
tetra_N3,3,0,0.4,44,20,19.634374348934394,4,0.684653,0.042106,0.0,0.684653,0.0,0.273241,0.0,0.0
tetra_N3,3,0,0.4,44,21,19.869592691158296,4,0.69505,0.069105,0.0,0.69505,0.0,0.235846,0.0,0.0
tetra_N3,3,0,0.4,44,22,20.748933039953926,4,0.682292,0.042133,0.0,0.682292,0.0,0.275574,0.0,0.0
tetra_N3,3,0,0.4,44,23,21.777858692374878,4,0.659627,0.062195,0.0,0.659627,0.0,0.278179,0.0,0.0
tetra_N3,3,0,0.4,44,24,21.82353273526642,4,0.774402,0.142475,0.0,0.774402,0.0,0.083123,0.0,0.0
tetra_N3,3,0,0.4,44,25,22.066282974009997,4,0.597203,0.033027,0.0,0.597203,0.0,0.36977,0.0,0.0
tetra_N3,3,0,0.4,44,26,22.168850871404057,6,0.957031,0.000223,0.0,0.042747,0.0,0.957031,0.0,0.0
tetra_N3,3,0,0.4,44,27,22.326728718250266,4,0.63035,0.032066,0.0,0.63035,0.0,0.337584,0.0,0.0
tetra_N3,3,0,0.4,44,28,22.851617237973592,6,0.928237,0.000375,0.0,0.071388,0.0,0.928237,0.0,0.0
tetra_N3,3,0,0.4,44,29,22.932122026653243,6,0.491837,0.060508,0.0,0.447655,0.0,0.491837,0.0,0.0
tetra_N3,3,0,0.4,44,30,23.12202384404789,6,0.921479,0.000946,0.0,0.077575,0.0,0.921479,0.0,0.0
tetra_N3,3,0,0.4,44,31,23.789042665620535,6,0.918373,0.000679,0.0,0.080948,0.0,0.918373,0.0,0.0
tetra_N3,3,0,0.1,44,0,0.29662551205234716,2,0.996631,0.996631,0.0,0.002695,0.0,0.000674,0.0,0.0
tetra_N3,3,0,0.1,44,1,0.8970492019531977,4,0.684766,0.307157,0.0,0.684766,0.0,0.008077,0.0,0.0
tetra_N3,3,0,0.1,44,2,1.0441632651454484,4,0.99669,0.002979,0.0,0.99669,0.0,0.000331,0.0,0.0
tetra_N3,3,0,0.1,44,3,1.055660952144549,4,0.992862,0.006771,0.0,0.992862,0.0,0.000367,0.0,0.0
tetra_N3,3,0,0.1,44,4,1.0832996181105072,4,0.989471,0.010113,0.0,0.989471,0.0,0.000416,0.0,0.0
tetra_N3,3,0,0.1,44,5,1.1283451710958385,4,0.98625,0.01329,0.0,0.98625,0.0,0.00046,0.0,0.0
tetra_N3,3,0,0.1,44,6,1.1953857195638842,4,0.983408,0.016104,0.0,0.983408,0.0,0.000487,0.0,0.0
tetra_N3,3,0,0.1,44,7,1.2930588817565865,4,0.980953,0.018555,0.0,0.980953,0.0,0.000492,0.0,0.0
tetra_N3,3,0,0.1,44,8,1.4378372546784906,4,0.978772,0.020757,0.0,0.978772,0.0,0.000471,0.0,0.0
tetra_N3,3,0,0.1,44,9,1.5067793421003346,4,0.62002,0.108652,0.0,0.62002,0.0,0.271328,0.0,0.0
tetra_N3,3,0,0.1,44,10,1.664187428912685,4,0.976641,0.022945,0.0,0.976641,0.0,0.000414,0.0,0.0
tetra_N3,3,0,0.1,44,11,1.9175488765895015,6,0.628642,0.011754,0.0,0.359604,0.0,0.628642,0.0,0.0
tetra_N3,3,0,0.1,44,12,1.9472457407308896,6,0.682951,0.001617,0.0,0.315432,0.0,0.682951,0.0,0.0
tetra_N3,3,0,0.1,44,13,1.9570029287764774,6,0.671658,0.003498,0.0,0.324844,0.0,0.671658,0.0,0.0
tetra_N3,3,0,0.1,44,14,1.989180047102685,6,0.668164,0.004631,0.0,0.327205,0.0,0.668164,0.0,0.0
tetra_N3,3,0,0.1,44,15,2.001960111140776,6,0.666363,0.005507,0.0,0.32813,0.0,0.666363,0.0,0.0
tetra_N3,3,0,0.1,44,16,2.0148289570677735,6,0.525992,0.03148,0.0,0.442528,0.0,0.525992,0.0,0.0
tetra_N3,3,0,0.1,44,17,2.0581338017042694,4,0.974006,0.022346,0.0,0.974006,0.0,0.003648,0.0,0.0
tetra_N3,3,0,0.1,44,18,2.067265783560618,6,0.6581,0.007892,0.0,0.334008,0.0,0.6581,0.0,0.0
tetra_N3,3,0,0.1,44,19,2.0866310230713885,6,0.664614,0.004689,0.0,0.330698,0.0,0.664614,0.0,0.0
tetra_N3,3,0,0.1,44,20,2.1558977823746015,6,0.963784,0.000132,0.0,0.036084,0.0,0.963784,0.0,0.0
tetra_N3,3,0,0.1,44,21,2.1593701501569944,6,0.657605,0.007969,0.0,0.334427,0.0,0.657605,0.0,0.0
tetra_N3,3,0,0.1,44,22,2.2237344200112004,6,0.94687,0.000216,0.0,0.052914,0.0,0.94687,0.0,0.0
tetra_N3,3,0,0.1,44,23,2.246453703006403,6,0.9297,0.001207,0.0,0.069093,0.0,0.9297,0.0,0.0
tetra_N3,3,0,0.1,44,24,2.2516095767335265,6,0.712484,0.010701,0.0,0.276815,0.0,0.712484,0.0,0.0
tetra_N3,3,0,0.1,44,25,2.265704211271042,6,0.69202,0.003291,0.0,0.304689,0.0,0.69202,0.0,0.0
tetra_N3,3,0,0.1,44,26,2.285417145508166,6,0.688171,0.003663,0.0,0.308166,0.0,0.688171,0.0,0.0
tetra_N3,3,0,0.1,44,27,2.3046818038136436,6,0.94454,0.000275,0.0,0.055185,0.0,0.94454,0.0,0.0
tetra_N3,3,0,0.1,44,28,2.3533168822551263,6,0.857786,0.00449,0.0,0.137725,0.0,0.857786,0.0,0.0
tetra_N3,3,0,0.1,44,29,2.3927646312509365,6,0.926479,0.000695,0.0,0.072826,0.0,0.926479,0.0,0.0
tetra_N3,3,0,0.1,44,30,2.3997812452198755,6,0.918477,0.001772,0.0,0.079751,0.0,0.918477,0.0,0.0
tetra_N3,3,0,0.1,44,31,2.4102010528453883,6,0.958861,0.000687,0.0,0.040452,0.0,0.958861,0.0,0.0
tetra_N3,3,0,1.6,48,0,4.579635387428574,2,0.99982,0.99982,0.0,0.00018,0.0,0.0,0.0,0.0
tetra_N3,3,0,1.6,48,1,6.652409994847161,2,0.998695,0.998695,0.0,0.001304,0.0,0.0,0.0,0.0
tetra_N3,3,0,1.6,48,2,8.274673939837605,2,0.998588,0.998588,0.0,0.001411,0.0,1e-06,0.0,0.0
tetra_N3,3,0,1.6,48,3,9.767360339183657,2,0.998211,0.998211,0.0,0.001788,0.0,1e-06,0.0,0.0
tetra_N3,3,0,1.6,48,4,11.11073719863078,2,0.998035,0.998035,0.0,0.001963,0.0,2e-06,0.0,0.0
tetra_N3,3,0,1.6,48,5,12.363264186828463,2,0.997777,0.997777,0.0,0.002221,0.0,2e-06,0.0,0.0
tetra_N3,3,0,1.6,48,6,13.510513644955193,2,0.997604,0.997604,0.0,0.002394,0.0,2e-06,0.0,0.0
tetra_N3,3,0,1.6,48,7,14.57699471576536,2,0.997391,0.997391,0.0,0.002606,0.0,3e-06,0.0,0.0
tetra_N3,3,0,1.6,48,8,15.552876763029886,2,0.997226,0.997226,0.0,0.002771,0.0,3e-06,0.0,0.0
tetra_N3,3,0,1.6,48,9,16.450855629454583,2,0.997037,0.997037,0.0,0.00296,0.0,4e-06,0.0,0.0
tetra_N3,3,0,1.6,48,10,17.26346264469126,2,0.996881,0.996881,0.0,0.003115,0.0,4e-06,0.0,0.0
tetra_N3,3,0,1.6,48,11,17.997138475280387,2,0.99667,0.99667,0.0,0.003325,0.0,4e-06,0.0,0.0
tetra_N3,3,0,1.6,48,12,18.20421874214403,4,0.999519,5.1e-05,0.0,0.999519,0.0,0.00043,0.0,0.0
tetra_N3,3,0,1.6,48,13,18.409824158870542,4,0.999387,0.000181,0.0,0.999387,0.0,0.000432,0.0,0.0
tetra_N3,3,0,1.6,48,14,18.64491965158728,2,0.996566,0.996566,0.0,0.003429,0.0,5e-06,0.0,0.0
tetra_N3,3,0,1.6,48,15,18.767611883748025,4,0.999221,0.000337,0.0,0.999221,0.0,0.000443,0.0,0.0
tetra_N3,3,0,1.6,48,16,19.207634794356004,2,0.996368,0.996368,0.0,0.003627,0.0,5e-06,0.0,0.0
tetra_N3,3,0,1.6,48,17,19.357323283479218,4,0.999299,0.00025,0.0,0.999299,0.0,0.00045,0.0,0.0
tetra_N3,3,0,1.6,48,18,19.676220969624463,2,0.996277,0.996277,0.0,0.003717,0.0,6e-06,0.0,0.0
tetra_N3,3,0,1.6,48,19,20.001420148677237,2,0.99606,0.99606,0.0,0.003934,0.0,6e-06,0.0,0.0
tetra_N3,3,0,1.6,48,20,20.328466041125516,4,0.999407,0.000131,0.0,0.999407,0.0,0.000462,0.0,0.0
tetra_N3,3,0,1.6,48,21,20.457975571338913,2,0.99621,0.99621,0.0,0.003784,0.0,6e-06,0.0,0.0
tetra_N3,3,0,1.6,48,22,20.479414886258517,2,0.99615,0.99615,0.0,0.003844,0.0,6e-06,0.0,0.0
tetra_N3,3,0,1.6,48,23,21.37248256028625,4,0.998238,0.000331,0.0,0.998238,0.0,0.001431,0.0,0.0
tetra_N3,3,0,1.6,48,24,21.78556011405856,4,0.999262,0.000247,0.0,0.999262,0.0,0.000492,0.0,0.0
tetra_N3,3,0,1.6,48,25,21.872947615367224,2,0.996479,0.996479,0.0,0.003516,0.0,5e-06,0.0,0.0
tetra_N3,3,0,1.6,48,26,21.874197588066252,2,0.996302,0.996302,0.0,0.003693,0.0,5e-06,0.0,0.0
tetra_N3,3,0,1.6,48,27,21.98651089691229,4,0.998356,6e-06,0.0,0.998356,0.0,0.001639,0.0,0.0
tetra_N3,3,0,1.6,48,28,22.11462663972047,4,0.998362,1.2e-05,0.0,0.998362,0.0,0.001626,0.0,0.0
tetra_N3,3,0,1.6,48,29,22.37684256845307,4,0.998323,1.6e-05,0.0,0.998323,0.0,0.001662,0.0,0.0
tetra_N3,3,0,1.6,48,30,22.649034675443634,4,0.998262,4.5e-05,0.0,0.998262,0.0,0.001693,0.0,0.0
tetra_N3,3,0,1.6,48,31,23.140783506084293,4,0.998329,3e-05,0.0,0.998329,0.0,0.001641,0.0,0.0
tetra_N3,3,0,0.8,48,0,4.289691620423898,2,0.999094,0.999094,0.0,0.000903,0.0,3e-06,0.0,0.0
tetra_N3,3,0,0.8,48,1,8.575294538525142,2,0.977917,0.977917,0.0,0.022049,0.0,3.3e-05,0.0,0.0
tetra_N3,3,0,0.8,48,2,12.49953775476521,2,0.974547,0.974547,0.0,0.025208,0.0,0.000245,0.0,0.0
tetra_N3,3,0,0.8,48,3,15.999968230727584,2,0.869752,0.869752,0.0,0.129901,0.0,0.000347,0.0,0.0
tetra_N3,3,0,0.8,48,4,16.854615465151543,4,0.993598,0.004216,0.0,0.993598,0.0,0.002186,0.0,0.0
tetra_N3,3,0,0.8,48,5,17.11518935449311,4,0.971636,0.0262,0.0,0.971636,0.0,0.002164,0.0,0.0
tetra_N3,3,0,0.8,48,6,17.608475522932302,4,0.955533,0.042302,0.0,0.955533,0.0,0.002164,0.0,0.0
tetra_N3,3,0,0.8,48,7,18.228611345568716,4,0.96613,0.031635,0.0,0.96613,0.0,0.002235,0.0,0.0
tetra_N3,3,0,0.8,48,8,18.94318907525245,4,0.987426,0.010134,0.0,0.987426,0.0,0.00244,0.0,0.0
tetra_N3,3,0,0.8,48,9,19.519259532476752,2,0.942973,0.942973,0.0,0.056176,0.0,0.00085,0.0,0.0
tetra_N3,3,0,0.8,48,10,20.113105187162017,4,0.987195,0.010209,0.0,0.987195,0.0,0.002596,0.0,0.0
tetra_N3,3,0,0.8,48,11,21.89977047871027,4,0.990038,0.007153,0.0,0.990038,0.0,0.002809,0.0,0.0
tetra_N3,3,0,0.8,48,12,22.77692843844702,2,0.912581,0.912581,0.0,0.086415,0.0,0.001004,0.0,0.0
tetra_N3,3,0,0.8,48,13,23.299375787160653,4,0.957405,0.020538,0.0,0.957405,0.0,0.022056,0.0,0.0
tetra_N3,3,0,0.8,48,14,24.336806928090425,4,0.96596,0.009847,0.0,0.96596,0.0,0.024193,0.0,0.0
tetra_N3,3,0,0.8,48,15,24.48105721689147,4,0.970391,0.004322,0.0,0.970391,0.0,0.025288,0.0,0.0
tetra_N3,3,0,0.8,48,16,24.565207580870357,4,0.973875,0.022845,0.0,0.973875,0.0,0.00328,0.0,0.0
tetra_N3,3,0,0.8,48,17,24.674196476161192,4,0.90089,0.077391,0.0,0.90089,0.0,0.021719,0.0,0.0
tetra_N3,3,0,0.8,48,18,25.0556776302848,4,0.945883,0.028866,0.0,0.945883,0.0,0.025251,0.0,0.0
tetra_N3,3,0,0.8,48,19,25.374192447791614,4,0.76063,0.220189,0.0,0.76063,0.0,0.019181,0.0,0.0
tetra_N3,3,0,0.8,48,20,25.93304489943808,4,0.694727,0.286382,0.0,0.694727,0.0,0.018891,0.0,0.0
tetra_N3,3,0,0.8,48,21,26.26958678644,4,0.707997,0.274175,0.0,0.707997,0.0,0.017827,0.0,0.0
tetra_N3,3,0,0.8,48,22,26.836166185719044,4,0.922913,0.051135,0.0,0.922913,0.0,0.025952,0.0,0.0
tetra_N3,3,0,0.8,48,23,27.299609953288787,4,0.948839,0.017446,0.0,0.948839,0.0,0.033715,0.0,0.0
tetra_N3,3,0,0.8,48,24,27.653785249640187,4,0.967977,0.010111,0.0,0.967977,0.0,0.021913,0.0,0.0
tetra_N3,3,0,0.8,48,25,28.41923777198339,2,0.594217,0.594217,0.0,0.402407,0.0,0.003376,0.0,0.0
tetra_N3,3,0,0.8,48,26,28.44026437899678,4,0.965953,0.005545,0.0,0.965953,0.0,0.028502,0.0,0.0
tetra_N3,3,0,0.8,48,27,28.82433784325346,4,0.701588,0.294941,0.0,0.701588,0.0,0.00347,0.0,0.0
tetra_N3,3,0,0.8,48,28,29.81295365424215,4,0.935916,0.041264,0.0,0.935916,0.0,0.02282,0.0,0.0
tetra_N3,3,0,0.8,48,29,30.411624022284897,4,0.967142,0.00545,0.0,0.967142,0.0,0.027408,0.0,0.0
tetra_N3,3,0,0.8,48,30,30.551018640053417,4,0.97135,0.003854,0.0,0.97135,0.0,0.024796,0.0,0.0
tetra_N3,3,0,0.8,48,31,30.551047023013034,4,0.966036,0.006313,0.0,0.966036,0.0,0.027651,0.0,0.0
tetra_N3,3,0,0.4,48,0,2.743963655777356,2,0.997549,0.997549,0.0,0.002386,0.0,6.5e-05,0.0,0.0
tetra_N3,3,0,0.4,48,1,7.510282130813097,2,0.730917,0.730917,0.0,0.267496,0.0,0.001587,0.0,0.0
tetra_N3,3,0,0.4,48,2,10.292412963688845,4,0.994496,0.001291,0.0,0.994496,0.0,0.004213,0.0,0.0
tetra_N3,3,0,0.4,48,3,10.409047703292185,4,0.990342,0.00557,0.0,0.990342,0.0,0.004088,0.0,0.0
tetra_N3,3,0,0.4,48,4,10.66868676479225,4,0.985274,0.010742,0.0,0.985274,0.0,0.003984,0.0,0.0
tetra_N3,3,0,0.4,48,5,11.088140369437157,4,0.979138,0.016992,0.0,0.979138,0.0,0.00387,0.0,0.0
tetra_N3,3,0,0.4,48,6,11.702121961950844,4,0.971337,0.02492,0.0,0.971337,0.0,0.003742,0.0,0.0
tetra_N3,3,0,0.4,48,7,12.566653320936192,4,0.959642,0.036706,0.0,0.959642,0.0,0.003652,0.0,0.0
tetra_N3,3,0,0.4,48,8,12.649756215274223,2,0.541727,0.541727,0.0,0.411482,0.0,0.046791,0.0,0.0
tetra_N3,3,0,0.4,48,9,13.750448702981494,4,0.933614,0.06225,0.0,0.933614,0.0,0.004135,0.0,0.0
tetra_N3,3,0,0.4,48,10,15.078523703161919,4,0.859551,0.130952,0.0,0.859551,0.0,0.009496,0.0,0.0
tetra_N3,3,0,0.4,48,11,16.237045206662607,4,0.91246,0.081661,0.0,0.91246,0.0,0.005879,0.0,0.0
tetra_N3,3,0,0.4,48,12,17.71583369668998,4,0.676768,0.09966,0.0,0.676768,0.0,0.223571,0.0,0.0
tetra_N3,3,0,0.4,48,13,17.859835537242144,4,0.581664,0.282269,0.0,0.581664,0.0,0.136067,0.0,0.0
tetra_N3,3,0,0.4,48,14,18.003245156051022,4,0.720083,0.010596,0.0,0.720083,0.0,0.269321,0.0,0.0
tetra_N3,3,0,0.4,48,15,18.050747978976624,4,0.724274,0.003645,0.0,0.724274,0.0,0.272081,0.0,0.0
tetra_N3,3,0,0.4,48,16,18.36363824300642,4,0.703053,0.033735,0.0,0.703053,0.0,0.263212,0.0,0.0
tetra_N3,3,0,0.4,48,17,18.457897368533594,4,0.719988,0.01131,0.0,0.719988,0.0,0.268702,0.0,0.0
tetra_N3,3,0,0.4,48,18,18.944680901873028,4,0.952412,0.017593,0.0,0.952412,0.0,0.029996,0.0,0.0
tetra_N3,3,0,0.4,48,19,18.952120143417954,4,0.689414,0.043509,0.0,0.689414,0.0,0.267077,0.0,0.0
tetra_N3,3,0,0.4,48,20,19.232845076173476,4,0.670558,0.079595,0.0,0.670558,0.0,0.249847,0.0,0.0
tetra_N3,3,0,0.4,48,21,19.627626247259435,4,0.624544,0.144452,0.0,0.624544,0.0,0.231004,0.0,0.0
tetra_N3,3,0,0.4,48,22,19.87124203919288,4,0.657874,0.094272,0.0,0.657874,0.0,0.247854,0.0,0.0
tetra_N3,3,0,0.4,48,23,20.80869306601935,4,0.730464,0.02174,0.0,0.730464,0.0,0.247795,0.0,0.0
tetra_N3,3,0,0.4,48,24,20.85078464529571,4,0.6881,0.040841,0.0,0.6881,0.0,0.271059,0.0,0.0
tetra_N3,3,0,0.4,48,25,22.11498023674444,4,0.635653,0.064082,0.0,0.635653,0.0,0.300265,0.0,0.0
tetra_N3,3,0,0.4,48,26,22.225379879761753,6,0.97895,3.6e-05,0.0,0.021014,0.0,0.97895,0.0,0.0
tetra_N3,3,0,0.4,48,27,22.42912137579517,4,0.560717,0.028699,0.0,0.560717,0.0,0.410584,0.0,0.0
tetra_N3,3,0,0.4,48,28,22.79942166944867,6,0.948799,0.000281,0.0,0.050921,0.0,0.948799,0.0,0.0
tetra_N3,3,0,0.4,48,29,22.88909513942771,4,0.430308,0.220623,0.0,0.430308,0.0,0.349069,0.0,0.0
tetra_N3,3,0,0.4,48,30,23.225989152090744,4,0.685046,0.027428,0.0,0.685046,0.0,0.287526,0.0,0.0
tetra_N3,3,0,0.4,48,31,23.25365729404109,6,0.933793,0.000776,0.0,0.065431,0.0,0.933793,0.0,0.0
tetra_N3,3,0,0.1,48,0,0.30118313975863414,2,0.996595,0.996595,0.0,0.002727,0.0,0.000677,0.0,0.0
tetra_N3,3,0,0.1,48,1,0.9143757215929444,4,0.684882,0.306933,0.0,0.684882,0.0,0.008185,0.0,0.0
tetra_N3,3,0,0.1,48,2,1.06410239340793,4,0.997043,0.002599,0.0,0.997043,0.0,0.000358,0.0,0.0
tetra_N3,3,0,0.1,48,3,1.0737587585723534,4,0.993865,0.005749,0.0,0.993865,0.0,0.000386,0.0,0.0
tetra_N3,3,0,0.1,48,4,1.0971520783746718,4,0.991022,0.008551,0.0,0.991022,0.0,0.000427,0.0,0.0
tetra_N3,3,0,0.1,48,5,1.1349010136574214,4,0.988256,0.011279,0.0,0.988256,0.0,0.000465,0.0,0.0
tetra_N3,3,0,0.1,48,6,1.1900546645273569,4,0.985753,0.013754,0.0,0.985753,0.0,0.000493,0.0,0.0
tetra_N3,3,0,0.1,48,7,1.268115398474332,4,0.983559,0.015936,0.0,0.983559,0.0,0.000505,0.0,0.0
tetra_N3,3,0,0.1,48,8,1.3788328113339259,4,0.981629,0.017874,0.0,0.981629,0.0,0.000497,0.0,0.0
tetra_N3,3,0,0.1,48,9,1.5404228188867366,4,0.979854,0.01968,0.0,0.979854,0.0,0.000466,0.0,0.0
tetra_N3,3,0,0.1,48,10,1.540589579972025,4,0.619321,0.108524,0.0,0.619321,0.0,0.272155,0.0,0.0
tetra_N3,3,0,0.1,48,11,1.7907124079423138,4,0.977998,0.021596,0.0,0.977998,0.0,0.000407,0.0,0.0
tetra_N3,3,0,0.1,48,12,1.9628117198630015,6,0.631247,0.011347,0.0,0.357406,0.0,0.631247,0.0,0.0
tetra_N3,3,0,0.1,48,13,1.9904862561438788,6,0.684898,0.00124,0.0,0.313862,0.0,0.684898,0.0,0.0
tetra_N3,3,0,0.1,48,14,2.0078477545806823,6,0.671773,0.004228,0.0,0.324,0.0,0.671773,0.0,0.0
tetra_N3,3,0,0.1,48,15,2.013777337569044,6,0.678725,0.002038,0.0,0.319237,0.0,0.678725,0.0,0.0
tetra_N3,3,0,0.1,48,16,2.053387509479444,6,0.665366,0.006363,0.0,0.328271,0.0,0.665366,0.0,0.0
tetra_N3,3,0,0.1,48,17,2.0666405880809915,6,0.530865,0.029325,0.0,0.43981,0.0,0.530865,0.0,0.0
tetra_N3,3,0,0.1,48,18,2.0769514298871843,6,0.670412,0.003865,0.0,0.325723,0.0,0.670412,0.0,0.0
tetra_N3,3,0,0.1,48,19,2.117318999914467,6,0.665097,0.006331,0.0,0.328573,0.0,0.665097,0.0,0.0
tetra_N3,3,0,0.1,48,20,2.1784591195984393,6,0.978649,2.9e-05,0.0,0.021322,0.0,0.978649,0.0,0.0
tetra_N3,3,0,0.1,48,21,2.192252429122751,6,0.655692,0.00768,0.0,0.336628,0.0,0.655692,0.0,0.0
tetra_N3,3,0,0.1,48,22,2.203719102469235,6,0.668281,0.004929,0.0,0.32679,0.0,0.668281,0.0,0.0
tetra_N3,3,0,0.1,48,23,2.2237049147062535,4,0.976693,0.022565,0.0,0.976693,0.0,0.000741,0.0,0.0
tetra_N3,3,0,0.1,48,24,2.232712397175511,6,0.958573,0.000161,0.0,0.041266,0.0,0.958573,0.0,0.0
tetra_N3,3,0,0.1,48,25,2.2733217207165604,6,0.957477,0.000171,0.0,0.042352,0.0,0.957477,0.0,0.0
tetra_N3,3,0,0.1,48,26,2.302337082322507,6,0.684191,0.009942,0.0,0.305867,0.0,0.684191,0.0,0.0
tetra_N3,3,0,0.1,48,27,2.3278966933835155,6,0.751817,0.001735,0.0,0.246448,0.0,0.751817,0.0,0.0
tetra_N3,3,0,0.1,48,28,2.329944523183812,6,0.938331,0.000146,0.0,0.061523,0.0,0.938331,0.0,0.0
tetra_N3,3,0,0.1,48,29,2.347030588796965,6,0.941641,0.000388,0.0,0.057971,0.0,0.941641,0.0,0.0
tetra_N3,3,0,0.1,48,30,2.388189723976917,6,0.940137,0.000442,0.0,0.059421,0.0,0.940137,0.0,0.0
tetra_N3,3,0,0.1,48,31,2.397310905774871,6,0.657595,0.006753,0.0,0.335652,0.0,0.657595,0.0,0.0
hexa_B2,4,2,1.6,20,0,82.12962737848933,8,1.0,0.0,0.0,0.0,0.0,0.0,1.0,0.0
hexa_B2,4,2,1.6,20,1,90.57922918318684,8,1.0,0.0,0.0,0.0,0.0,0.0,1.0,0.0
hexa_B2,4,2,1.6,20,2,95.07780010676095,8,1.0,0.0,0.0,0.0,0.0,0.0,1.0,0.0
hexa_B1,4,1,1.6,20,0,19.37838888932085,4,0.998613,0.0,0.0,0.998613,0.0,0.001387,0.0,0.0
hexa_B1,4,1,1.6,20,1,23.93869122550377,4,0.996308,0.0,0.0,0.996308,0.0,0.003692,0.0,0.0
hexa_B1,4,1,1.6,20,2,25.8161617015487,4,0.995178,0.0,0.0,0.995178,0.0,0.004822,0.0,0.0
hexa_B1,4,1,1.6,20,3,27.056564952351895,4,0.994594,0.0,0.0,0.994594,0.0,0.005406,0.0,0.0
hexa_B1,4,1,1.6,20,4,28.499513655042215,4,0.994924,0.0,0.0,0.994924,0.0,0.005076,0.0,0.0
hexa_B1,4,1,1.6,20,5,31.393234296431146,4,0.997484,0.0,0.0,0.997484,0.0,0.002516,0.0,0.0
hexa_B1,4,1,1.6,20,6,34.20929702717483,4,0.995263,0.0,0.0,0.995263,0.0,0.004737,0.0,0.0
hexa_B1,4,1,1.6,20,7,35.08976691601358,4,0.993356,0.0,0.0,0.993356,0.0,0.006644,0.0,0.0
hexa_B0,4,0,1.6,20,0,4.7388175755956965,2,0.999757,0.999757,0.0,0.000242,0.0,0.0,0.0,0.0
hexa_B0,4,0,1.6,20,1,7.208921036567233,2,0.997964,0.997964,0.0,0.002035,0.0,1e-06,0.0,0.0
hexa_B0,4,0,1.6,20,2,9.017594332472834,2,0.997579,0.997579,0.0,0.002418,0.0,3e-06,0.0,0.0
hexa_B0,4,0,1.6,20,3,10.5147162256237,2,0.996705,0.996705,0.0,0.003292,0.0,4e-06,0.0,0.0
hexa_B0,4,0,1.6,20,4,11.670547185777373,2,0.996168,0.996168,0.0,0.003826,0.0,6e-06,0.0,0.0
hexa_B0,4,0,1.6,20,5,12.458696520421968,2,0.995394,0.995394,0.0,0.004599,0.0,8e-06,0.0,0.0
hexa_B0,4,0,1.6,20,6,13.483422927684956,2,0.995817,0.995817,0.0,0.004176,0.0,7e-06,0.0,0.0
hexa_B0,4,0,1.6,20,7,13.520758357622064,2,0.995646,0.995646,0.0,0.004347,0.0,7e-06,0.0,0.0
hexa_B2,4,2,0.8,20,0,62.71439083837494,8,1.0,0.0,0.0,0.0,0.0,0.0,1.0,0.0
hexa_B2,4,2,0.8,20,1,68.07764805753656,8,1.0,0.0,0.0,0.0,0.0,0.0,1.0,0.0
hexa_B2,4,2,0.8,20,2,82.73395058976911,8,1.0,0.0,0.0,0.0,0.0,0.0,1.0,0.0
hexa_B1,4,1,0.8,20,0,18.05502899623908,4,0.991616,0.0,0.0,0.991616,0.0,0.008384,0.0,0.0
hexa_B1,4,1,0.8,20,1,27.707241497070605,4,0.930417,0.0,0.0,0.930417,0.0,0.069583,0.0,0.0
hexa_B1,4,1,0.8,20,2,32.49363628844487,4,0.848173,0.0,0.0,0.848173,0.0,0.151827,0.0,0.0
hexa_B1,4,1,0.8,20,3,34.23586653787436,4,0.843535,0.0,0.0,0.843535,0.0,0.156465,0.0,0.0
hexa_B1,4,1,0.8,20,4,35.538090708788175,4,0.689994,0.0,0.0,0.689994,0.0,0.310006,0.0,0.0
hexa_B1,4,1,0.8,20,5,37.60954987603362,4,0.664737,0.0,0.0,0.664737,0.0,0.335263,0.0,0.0
hexa_B1,4,1,0.8,20,6,39.05734042227787,4,0.694765,0.0,0.0,0.694765,0.0,0.305235,0.0,0.0
hexa_B1,4,1,0.8,20,7,39.88079348218871,6,0.572823,0.0,0.0,0.427177,0.0,0.572823,0.0,0.0
hexa_B0,4,0,0.8,20,0,4.417998481642098,2,0.998972,0.998972,0.0,0.001021,0.0,7e-06,0.0,0.0
hexa_B0,4,0,0.8,20,1,9.483523792625034,2,0.960367,0.960367,0.0,0.039558,0.0,7.4e-05,0.0,0.0
hexa_B0,4,0,0.8,20,2,13.993743776577901,2,0.954052,0.954052,0.0,0.045028,0.0,0.000919,0.0,0.0
hexa_B0,4,0,0.8,20,3,16.619333953200098,4,0.821554,0.176848,0.0,0.821554,0.0,0.001598,0.0,0.0
hexa_B0,4,0,0.8,20,4,17.27494184992159,4,0.669812,0.328653,0.0,0.669812,0.0,0.001534,0.0,0.0
hexa_B0,4,0,0.8,20,5,18.60226203774207,4,0.577751,0.420332,0.0,0.577751,0.0,0.001917,0.0,0.0
hexa_B0,4,0,0.8,20,6,19.47023451549281,4,0.9361,0.061338,0.0,0.9361,0.0,0.002562,0.0,0.0
hexa_B0,4,0,0.8,20,7,20.7816110877126,2,0.859594,0.859594,0.0,0.136026,0.0,0.00438,0.0,0.0
hexa_B2,4,2,0.4,20,0,31.671040908845207,8,1.0,0.0,0.0,0.0,0.0,0.0,1.0,0.0
hexa_B2,4,2,0.4,20,1,34.10800028236187,8,1.0,0.0,0.0,0.0,0.0,0.0,1.0,0.0
hexa_B2,4,2,0.4,20,2,66.12840882117834,8,1.0,0.0,0.0,0.0,0.0,0.0,1.0,0.0
hexa_B1,4,1,0.4,20,0,10.189869549308861,4,0.98173,0.0,0.0,0.98173,0.0,0.01827,0.0,0.0
hexa_B1,4,1,0.4,20,1,17.773482538823103,4,0.550381,0.0,0.0,0.550381,0.0,0.449619,0.0,0.0
hexa_B1,4,1,0.4,20,2,19.5444362096762,6,0.891595,0.0,0.0,0.108405,0.0,0.891595,0.0,0.0
hexa_B1,4,1,0.4,20,3,20.013561856099884,6,0.876758,0.0,0.0,0.123242,0.0,0.876758,0.0,0.0
hexa_B1,4,1,0.4,20,4,21.31703813174748,6,0.777392,0.0,0.0,0.222608,0.0,0.777392,0.0,0.0
hexa_B1,4,1,0.4,20,5,21.640428656605767,6,0.840057,0.0,0.0,0.159943,0.0,0.840057,0.0,0.0
hexa_B1,4,1,0.4,20,6,24.137418687767777,6,0.794146,0.0,0.0,0.205854,0.0,0.794146,0.0,0.0
hexa_B1,4,1,0.4,20,7,27.803399005279175,6,0.677872,0.0,0.0,0.322128,0.0,0.677872,0.0,0.0
hexa_B0,4,0,0.4,20,0,2.6022889249953813,2,0.998444,0.998444,0.0,0.001464,0.0,9.3e-05,0.0,0.0
hexa_B0,4,0,0.4,20,1,7.468012135618888,2,0.551228,0.551228,0.0,0.447509,0.0,0.001264,0.0,0.0
hexa_B0,4,0,0.4,20,2,9.184623215319327,4,0.987126,0.011585,0.0,0.987126,0.0,0.001289,0.0,0.0
hexa_B0,4,0,0.4,20,3,9.81876463306927,4,0.957743,0.041265,0.0,0.957743,0.0,0.000992,0.0,0.0
hexa_B0,4,0,0.4,20,4,11.431727909982518,4,0.922889,0.076483,0.0,0.922889,0.0,0.000628,0.0,0.0
hexa_B0,4,0,0.4,20,5,12.74945226192366,4,0.544549,0.319633,0.0,0.544549,0.0,0.135817,0.0,0.0
hexa_B0,4,0,0.4,20,6,14.713407436885227,4,0.728713,0.268624,0.0,0.728713,0.0,0.002663,0.0,0.0
hexa_B0,4,0,0.4,20,7,15.934518646152256,4,0.565488,0.053645,0.0,0.565488,0.0,0.380867,0.0,0.0
hexa_B2,4,2,0.1,20,0,2.8923939296675045,8,1.0,0.0,0.0,0.0,0.0,0.0,1.0,0.0
hexa_B2,4,2,0.1,20,1,3.1059769743990624,8,1.0,0.0,0.0,0.0,0.0,0.0,1.0,0.0
hexa_B2,4,2,0.1,20,2,51.459739699229644,8,1.0,0.0,0.0,0.0,0.0,0.0,1.0,0.0
hexa_B1,4,1,0.1,20,0,0.9772178414931549,4,0.974115,0.0,0.0,0.974115,0.0,0.025885,0.0,0.0
hexa_B1,4,1,0.1,20,1,1.752425014674033,6,0.71893,0.0,0.0,0.28107,0.0,0.71893,0.0,0.0
hexa_B1,4,1,0.1,20,2,1.8320292232986743,6,0.931617,0.0,0.0,0.068383,0.0,0.931617,0.0,0.0
hexa_B1,4,1,0.1,20,3,1.871681017238875,6,0.919923,0.0,0.0,0.080077,0.0,0.919923,0.0,0.0
hexa_B1,4,1,0.1,20,4,2.0101956353228863,6,0.889724,0.0,0.0,0.110276,0.0,0.889724,0.0,0.0
hexa_B1,4,1,0.1,20,5,2.0274280712322654,6,0.864365,0.0,0.0,0.135635,0.0,0.864365,0.0,0.0
hexa_B1,4,1,0.1,20,6,2.238942627707763,6,0.896602,0.0,0.0,0.103398,0.0,0.896602,0.0,0.0
hexa_B1,4,1,0.1,20,7,2.5993990830647467,6,0.892276,0.0,0.0,0.107724,0.0,0.892276,0.0,0.0
hexa_B0,4,0,0.1,20,0,0.2566071429675379,2,0.998711,0.998711,0.0,0.000849,0.0,0.00044,0.0,0.0
hexa_B0,4,0,0.1,20,1,0.7876910648584377,4,0.784007,0.215818,0.0,0.784007,0.0,0.000175,0.0,0.0
hexa_B0,4,0,0.1,20,2,0.8655760992639414,4,0.988554,0.011418,0.0,0.988554,0.0,2.8e-05,0.0,0.0
hexa_B0,4,0,0.1,20,3,0.9254544421327436,4,0.969683,0.030283,0.0,0.969683,0.0,3.4e-05,0.0,0.0
hexa_B0,4,0,0.1,20,4,1.073738290701082,4,0.9605,0.039469,0.0,0.9605,0.0,3.1e-05,0.0,0.0
hexa_B0,4,0,0.1,20,5,1.3727381703373682,4,0.528844,0.060785,0.0,0.528844,0.0,0.410371,0.0,0.0
hexa_B0,4,0,0.1,20,6,1.4353130055634635,4,0.954992,0.044988,0.0,0.954992,0.0,2e-05,0.0,0.0
hexa_B0,4,0,0.1,20,7,1.5899468461995048,6,0.683563,0.011085,0.0,0.305352,0.0,0.683563,0.0,0.0
hexa_B2,4,2,1.6,24,0,83.87739797012004,8,0.999398,0.0,0.0,0.0,0.0,0.0,0.999398,0.000602
hexa_B2,4,2,1.6,24,1,93.22085766345903,8,0.999571,0.0,0.0,0.0,0.0,0.0,0.999571,0.000429
hexa_B2,4,2,1.6,24,2,96.57748512161534,8,0.996227,0.0,0.0,0.0,0.0,0.0,0.996227,0.003773
hexa_B2,4,2,1.6,24,3,98.12249691610661,8,0.99906,0.0,0.0,0.0,0.0,0.0,0.99906,0.00094
hexa_B2,4,2,1.6,24,4,100.27170103911146,8,0.994586,0.0,0.0,0.0,0.0,0.0,0.994586,0.005414
hexa_B2,4,2,1.6,24,5,105.14495071743275,8,0.999995,0.0,0.0,0.0,0.0,0.0,0.999995,5e-06
hexa_B2,4,2,1.6,24,6,110.24788920348394,8,0.999776,0.0,0.0,0.0,0.0,0.0,0.999776,0.000224
hexa_B2,4,2,1.6,24,7,112.48241525300813,8,0.999799,0.0,0.0,0.0,0.0,0.0,0.999799,0.000201
hexa_B2,4,2,1.6,24,8,113.62746114971574,8,0.9999,0.0,0.0,0.0,0.0,0.0,0.9999,0.0001
hexa_B2,4,2,1.6,24,9,115.2293694059738,8,0.999994,0.0,0.0,0.0,0.0,0.0,0.999994,6e-06
hexa_B2,4,2,1.6,24,10,128.14125074867553,10,0.997705,0.0,0.0,0.0,0.0,0.0,0.002295,0.997705
hexa_B2,4,2,1.6,24,11,140.1810988440716,10,0.994652,0.0,0.0,0.0,0.0,0.0,0.005348,0.994652
hexa_B1,4,1,1.6,24,0,19.55805134416828,4,0.998764,0.0,0.0,0.998764,0.0,0.001236,0.0,0.0
hexa_B1,4,1,1.6,24,1,24.75421475243435,4,0.996834,0.0,0.0,0.996834,0.0,0.003166,0.0,0.0
hexa_B1,4,1,1.6,24,2,26.739829780625588,4,0.995382,0.0,0.0,0.995382,0.0,0.004618,0.0,0.0
hexa_B1,4,1,1.6,24,3,27.75567773128462,4,0.995154,0.0,0.0,0.995154,0.0,0.004846,0.0,0.0
hexa_B1,4,1,1.6,24,4,29.26186337833524,4,0.994527,0.0,0.0,0.994527,0.0,0.005473,0.0,0.0
hexa_B1,4,1,1.6,24,5,30.221638164606613,4,0.994814,0.0,0.0,0.994814,0.0,0.005186,0.0,0.0
hexa_B1,4,1,1.6,24,6,30.81112648289507,4,0.994322,0.0,0.0,0.994322,0.0,0.005678,0.0,0.0
hexa_B1,4,1,1.6,24,7,32.06736161443714,4,0.993943,0.0,0.0,0.993943,0.0,0.006057,0.0,0.0
hexa_B0,4,0,1.6,24,0,4.755922301831178,2,0.999776,0.999776,0.0,0.000224,0.0,0.0,0.0,0.0
hexa_B0,4,0,1.6,24,1,7.28655843352306,2,0.998051,0.998051,0.0,0.001948,0.0,1e-06,0.0,0.0
hexa_B0,4,0,1.6,24,2,9.200311030616053,2,0.997751,0.997751,0.0,0.002247,0.0,3e-06,0.0,0.0
hexa_B0,4,0,1.6,24,3,10.851500009097288,2,0.996954,0.996954,0.0,0.003043,0.0,3e-06,0.0,0.0
hexa_B0,4,0,1.6,24,4,12.21736112887281,2,0.996496,0.996496,0.0,0.003499,0.0,5e-06,0.0,0.0
hexa_B0,4,0,1.6,24,5,13.348701234431259,2,0.995912,0.995912,0.0,0.004082,0.0,6e-06,0.0,0.0
hexa_B0,4,0,1.6,24,6,14.221598270600477,2,0.995507,0.995507,0.0,0.004485,0.0,8e-06,0.0,0.0
hexa_B0,4,0,1.6,24,7,14.702623868451095,2,0.994928,0.994928,0.0,0.005062,0.0,9e-06,0.0,0.0
hexa_B2,4,2,0.8,24,0,66.32355821981155,8,0.996022,0.0,0.0,0.0,0.0,0.0,0.996022,0.003978
hexa_B2,4,2,0.8,24,1,71.1179273326841,8,0.998074,0.0,0.0,0.0,0.0,0.0,0.998074,0.001926
hexa_B2,4,2,0.8,24,2,78.11141334800311,8,0.93635,0.0,0.0,0.0,0.0,0.0,0.93635,0.06365
hexa_B2,4,2,0.8,24,3,79.251898443412,8,0.99276,0.0,0.0,0.0,0.0,0.0,0.99276,0.00724
hexa_B2,4,2,0.8,24,4,81.0033852580592,8,0.925314,0.0,0.0,0.0,0.0,0.0,0.925314,0.074686
hexa_B2,4,2,0.8,24,5,90.02666622388772,8,0.981651,0.0,0.0,0.0,0.0,0.0,0.981651,0.018349
hexa_B2,4,2,0.8,24,6,94.24046189256597,8,0.995966,0.0,0.0,0.0,0.0,0.0,0.995966,0.004034
hexa_B2,4,2,0.8,24,7,101.38720641946911,10,0.636802,0.0,0.0,0.0,0.0,0.0,0.363198,0.636802
hexa_B2,4,2,0.8,24,8,103.2114812965259,8,0.876182,0.0,0.0,0.0,0.0,0.0,0.876182,0.123818
hexa_B2,4,2,0.8,24,9,104.0936305775359,8,0.788376,0.0,0.0,0.0,0.0,0.0,0.788376,0.211624
hexa_B2,4,2,0.8,24,10,114.55871150602476,8,0.53028,0.0,0.0,0.0,0.0,0.0,0.53028,0.46972
hexa_B2,4,2,0.8,24,11,115.4774874332696,8,0.568153,0.0,0.0,0.0,0.0,0.0,0.568153,0.431847
hexa_B1,4,1,0.8,24,0,18.448468863720716,4,0.992112,0.0,0.0,0.992112,0.0,0.007888,0.0,0.0
hexa_B1,4,1,0.8,24,1,28.818907986865852,4,0.933346,0.0,0.0,0.933346,0.0,0.066654,0.0,0.0
hexa_B1,4,1,0.8,24,2,34.291425179847764,4,0.845351,0.0,0.0,0.845351,0.0,0.154649,0.0,0.0
hexa_B1,4,1,0.8,24,3,36.35640761378741,4,0.786323,0.0,0.0,0.786323,0.0,0.213677,0.0,0.0
hexa_B1,4,1,0.8,24,4,38.311661156547096,6,0.679244,0.0,0.0,0.320756,0.0,0.679244,0.0,0.0
hexa_B1,4,1,0.8,24,5,39.78313798778528,4,0.523211,0.0,0.0,0.523211,0.0,0.476789,0.0,0.0
hexa_B1,4,1,0.8,24,6,40.20245367989308,4,0.602472,0.0,0.0,0.602472,0.0,0.397528,0.0,0.0
hexa_B1,4,1,0.8,24,7,41.628408187002,4,0.539947,0.0,0.0,0.539947,0.0,0.460053,0.0,0.0
hexa_B0,4,0,0.8,24,0,4.4637578920201735,2,0.999026,0.999026,0.0,0.000968,0.0,6e-06,0.0,0.0
hexa_B0,4,0,0.8,24,1,9.667340138248148,2,0.962201,0.962201,0.0,0.03773,0.0,6.9e-05,0.0,0.0
hexa_B0,4,0,0.8,24,2,14.403812285126758,2,0.956979,0.956979,0.0,0.042204,0.0,0.000817,0.0,0.0
hexa_B0,4,0,0.8,24,3,17.00255164076742,4,0.921615,0.07648,0.0,0.921615,0.0,0.001905,0.0,0.0
hexa_B0,4,0,0.8,24,4,17.52344227967527,4,0.771268,0.227138,0.0,0.771268,0.0,0.001594,0.0,0.0
hexa_B0,4,0,0.8,24,5,18.87880258359863,4,0.51917,0.479059,0.0,0.51917,0.0,0.001771,0.0,0.0
hexa_B0,4,0,0.8,24,6,19.246497714438036,4,0.84277,0.1552,0.0,0.84277,0.0,0.00203,0.0,0.0
hexa_B0,4,0,0.8,24,7,21.645059445145233,4,0.936876,0.060154,0.0,0.936876,0.0,0.002971,0.0,0.0
hexa_B2,4,2,0.4,24,0,34.08088468957353,8,0.993493,0.0,0.0,0.0,0.0,0.0,0.993493,0.006507
hexa_B2,4,2,0.4,24,1,35.98639184069768,8,0.995884,0.0,0.0,0.0,0.0,0.0,0.995884,0.004116
hexa_B2,4,2,0.4,24,2,39.702501380613455,8,0.997911,0.0,0.0,0.0,0.0,0.0,0.997911,0.002089
hexa_B2,4,2,0.4,24,3,42.148199593261836,8,0.717916,0.0,0.0,0.0,0.0,0.0,0.717916,0.282084
hexa_B2,4,2,0.4,24,4,43.662148467888514,8,0.549342,0.0,0.0,0.0,0.0,0.0,0.549342,0.450658
hexa_B2,4,2,0.4,24,5,66.81778168454656,10,0.556712,0.0,0.0,0.0,0.0,0.0,0.443288,0.556712
hexa_B2,4,2,0.4,24,6,71.17164135715166,8,0.816435,0.0,0.0,0.0,0.0,0.0,0.816435,0.183565
hexa_B2,4,2,0.4,24,7,76.71696253555942,8,0.928719,0.0,0.0,0.0,0.0,0.0,0.928719,0.071281
hexa_B2,4,2,0.4,24,8,80.93607378742668,8,0.587978,0.0,0.0,0.0,0.0,0.0,0.587978,0.412022
hexa_B2,4,2,0.4,24,9,90.60687890543831,8,0.836382,0.0,0.0,0.0,0.0,0.0,0.836382,0.163618
hexa_B2,4,2,0.4,24,10,97.21627551905598,8,0.900826,0.0,0.0,0.0,0.0,0.0,0.900826,0.099174
hexa_B2,4,2,0.4,24,11,105.85667111453374,10,0.710867,0.0,0.0,0.0,0.0,0.0,0.289133,0.710867
hexa_B1,4,1,0.4,24,0,10.629557720922087,4,0.981069,0.0,0.0,0.981069,0.0,0.018931,0.0,0.0
hexa_B1,4,1,0.4,24,1,18.913521771717043,4,0.544106,0.0,0.0,0.544106,0.0,0.455894,0.0,0.0
hexa_B1,4,1,0.4,24,2,20.800906206406367,6,0.921879,0.0,0.0,0.078121,0.0,0.921879,0.0,0.0
hexa_B1,4,1,0.4,24,3,21.30203320957862,6,0.894104,0.0,0.0,0.105896,0.0,0.894104,0.0,0.0
hexa_B1,4,1,0.4,24,4,21.540861546861926,6,0.899042,0.0,0.0,0.100958,0.0,0.899042,0.0,0.0
hexa_B1,4,1,0.4,24,5,23.0093608371268,6,0.868237,0.0,0.0,0.131763,0.0,0.868237,0.0,0.0
hexa_B1,4,1,0.4,24,6,24.365505590165338,6,0.79321,0.0,0.0,0.20679,0.0,0.79321,0.0,0.0
hexa_B1,4,1,0.4,24,7,25.30402896269895,6,0.846238,0.0,0.0,0.153762,0.0,0.846238,0.0,0.0
hexa_B0,4,0,0.4,24,0,2.671642437102695,2,0.998402,0.998402,0.0,0.001511,0.0,8.7e-05,0.0,0.0
hexa_B0,4,0,0.4,24,1,7.763722785327844,2,0.558209,0.558209,0.0,0.44045,0.0,0.001341,0.0,0.0
hexa_B0,4,0,0.4,24,2,9.53563484019898,4,0.99112,0.007276,0.0,0.99112,0.0,0.001604,0.0,0.0
hexa_B0,4,0,0.4,24,3,9.981671613819024,4,0.971581,0.027039,0.0,0.971581,0.0,0.00138,0.0,0.0
hexa_B0,4,0,0.4,24,4,11.05267627479865,4,0.949289,0.049609,0.0,0.949289,0.0,0.001102,0.0,0.0
hexa_B0,4,0,0.4,24,5,13.142447358342658,4,0.907435,0.091749,0.0,0.907435,0.0,0.000817,0.0,0.0
hexa_B0,4,0,0.4,24,6,13.410428473004202,4,0.537314,0.331047,0.0,0.537314,0.0,0.131639,0.0,0.0
hexa_B0,4,0,0.4,24,7,15.728310997695026,4,0.669608,0.326614,0.0,0.669608,0.0,0.003778,0.0,0.0
hexa_B2,4,2,0.1,24,0,3.1320784320813635,8,0.992772,0.0,0.0,0.0,0.0,0.0,0.992772,0.007228
hexa_B2,4,2,0.1,24,1,3.2920888915816207,8,0.994499,0.0,0.0,0.0,0.0,0.0,0.994499,0.005501
hexa_B2,4,2,0.1,24,2,3.617115257736042,8,0.998504,0.0,0.0,0.0,0.0,0.0,0.998504,0.001496
hexa_B2,4,2,0.1,24,3,3.9657621212960295,8,0.547201,0.0,0.0,0.0,0.0,0.0,0.547201,0.452799
hexa_B2,4,2,0.1,24,4,4.085103778219466,10,0.660018,0.0,0.0,0.0,0.0,0.0,0.339982,0.660018
hexa_B2,4,2,0.1,24,5,38.64518411332844,8,0.574814,0.0,0.0,0.0,0.0,0.0,0.574814,0.425186
hexa_B2,4,2,0.1,24,6,47.40250236038995,8,0.689963,0.0,0.0,0.0,0.0,0.0,0.689963,0.310037
hexa_B2,4,2,0.1,24,7,61.631718502007516,8,0.844558,0.0,0.0,0.0,0.0,0.0,0.844558,0.155442
hexa_B2,4,2,0.1,24,8,61.75512198401182,8,0.821577,0.0,0.0,0.0,0.0,0.0,0.821577,0.178423
hexa_B2,4,2,0.1,24,9,76.48604077909015,8,0.692694,0.0,0.0,0.0,0.0,0.0,0.692694,0.307306
hexa_B2,4,2,0.1,24,10,90.72992274009451,8,0.891444,0.0,0.0,0.0,0.0,0.0,0.891444,0.108556
hexa_B2,4,2,0.1,24,11,92.44609441676377,8,0.63096,0.0,0.0,0.0,0.0,0.0,0.63096,0.36904
hexa_B1,4,1,0.1,24,0,1.031851174621353,4,0.971718,0.0,0.0,0.971718,0.0,0.028282,0.0,0.0
hexa_B1,4,1,0.1,24,1,1.8841545126089898,6,0.735088,0.0,0.0,0.264912,0.0,0.735088,0.0,0.0
hexa_B1,4,1,0.1,24,2,1.9609994635949217,6,0.954979,0.0,0.0,0.045021,0.0,0.954979,0.0,0.0
hexa_B1,4,1,0.1,24,3,2.0188098257287344,6,0.908655,0.0,0.0,0.091345,0.0,0.908655,0.0,0.0
hexa_B1,4,1,0.1,24,4,2.0280026880074655,6,0.93836,0.0,0.0,0.06164,0.0,0.93836,0.0,0.0
hexa_B1,4,1,0.1,24,5,2.1573332927405726,6,0.921608,0.0,0.0,0.078392,0.0,0.921608,0.0,0.0
hexa_B1,4,1,0.1,24,6,2.316821194938921,6,0.860645,0.0,0.0,0.139355,0.0,0.860645,0.0,0.0
hexa_B1,4,1,0.1,24,7,2.3558297551332963,6,0.917647,0.0,0.0,0.082353,0.0,0.917647,0.0,0.0
hexa_B0,4,0,0.1,24,0,0.2670086165379087,2,0.99863,0.99863,0.0,0.000907,0.0,0.000462,0.0,0.0
hexa_B0,4,0,0.1,24,1,0.8295415130819106,4,0.785895,0.213885,0.0,0.785895,0.0,0.00022,0.0,0.0
hexa_B0,4,0,0.1,24,2,0.9083412328295317,4,0.99219,0.007773,0.0,0.99219,0.0,3.7e-05,0.0,0.0
hexa_B0,4,0,0.1,24,3,0.9499999902456182,4,0.978167,0.02179,0.0,0.978167,0.0,4.3e-05,0.0,0.0
hexa_B0,4,0,0.1,24,4,1.0471713356642325,4,0.969989,0.029967,0.0,0.969989,0.0,4.4e-05,0.0,0.0
hexa_B0,4,0,0.1,24,5,1.2404171436932887,4,0.965323,0.03464,0.0,0.965323,0.0,3.7e-05,0.0,0.0
hexa_B0,4,0,0.1,24,6,1.4637925073076514,4,0.52427,0.059922,0.0,0.52427,0.0,0.415808,0.0,0.0
hexa_B0,4,0,0.1,24,7,1.674343604532776,6,0.739456,0.005531,0.0,0.255013,0.0,0.739456,0.0,0.0
hexa_B2,4,2,1.6,28,0,81.58814335153825,8,0.99836,0.0,0.0,0.0,0.0,0.0,0.99836,0.00164
hexa_B2,4,2,1.6,28,1,91.79279460120753,8,0.998573,0.0,0.0,0.0,0.0,0.0,0.998573,0.001427
hexa_B2,4,2,1.6,28,2,94.62834273719497,8,0.997459,0.0,0.0,0.0,0.0,0.0,0.997459,0.002541
hexa_B2,4,2,1.6,28,3,96.95419026336481,8,0.997922,0.0,0.0,0.0,0.0,0.0,0.997922,0.002078
hexa_B2,4,2,1.6,28,4,99.56705451194271,8,0.995284,0.0,0.0,0.0,0.0,0.0,0.995284,0.004716
hexa_B2,4,2,1.6,28,5,101.32796915309952,8,0.991679,0.0,0.0,0.0,0.0,0.0,0.991679,0.008321
hexa_B2,4,2,1.6,28,6,104.77267799094012,8,0.999695,0.0,0.0,0.0,0.0,0.0,0.999695,0.000305
hexa_B2,4,2,1.6,28,7,107.0565413551191,8,0.996127,0.0,0.0,0.0,0.0,0.0,0.996127,0.003873
hexa_B2,4,2,1.6,28,8,109.57210007152383,8,0.995566,0.0,0.0,0.0,0.0,0.0,0.995566,0.004434
hexa_B2,4,2,1.6,28,9,110.50877364487195,8,0.99904,0.0,0.0,0.0,0.0,0.0,0.99904,0.00096
hexa_B2,4,2,1.6,28,10,112.23084275176619,8,0.998702,0.0,0.0,0.0,0.0,0.0,0.998702,0.001298
hexa_B2,4,2,1.6,28,11,112.8739324379079,8,0.995449,0.0,0.0,0.0,0.0,0.0,0.995449,0.004551
hexa_B1,4,1,1.6,28,0,19.685392884909753,4,0.998868,0.0,0.0,0.998868,0.0,0.001132,0.0,0.0
hexa_B1,4,1,1.6,28,1,25.212908492773995,4,0.997058,0.0,0.0,0.997058,0.0,0.002942,0.0,0.0
hexa_B1,4,1,1.6,28,2,27.7174531466107,4,0.995661,0.0,0.0,0.995661,0.0,0.004339,0.0,0.0
hexa_B1,4,1,1.6,28,3,28.794954173182116,4,0.995591,0.0,0.0,0.995591,0.0,0.004409,0.0,0.0
hexa_B1,4,1,1.6,28,4,29.720485118725225,4,0.99499,0.0,0.0,0.99499,0.0,0.00501,0.0,0.0
hexa_B1,4,1,1.6,28,5,30.57153848156304,4,0.994514,0.0,0.0,0.994514,0.0,0.005486,0.0,0.0
hexa_B1,4,1,1.6,28,6,31.76839684318505,4,0.994859,0.0,0.0,0.994859,0.0,0.005141,0.0,0.0
hexa_B1,4,1,1.6,28,7,32.40417696966172,4,0.99401,0.0,0.0,0.99401,0.0,0.00599,0.0,0.0
hexa_B0,4,0,1.6,28,0,4.768256277774311,2,0.999788,0.999788,0.0,0.000212,0.0,0.0,0.0,0.0
hexa_B0,4,0,1.6,28,1,7.341655088061502,2,0.998109,0.998109,0.0,0.00189,0.0,1e-06,0.0,0.0
hexa_B0,4,0,1.6,28,2,9.328633280833284,2,0.997865,0.997865,0.0,0.002133,0.0,2e-06,0.0,0.0
hexa_B0,4,0,1.6,28,3,11.084950795893707,2,0.997122,0.997122,0.0,0.002875,0.0,3e-06,0.0,0.0
hexa_B0,4,0,1.6,28,4,12.589560111250467,2,0.996722,0.996722,0.0,0.003274,0.0,4e-06,0.0,0.0
hexa_B0,4,0,1.6,28,5,13.90019169233842,2,0.996185,0.996185,0.0,0.003809,0.0,5e-06,0.0,0.0
hexa_B0,4,0,1.6,28,6,14.997401944333733,2,0.995802,0.995802,0.0,0.004191,0.0,7e-06,0.0,0.0
hexa_B0,4,0,1.6,28,7,15.892555841984336,2,0.995353,0.995353,0.0,0.004639,0.0,8e-06,0.0,0.0
hexa_B2,4,2,0.8,28,0,68.6068749005835,8,0.991337,0.0,0.0,0.0,0.0,0.0,0.991337,0.008663
hexa_B2,4,2,0.8,28,1,72.59260639871509,8,0.993119,0.0,0.0,0.0,0.0,0.0,0.993119,0.006881
hexa_B2,4,2,0.8,28,2,79.89671353672473,8,0.994938,0.0,0.0,0.0,0.0,0.0,0.994938,0.005062
hexa_B2,4,2,0.8,28,3,81.98452640275654,8,0.923205,0.0,0.0,0.0,0.0,0.0,0.923205,0.076795
hexa_B2,4,2,0.8,28,4,84.14514902241272,8,0.922156,0.0,0.0,0.0,0.0,0.0,0.922156,0.077844
hexa_B2,4,2,0.8,28,5,87.36517593399547,8,0.9281,0.0,0.0,0.0,0.0,0.0,0.9281,0.0719
hexa_B2,4,2,0.8,28,6,89.16496293226794,8,0.900971,0.0,0.0,0.0,0.0,0.0,0.900971,0.099029
hexa_B2,4,2,0.8,28,7,89.96472334093252,8,0.95722,0.0,0.0,0.0,0.0,0.0,0.95722,0.04278
hexa_B2,4,2,0.8,28,8,90.73035234757425,8,0.940949,0.0,0.0,0.0,0.0,0.0,0.940949,0.059051
hexa_B2,4,2,0.8,28,9,92.40634060455396,8,0.916446,0.0,0.0,0.0,0.0,0.0,0.916446,0.083554
hexa_B2,4,2,0.8,28,10,94.66906921891666,8,0.923194,0.0,0.0,0.0,0.0,0.0,0.923194,0.076806
hexa_B2,4,2,0.8,28,11,97.2010754033617,8,0.927862,0.0,0.0,0.0,0.0,0.0,0.927862,0.072138
hexa_B1,4,1,0.8,28,0,18.74122240328001,4,0.992552,0.0,0.0,0.992552,0.0,0.007448,0.0,0.0
hexa_B1,4,1,0.8,28,1,29.639511668329646,4,0.936035,0.0,0.0,0.936035,0.0,0.063965,0.0,0.0
hexa_B1,4,1,0.8,28,2,35.591018490447475,4,0.842075,0.0,0.0,0.842075,0.0,0.157925,0.0,0.0
hexa_B1,4,1,0.8,28,3,37.87955151130427,4,0.750942,0.0,0.0,0.750942,0.0,0.249058,0.0,0.0
hexa_B1,4,1,0.8,28,4,39.78632172737342,6,0.860903,0.0,0.0,0.139097,0.0,0.860903,0.0,0.0
hexa_B1,4,1,0.8,28,5,40.22667508975184,6,0.736512,0.0,0.0,0.263488,0.0,0.736512,0.0,0.0
hexa_B1,4,1,0.8,28,6,41.79303629947605,6,0.627636,0.0,0.0,0.372364,0.0,0.627636,0.0,0.0
hexa_B1,4,1,0.8,28,7,43.30208717177378,6,0.608118,0.0,0.0,0.391882,0.0,0.608118,0.0,0.0
hexa_B0,4,0,0.8,28,0,4.49767921161873,2,0.999069,0.999069,0.0,0.000925,0.0,6e-06,0.0,0.0
hexa_B0,4,0,0.8,28,1,9.802275479440581,2,0.96356,0.96356,0.0,0.036376,0.0,6.4e-05,0.0,0.0
hexa_B0,4,0,0.8,28,2,14.703237376636801,2,0.959163,0.959163,0.0,0.040094,0.0,0.000743,0.0,0.0
hexa_B0,4,0,0.8,28,3,17.254577423367355,4,0.960659,0.037342,0.0,0.960659,0.0,0.002,0.0,0.0
hexa_B0,4,0,0.8,28,4,17.683314315086577,4,0.849253,0.14905,0.0,0.849253,0.0,0.001697,0.0,0.0
hexa_B0,4,0,0.8,28,5,18.76072582766441,4,0.776589,0.221527,0.0,0.776589,0.0,0.001884,0.0,0.0
hexa_B0,4,0,0.8,28,6,19.527952062498247,4,0.508506,0.49005,0.0,0.508506,0.0,0.001443,0.0,0.0
hexa_B0,4,0,0.8,28,7,20.678693873093003,4,0.921323,0.076078,0.0,0.921323,0.0,0.002599,0.0,0.0
hexa_B2,4,2,0.4,28,0,36.0176627747967,8,0.98706,0.0,0.0,0.0,0.0,0.0,0.98706,0.01294
hexa_B2,4,2,0.4,28,1,37.47723440720243,8,0.987985,0.0,0.0,0.0,0.0,0.0,0.987985,0.012015
hexa_B2,4,2,0.4,28,2,40.49538466551394,8,0.994471,0.0,0.0,0.0,0.0,0.0,0.994471,0.005529
hexa_B2,4,2,0.4,28,3,45.27254817915391,8,0.987463,0.0,0.0,0.0,0.0,0.0,0.987463,0.012537
hexa_B2,4,2,0.4,28,4,45.48611058012481,8,0.698961,0.0,0.0,0.0,0.0,0.0,0.698961,0.301039
hexa_B2,4,2,0.4,28,5,46.47833779930038,8,0.533362,0.0,0.0,0.0,0.0,0.0,0.533362,0.466638
hexa_B2,4,2,0.4,28,6,47.82366644615426,8,0.701585,0.0,0.0,0.0,0.0,0.0,0.701585,0.298415
hexa_B2,4,2,0.4,28,7,49.28294907690072,8,0.531089,0.0,0.0,0.0,0.0,0.0,0.531089,0.468911
hexa_B2,4,2,0.4,28,8,50.13284798492357,10,0.591992,0.0,0.0,0.0,0.0,0.0,0.408008,0.591992
hexa_B2,4,2,0.4,28,9,51.132816886152725,10,0.584228,0.0,0.0,0.0,0.0,0.0,0.415772,0.584228
hexa_B2,4,2,0.4,28,10,55.58996770465062,10,0.569028,0.0,0.0,0.0,0.0,0.0,0.430972,0.569028
hexa_B2,4,2,0.4,28,11,69.00479638639682,10,0.57981,0.0,0.0,0.0,0.0,0.0,0.42019,0.57981
hexa_B1,4,1,0.4,28,0,10.982162271089994,4,0.980801,0.0,0.0,0.980801,0.0,0.019199,0.0,0.0
hexa_B1,4,1,0.4,28,1,19.82831509352527,4,0.54131,0.0,0.0,0.54131,0.0,0.45869,0.0,0.0
hexa_B1,4,1,0.4,28,2,21.890016514670208,6,0.911408,0.0,0.0,0.088592,0.0,0.911408,0.0,0.0
hexa_B1,4,1,0.4,28,3,21.935837744627065,6,0.959994,0.0,0.0,0.040006,0.0,0.959994,0.0,0.0
hexa_B1,4,1,0.4,28,4,22.725398428861258,6,0.91369,0.0,0.0,0.08631,0.0,0.91369,0.0,0.0
hexa_B1,4,1,0.4,28,5,23.225243361599873,6,0.889838,0.0,0.0,0.110162,0.0,0.889838,0.0,0.0
hexa_B1,4,1,0.4,28,6,24.158861532553534,6,0.893894,0.0,0.0,0.106106,0.0,0.893894,0.0,0.0
hexa_B1,4,1,0.4,28,7,26.185729203635212,6,0.867207,0.0,0.0,0.132793,0.0,0.867207,0.0,0.0
hexa_B0,4,0,0.4,28,0,2.726747939611654,2,0.998379,0.998379,0.0,0.001538,0.0,8.3e-05,0.0,0.0
hexa_B0,4,0,0.4,28,1,7.998714866318193,2,0.564377,0.564377,0.0,0.434239,0.0,0.001384,0.0,0.0
hexa_B0,4,0,0.4,28,2,9.817379326562088,4,0.993256,0.004906,0.0,0.993256,0.0,0.001838,0.0,0.0
hexa_B0,4,0,0.4,28,3,10.149542036882744,4,0.979546,0.018789,0.0,0.979546,0.0,0.001665,0.0,0.0
hexa_B0,4,0,0.4,28,4,10.922173872784915,4,0.963742,0.034794,0.0,0.963742,0.0,0.001464,0.0,0.0
hexa_B0,4,0,0.4,28,5,12.324599081542832,4,0.942222,0.056596,0.0,0.942222,0.0,0.001182,0.0,0.0
hexa_B0,4,0,0.4,28,6,13.935920147847108,4,0.530969,0.341328,0.0,0.530969,0.0,0.127703,0.0,0.0
hexa_B0,4,0,0.4,28,7,14.74173360812143,4,0.854399,0.144234,0.0,0.854399,0.0,0.001367,0.0,0.0
hexa_B2,4,2,0.1,28,0,3.3345077411551567,8,0.985121,0.0,0.0,0.0,0.0,0.0,0.985121,0.014879
hexa_B2,4,2,0.1,28,1,3.4548322110231777,8,0.985342,0.0,0.0,0.0,0.0,0.0,0.985342,0.014658
hexa_B2,4,2,0.1,28,2,3.707952447659792,8,0.992371,0.0,0.0,0.0,0.0,0.0,0.992371,0.007629
hexa_B2,4,2,0.1,28,3,4.1273487045187,8,0.99619,0.0,0.0,0.0,0.0,0.0,0.99619,0.00381
hexa_B2,4,2,0.1,28,4,4.298759014593219,10,0.50779,0.0,0.0,0.0,0.0,0.0,0.49221,0.50779
hexa_B2,4,2,0.1,28,5,4.373417976727567,10,0.655261,0.0,0.0,0.0,0.0,0.0,0.344739,0.655261
hexa_B2,4,2,0.1,28,6,4.510288446511019,8,0.53725,0.0,0.0,0.0,0.0,0.0,0.53725,0.46275
hexa_B2,4,2,0.1,28,7,4.609612388349039,10,0.679892,0.0,0.0,0.0,0.0,0.0,0.320108,0.679892
hexa_B2,4,2,0.1,28,8,4.664223078950875,10,0.776598,0.0,0.0,0.0,0.0,0.0,0.223402,0.776598
hexa_B2,4,2,0.1,28,9,4.744066437842563,10,0.779787,0.0,0.0,0.0,0.0,0.0,0.220213,0.779787
hexa_B2,4,2,0.1,28,10,16.676139012459267,10,0.607063,0.0,0.0,0.0,0.0,0.0,0.392937,0.607063
hexa_B2,4,2,0.1,28,11,33.69523479845408,8,0.500879,0.0,0.0,0.0,0.0,0.0,0.500879,0.499121
hexa_B1,4,1,0.1,28,0,1.0777290594555355,4,0.97003,0.0,0.0,0.97003,0.0,0.02997,0.0,0.0
hexa_B1,4,1,0.1,28,1,1.995200463769124,6,0.746417,0.0,0.0,0.253583,0.0,0.746417,0.0,0.0
hexa_B1,4,1,0.1,28,2,2.0834552605412378,6,0.950842,0.0,0.0,0.049158,0.0,0.950842,0.0,0.0
hexa_B1,4,1,0.1,28,3,2.0871600339845644,6,0.958529,0.0,0.0,0.041471,0.0,0.958529,0.0,0.0
hexa_B1,4,1,0.1,28,4,2.1587708762225217,6,0.941496,0.0,0.0,0.058504,0.0,0.941496,0.0,0.0
hexa_B1,4,1,0.1,28,5,2.213327982527908,6,0.9127,0.0,0.0,0.0873,0.0,0.9127,0.0,0.0
hexa_B1,4,1,0.1,28,6,2.2813870341380356,6,0.934899,0.0,0.0,0.065101,0.0,0.934899,0.0,0.0
hexa_B1,4,1,0.1,28,7,2.457957709742154,6,0.928728,0.0,0.0,0.071272,0.0,0.928728,0.0,0.0
hexa_B0,4,0,0.1,28,0,0.27574882351388025,2,0.998571,0.998571,0.0,0.000951,0.0,0.000478,0.0,0.0
hexa_B0,4,0,0.1,28,1,0.8646956411665648,4,0.787234,0.212507,0.0,0.787234,0.0,0.00026,0.0,0.0
hexa_B0,4,0,0.1,28,2,0.9446748646874368,4,0.994285,0.005668,0.0,0.994285,0.0,4.7e-05,0.0,0.0
hexa_B0,4,0,0.1,28,3,0.9753980238713376,4,0.983671,0.016277,0.0,0.983671,0.0,5.2e-05,0.0,0.0
hexa_B0,4,0,0.1,28,4,1.0453348868966221,4,0.976525,0.023421,0.0,0.976525,0.0,5.4e-05,0.0,0.0
hexa_B0,4,0,0.1,28,5,1.1717938226633624,4,0.972219,0.027731,0.0,0.972219,0.0,5.1e-05,0.0,0.0
hexa_B0,4,0,0.1,28,6,1.4072720264829326,4,0.969328,0.03063,0.0,0.969328,0.0,4.2e-05,0.0,0.0
hexa_B0,4,0,0.1,28,7,1.5403420210020677,4,0.521029,0.059329,0.0,0.521029,0.0,0.419642,0.0,0.0
hexa_B2,4,2,1.6,32,0,75.89885816780766,8,0.997231,0.0,0.0,0.0,0.0,0.0,0.997231,0.002769
hexa_B2,4,2,1.6,32,1,87.11396852407474,8,0.997474,0.0,0.0,0.0,0.0,0.0,0.997474,0.002526
hexa_B2,4,2,1.6,32,2,88.19794249446848,8,0.997907,0.0,0.0,0.0,0.0,0.0,0.997907,0.002093
hexa_B2,4,2,1.6,32,3,93.42780700879474,8,0.996498,0.0,0.0,0.0,0.0,0.0,0.996498,0.003502
hexa_B2,4,2,1.6,32,4,96.76683609771452,8,0.992774,0.0,0.0,0.0,0.0,0.0,0.992774,0.007226
hexa_B2,4,2,1.6,32,5,100.74994046423946,8,0.998821,0.0,0.0,0.0,0.0,0.0,0.998821,0.001179
hexa_B2,4,2,1.6,32,6,101.97032708135784,8,0.996896,0.0,0.0,0.0,0.0,0.0,0.996896,0.003104
hexa_B2,4,2,1.6,32,7,104.3751269170617,8,0.996503,0.0,0.0,0.0,0.0,0.0,0.996503,0.003497
hexa_B2,4,2,1.6,32,8,105.94867208616986,8,0.994824,0.0,0.0,0.0,0.0,0.0,0.994824,0.005176
hexa_B2,4,2,1.6,32,9,106.69241138510851,8,0.99695,0.0,0.0,0.0,0.0,0.0,0.99695,0.00305
hexa_B2,4,2,1.6,32,10,107.62988179173226,8,0.997707,0.0,0.0,0.0,0.0,0.0,0.997707,0.002293
hexa_B2,4,2,1.6,32,11,108.57841389944407,8,0.99589,0.0,0.0,0.0,0.0,0.0,0.99589,0.00411
hexa_B1,4,1,1.6,32,0,19.780947433046187,4,0.998944,0.0,0.0,0.998944,0.0,0.001056,0.0,0.0
hexa_B1,4,1,1.6,32,1,25.54207536441036,4,0.997239,0.0,0.0,0.997239,0.0,0.002761,0.0,0.0
hexa_B1,4,1,1.6,32,2,28.2654210177971,4,0.995853,0.0,0.0,0.995853,0.0,0.004147,0.0,0.0
hexa_B1,4,1,1.6,32,3,29.639939588796842,4,0.995867,0.0,0.0,0.995867,0.0,0.004133,0.0,0.0
hexa_B1,4,1,1.6,32,4,31.181873292660036,4,0.99537,0.0,0.0,0.99537,0.0,0.00463,0.0,0.0
hexa_B1,4,1,1.6,32,5,31.3151072406138,4,0.994857,0.0,0.0,0.994857,0.0,0.005143,0.0,0.0
hexa_B1,4,1,1.6,32,6,31.746268084712863,4,0.994609,0.0,0.0,0.994609,0.0,0.005391,0.0,0.0
hexa_B1,4,1,1.6,32,7,33.32701597774137,4,0.994878,0.0,0.0,0.994878,0.0,0.005122,0.0,0.0
hexa_B0,4,0,1.6,32,0,4.7775785546084695,2,0.999797,0.999797,0.0,0.000203,0.0,0.0,0.0,0.0
hexa_B0,4,0,1.6,32,1,7.382844741457873,2,0.99815,0.99815,0.0,0.001849,0.0,1e-06,0.0,0.0
hexa_B0,4,0,1.6,32,2,9.423939569433502,2,0.997946,0.997946,0.0,0.002052,0.0,2e-06,0.0,0.0
hexa_B0,4,0,1.6,32,3,11.257098533052803,2,0.997241,0.997241,0.0,0.002757,0.0,3e-06,0.0,0.0
hexa_B0,4,0,1.6,32,4,12.861712861959878,2,0.996884,0.996884,0.0,0.003112,0.0,4e-06,0.0,0.0
hexa_B0,4,0,1.6,32,5,14.298176603597293,2,0.996382,0.996382,0.0,0.003613,0.0,5e-06,0.0,0.0
hexa_B0,4,0,1.6,32,6,15.54978418387272,2,0.996038,0.996038,0.0,0.003956,0.0,6e-06,0.0,0.0
hexa_B0,4,0,1.6,32,7,16.63713282153075,2,0.99562,0.99562,0.0,0.004373,0.0,7e-06,0.0,0.0
hexa_B2,4,2,0.8,32,0,70.20363390405103,8,0.988675,0.0,0.0,0.0,0.0,0.0,0.988675,0.011325
hexa_B2,4,2,0.8,32,1,73.35046573785036,8,0.988888,0.0,0.0,0.0,0.0,0.0,0.988888,0.011112
hexa_B2,4,2,0.8,32,2,79.59560364902866,8,0.992605,0.0,0.0,0.0,0.0,0.0,0.992605,0.007395
hexa_B2,4,2,0.8,32,3,85.84749297239654,8,0.926011,0.0,0.0,0.0,0.0,0.0,0.926011,0.073989
hexa_B2,4,2,0.8,32,4,86.49861101955366,8,0.917077,0.0,0.0,0.0,0.0,0.0,0.917077,0.082923
hexa_B2,4,2,0.8,32,5,88.67517468387108,8,0.982039,0.0,0.0,0.0,0.0,0.0,0.982039,0.017961
hexa_B2,4,2,0.8,32,6,89.62792473064701,8,0.931816,0.0,0.0,0.0,0.0,0.0,0.931816,0.068184
hexa_B2,4,2,0.8,32,7,92.24974746017598,8,0.898125,0.0,0.0,0.0,0.0,0.0,0.898125,0.101875
hexa_B2,4,2,0.8,32,8,93.28143639929347,8,0.894843,0.0,0.0,0.0,0.0,0.0,0.894843,0.105157
hexa_B2,4,2,0.8,32,9,93.83702606002147,8,0.905901,0.0,0.0,0.0,0.0,0.0,0.905901,0.094099
hexa_B2,4,2,0.8,32,10,96.31052561495962,8,0.897383,0.0,0.0,0.0,0.0,0.0,0.897383,0.102617
hexa_B2,4,2,0.8,32,11,96.76865762075435,8,0.907358,0.0,0.0,0.0,0.0,0.0,0.907358,0.092642
hexa_B1,4,1,0.8,32,0,18.9684801638204,4,0.992923,0.0,0.0,0.992923,0.0,0.007077,0.0,0.0
hexa_B1,4,1,0.8,32,1,30.272651028074844,4,0.93832,0.0,0.0,0.93832,0.0,0.06168,0.0,0.0
hexa_B1,4,1,0.8,32,2,36.582403891457176,4,0.839946,0.0,0.0,0.839946,0.0,0.160054,0.0,0.0
hexa_B1,4,1,0.8,32,3,39.030535711459216,4,0.722573,0.0,0.0,0.722573,0.0,0.277427,0.0,0.0
hexa_B1,4,1,0.8,32,4,40.38089524755961,6,0.941656,0.0,0.0,0.058344,0.0,0.941656,0.0,0.0
hexa_B1,4,1,0.8,32,5,41.08928370530744,6,0.824435,0.0,0.0,0.175565,0.0,0.824435,0.0,0.0
hexa_B1,4,1,0.8,32,6,42.32599012170105,6,0.814456,0.0,0.0,0.185544,0.0,0.814456,0.0,0.0
hexa_B1,4,1,0.8,32,7,43.38810270407342,6,0.650873,0.0,0.0,0.349127,0.0,0.650873,0.0,0.0
hexa_B0,4,0,0.8,32,0,4.523916825429004,2,0.999104,0.999104,0.0,0.00089,0.0,5e-06,0.0,0.0
hexa_B0,4,0,0.8,32,1,9.905829101920169,2,0.964608,0.964608,0.0,0.035332,0.0,6e-05,0.0,0.0
hexa_B0,4,0,0.8,32,2,14.931976573898973,2,0.960846,0.960846,0.0,0.038466,0.0,0.000689,0.0,0.0
hexa_B0,4,0,0.8,32,3,17.439015152298662,4,0.977478,0.020515,0.0,0.977478,0.0,0.002008,0.0,0.0
hexa_B0,4,0,0.8,32,4,17.797124025853847,4,0.898789,0.099446,0.0,0.898789,0.0,0.001765,0.0,0.0
hexa_B0,4,0,0.8,32,5,18.647017228287567,4,0.84867,0.149492,0.0,0.84867,0.0,0.001839,0.0,0.0
hexa_B0,4,0,0.8,32,6,19.826973966603422,2,0.611482,0.611482,0.0,0.387343,0.0,0.001174,0.0,0.0
hexa_B0,4,0,0.8,32,7,20.093778414936317,4,0.937972,0.059703,0.0,0.937972,0.0,0.002326,0.0,0.0
hexa_B2,4,2,0.4,32,0,37.61993146406835,8,0.982026,0.0,0.0,0.0,0.0,0.0,0.982026,0.017974
hexa_B2,4,2,0.4,32,1,38.74725847846571,8,0.981946,0.0,0.0,0.0,0.0,0.0,0.981946,0.018054
hexa_B2,4,2,0.4,32,2,41.17042895565512,8,0.986679,0.0,0.0,0.0,0.0,0.0,0.986679,0.013321
hexa_B2,4,2,0.4,32,3,45.046542736796354,8,0.993122,0.0,0.0,0.0,0.0,0.0,0.993122,0.006878
hexa_B2,4,2,0.4,32,4,48.32718337804547,8,0.647039,0.0,0.0,0.0,0.0,0.0,0.647039,0.352961
hexa_B2,4,2,0.4,32,5,49.42706464136786,8,0.576206,0.0,0.0,0.0,0.0,0.0,0.576206,0.423794
hexa_B2,4,2,0.4,32,6,50.41663511747511,8,0.682698,0.0,0.0,0.0,0.0,0.0,0.682698,0.317302
hexa_B2,4,2,0.4,32,7,50.83465665522804,8,0.981919,0.0,0.0,0.0,0.0,0.0,0.981919,0.018081
hexa_B2,4,2,0.4,32,8,51.25672524054983,8,0.531429,0.0,0.0,0.0,0.0,0.0,0.531429,0.468571
hexa_B2,4,2,0.4,32,9,52.1894613292217,10,0.697119,0.0,0.0,0.0,0.0,0.0,0.302881,0.697119
hexa_B2,4,2,0.4,32,10,53.030860799989476,10,0.697601,0.0,0.0,0.0,0.0,0.0,0.302399,0.697601
hexa_B2,4,2,0.4,32,11,53.57150574667993,8,0.6902,0.0,0.0,0.0,0.0,0.0,0.6902,0.3098
hexa_B1,4,1,0.4,32,0,11.273590031346622,4,0.980733,0.0,0.0,0.980733,0.0,0.019267,0.0,0.0
hexa_B1,4,1,0.4,32,1,20.584467320274154,4,0.540089,0.0,0.0,0.540089,0.0,0.459911,0.0,0.0
hexa_B1,4,1,0.4,32,2,22.618331654587642,6,0.94757,0.0,0.0,0.05243,0.0,0.94757,0.0,0.0
hexa_B1,4,1,0.4,32,3,22.892359413370972,6,0.948186,0.0,0.0,0.051814,0.0,0.948186,0.0,0.0
hexa_B1,4,1,0.4,32,4,23.180294928405527,6,0.933819,0.0,0.0,0.066181,0.0,0.933819,0.0,0.0
hexa_B1,4,1,0.4,32,5,23.75625261086561,6,0.925647,0.0,0.0,0.074353,0.0,0.925647,0.0,0.0
hexa_B1,4,1,0.4,32,6,25.01209398233125,6,0.89324,0.0,0.0,0.10676,0.0,0.89324,0.0,0.0
hexa_B1,4,1,0.4,32,7,25.209813223764712,6,0.905618,0.0,0.0,0.094382,0.0,0.905618,0.0,0.0
hexa_B0,4,0,0.4,32,0,2.771942493992446,2,0.998368,0.998368,0.0,0.001553,0.0,7.9e-05,0.0,0.0
hexa_B0,4,0,0.4,32,1,8.191404119542652,2,0.569836,0.569836,0.0,0.428756,0.0,0.001408,0.0,0.0
hexa_B0,4,0,0.4,32,2,10.050225495443554,4,0.994502,0.003485,0.0,0.994502,0.0,0.002013,0.0,0.0
hexa_B0,4,0,0.4,32,3,10.307900341079492,4,0.984476,0.013648,0.0,0.984476,0.0,0.001876,0.0,0.0
hexa_B0,4,0,0.4,32,4,10.895826336704825,4,0.972699,0.025573,0.0,0.972699,0.0,0.001728,0.0,0.0
hexa_B0,4,0,0.4,32,5,11.915383955399141,4,0.958312,0.040168,0.0,0.958312,0.0,0.00152,0.0,0.0
hexa_B0,4,0,0.4,32,6,13.596761764785413,4,0.930177,0.068547,0.0,0.930177,0.0,0.001276,0.0,0.0
hexa_B0,4,0,0.4,32,7,14.366723072785499,4,0.5253,0.350603,0.0,0.5253,0.0,0.124097,0.0,0.0
hexa_B2,4,2,0.1,32,0,3.509273631375403,8,0.978496,0.0,0.0,0.0,0.0,0.0,0.978496,0.021504
hexa_B2,4,2,0.1,32,1,3.601343224777006,8,0.977971,0.0,0.0,0.0,0.0,0.0,0.977971,0.022029
hexa_B2,4,2,0.1,32,2,3.801296411086799,8,0.982722,0.0,0.0,0.0,0.0,0.0,0.982722,0.017278
hexa_B2,4,2,0.1,32,3,4.127464975030307,8,0.990617,0.0,0.0,0.0,0.0,0.0,0.990617,0.009383
hexa_B2,4,2,0.1,32,4,4.588334643238829,10,0.584773,0.0,0.0,0.0,0.0,0.0,0.415227,0.584773
hexa_B2,4,2,0.1,32,5,4.636061546290225,8,0.993025,0.0,0.0,0.0,0.0,0.0,0.993025,0.006975
hexa_B2,4,2,0.1,32,6,4.694479067311529,10,0.589375,0.0,0.0,0.0,0.0,0.0,0.410625,0.589375
hexa_B2,4,2,0.1,32,7,4.763362261515031,10,0.556526,0.0,0.0,0.0,0.0,0.0,0.443474,0.556526
hexa_B2,4,2,0.1,32,8,4.842351977242131,10,0.671461,0.0,0.0,0.0,0.0,0.0,0.328539,0.671461
hexa_B2,4,2,0.1,32,9,4.860790359831782,10,0.789159,0.0,0.0,0.0,0.0,0.0,0.210841,0.789159
hexa_B2,4,2,0.1,32,10,4.915552769131054,10,0.823531,0.0,0.0,0.0,0.0,0.0,0.176469,0.823531
hexa_B2,4,2,0.1,32,11,5.061183310421641,8,0.530428,0.0,0.0,0.0,0.0,0.0,0.530428,0.469572
hexa_B1,4,1,0.1,32,0,1.117236442063906,4,0.968786,0.0,0.0,0.968786,0.0,0.031214,0.0,0.0
hexa_B1,4,1,0.1,32,1,2.091033962180429,6,0.754089,0.0,0.0,0.245911,0.0,0.754089,0.0,0.0
hexa_B1,4,1,0.1,32,2,2.1706621965380433,6,0.965614,0.0,0.0,0.034386,0.0,0.965614,0.0,0.0
hexa_B1,4,1,0.1,32,3,2.196177885932253,6,0.961652,0.0,0.0,0.038348,0.0,0.961652,0.0,0.0
hexa_B1,4,1,0.1,32,4,2.226308761475115,6,0.942944,0.0,0.0,0.057056,0.0,0.942944,0.0,0.0
hexa_B1,4,1,0.1,32,5,2.273513995591094,6,0.95003,0.0,0.0,0.04997,0.0,0.95003,0.0,0.0
hexa_B1,4,1,0.1,32,6,2.3888069557653058,6,0.940427,0.0,0.0,0.059573,0.0,0.940427,0.0,0.0
hexa_B1,4,1,0.1,32,7,2.4056365549680927,6,0.917863,0.0,0.0,0.082137,0.0,0.917863,0.0,0.0
hexa_B0,4,0,0.1,32,0,0.28327827829287994,2,0.998526,0.998526,0.0,0.000986,0.0,0.000488,0.0,0.0
hexa_B0,4,0,0.1,32,1,0.8949701915992199,4,0.788223,0.211482,0.0,0.788223,0.0,0.000296,0.0,0.0
hexa_B0,4,0,0.1,32,2,0.9761763186934544,4,0.995598,0.004346,0.0,0.995598,0.0,5.7e-05,0.0,0.0
hexa_B0,4,0,0.1,32,3,0.9997874484560739,4,0.987388,0.012551,0.0,0.987388,0.0,6e-05,0.0,0.0
hexa_B0,4,0,0.1,32,4,1.0530601232829309,4,0.981234,0.018702,0.0,0.981234,0.0,6.3e-05,0.0,0.0
hexa_B0,4,0,0.1,32,5,1.144472451758385,4,0.977227,0.022711,0.0,0.977227,0.0,6.2e-05,0.0,0.0
hexa_B0,4,0,0.1,32,6,1.297617302731126,4,0.974589,0.025355,0.0,0.974589,0.0,5.7e-05,0.0,0.0
hexa_B0,4,0,0.1,32,7,1.5740128742684847,4,0.972571,0.027382,0.0,0.972571,0.0,4.7e-05,0.0,0.0
hexa_B2,4,2,1.6,36,0,77.07772444200567,8,0.997664,0.0,0.0,0.0,0.0,0.0,0.997664,0.002336
hexa_B2,4,2,1.6,36,1,80.91625828251948,8,0.997203,0.0,0.0,0.0,0.0,0.0,0.997203,0.002797
hexa_B2,4,2,1.6,36,2,88.88433456009719,8,0.993995,0.0,0.0,0.0,0.0,0.0,0.993995,0.006005
hexa_B2,4,2,1.6,36,3,92.99339619161117,8,0.99758,0.0,0.0,0.0,0.0,0.0,0.99758,0.00242
hexa_B2,4,2,1.6,36,4,93.86591289328514,8,0.99757,0.0,0.0,0.0,0.0,0.0,0.99757,0.00243
hexa_B2,4,2,1.6,36,5,94.24332229443971,8,0.997419,0.0,0.0,0.0,0.0,0.0,0.997419,0.002581
hexa_B2,4,2,1.6,36,6,97.53315282392026,8,0.99541,0.0,0.0,0.0,0.0,0.0,0.99541,0.00459
hexa_B2,4,2,1.6,36,7,98.49498570882756,8,0.996004,0.0,0.0,0.0,0.0,0.0,0.996004,0.003996
hexa_B2,4,2,1.6,36,8,101.17973988468798,8,0.995301,0.0,0.0,0.0,0.0,0.0,0.995301,0.004699
hexa_B2,4,2,1.6,36,9,101.84632920973914,8,0.995622,0.0,0.0,0.0,0.0,0.0,0.995622,0.004378
hexa_B2,4,2,1.6,36,10,103.40602107759112,8,0.995362,0.0,0.0,0.0,0.0,0.0,0.995362,0.004638
hexa_B2,4,2,1.6,36,11,103.72221895078576,8,0.991956,0.0,0.0,0.0,0.0,0.0,0.991956,0.008044
hexa_B1,4,1,1.6,36,0,19.855480054248392,4,0.999001,0.0,0.0,0.999001,0.0,0.000999,0.0,0.0
hexa_B1,4,1,1.6,36,1,25.792152925764512,4,0.997377,0.0,0.0,0.997377,0.0,0.002623,0.0,0.0
hexa_B1,4,1,1.6,36,2,28.679975702181622,4,0.996024,0.0,0.0,0.996024,0.0,0.003976,0.0,0.0
hexa_B1,4,1,1.6,36,3,30.194411924692822,4,0.996111,0.0,0.0,0.996111,0.0,0.003889,0.0,0.0
hexa_B1,4,1,1.6,36,4,31.899175919855267,4,0.995364,0.0,0.0,0.995364,0.0,0.004636,0.0,0.0
hexa_B1,4,1,1.6,36,5,32.049038184857416,4,0.994925,0.0,0.0,0.994925,0.0,0.005075,0.0,0.0
hexa_B1,4,1,1.6,36,6,33.23306331672266,4,0.995082,0.0,0.0,0.995082,0.0,0.004918,0.0,0.0
hexa_B1,4,1,1.6,36,7,33.82121285963861,4,0.994916,0.0,0.0,0.994916,0.0,0.005084,0.0,0.0
hexa_B0,4,0,1.6,36,0,4.784875706929712,2,0.999804,0.999804,0.0,0.000196,0.0,0.0,0.0,0.0
hexa_B0,4,0,1.6,36,1,7.414829202960645,2,0.99818,0.99818,0.0,0.001819,0.0,1e-06,0.0,0.0
hexa_B0,4,0,1.6,36,2,9.497612834031607,2,0.998005,0.998005,0.0,0.001992,0.0,2e-06,0.0,0.0
hexa_B0,4,0,1.6,36,3,11.389569241261185,2,0.997329,0.997329,0.0,0.002669,0.0,2e-06,0.0,0.0
hexa_B0,4,0,1.6,36,4,13.070136652718725,2,0.997004,0.997004,0.0,0.002992,0.0,4e-06,0.0,0.0
hexa_B0,4,0,1.6,36,5,14.601017576734055,2,0.996529,0.996529,0.0,0.003466,0.0,4e-06,0.0,0.0
hexa_B0,4,0,1.6,36,6,15.966390062970511,2,0.996217,0.996217,0.0,0.003778,0.0,6e-06,0.0,0.0
hexa_B0,4,0,1.6,36,7,17.189781282111596,2,0.995812,0.995812,0.0,0.004181,0.0,7e-06,0.0,0.0
hexa_B2,4,2,0.8,36,0,71.43595245319796,8,0.987521,0.0,0.0,0.0,0.0,0.0,0.987521,0.012479
hexa_B2,4,2,0.8,36,1,73.90217862720554,8,0.987073,0.0,0.0,0.0,0.0,0.0,0.987073,0.012927
hexa_B2,4,2,0.8,36,2,78.98015212863838,8,0.988878,0.0,0.0,0.0,0.0,0.0,0.988878,0.011122
hexa_B2,4,2,0.8,36,3,86.79919599040386,8,0.99183,0.0,0.0,0.0,0.0,0.0,0.99183,0.00817
hexa_B2,4,2,0.8,36,4,88.60895387573514,8,0.915715,0.0,0.0,0.0,0.0,0.0,0.915715,0.084285
hexa_B2,4,2,0.8,36,5,89.3431261254788,8,0.935239,0.0,0.0,0.0,0.0,0.0,0.935239,0.064761
hexa_B2,4,2,0.8,36,6,92.2543200406654,8,0.923204,0.0,0.0,0.0,0.0,0.0,0.923204,0.076796
hexa_B2,4,2,0.8,36,7,93.5607615178724,8,0.919461,0.0,0.0,0.0,0.0,0.0,0.919461,0.080539
hexa_B2,4,2,0.8,36,8,95.69381359540502,8,0.85305,0.0,0.0,0.0,0.0,0.0,0.85305,0.14695
hexa_B2,4,2,0.8,36,9,97.24134475984904,8,0.94288,0.0,0.0,0.0,0.0,0.0,0.94288,0.05712
hexa_B2,4,2,0.8,36,10,97.75426614090617,8,0.900543,0.0,0.0,0.0,0.0,0.0,0.900543,0.099457
hexa_B2,4,2,0.8,36,11,98.04762424611847,8,0.956179,0.0,0.0,0.0,0.0,0.0,0.956179,0.043821
hexa_B1,4,1,0.8,36,0,19.15053743509072,4,0.993233,0.0,0.0,0.993233,0.0,0.006767,0.0,0.0
hexa_B1,4,1,0.8,36,1,30.77728729642632,4,0.940239,0.0,0.0,0.940239,0.0,0.059761,0.0,0.0
hexa_B1,4,1,0.8,36,2,37.36618238607123,4,0.838199,0.0,0.0,0.838199,0.0,0.161801,0.0,0.0
hexa_B1,4,1,0.8,36,3,39.914686500447125,4,0.670175,0.0,0.0,0.670175,0.0,0.329825,0.0,0.0
hexa_B1,4,1,0.8,36,4,40.935249504107915,6,0.955577,0.0,0.0,0.044423,0.0,0.955577,0.0,0.0
hexa_B1,4,1,0.8,36,5,41.66264867883797,6,0.850545,0.0,0.0,0.149455,0.0,0.850545,0.0,0.0
hexa_B1,4,1,0.8,36,6,42.235401296831625,6,0.86917,0.0,0.0,0.13083,0.0,0.86917,0.0,0.0
hexa_B1,4,1,0.8,36,7,43.67600928680898,6,0.815985,0.0,0.0,0.184015,0.0,0.815985,0.0,0.0
hexa_B0,4,0,0.8,36,0,4.544866067470181,2,0.999133,0.999133,0.0,0.000862,0.0,5e-06,0.0,0.0
hexa_B0,4,0,0.8,36,1,9.98797855543819,2,0.96544,0.96544,0.0,0.034502,0.0,5.8e-05,0.0,0.0
hexa_B0,4,0,0.8,36,2,15.112720385011444,2,0.96218,0.96218,0.0,0.037173,0.0,0.000646,0.0,0.0
hexa_B0,4,0,0.8,36,3,17.582570046869858,4,0.985668,0.01235,0.0,0.985668,0.0,0.001982,0.0,0.0
hexa_B0,4,0,0.8,36,4,17.88498649868087,4,0.929808,0.068395,0.0,0.929808,0.0,0.001797,0.0,0.0
hexa_B0,4,0,0.8,36,5,18.57366419109221,4,0.886796,0.111402,0.0,0.886796,0.0,0.001802,0.0,0.0
hexa_B0,4,0,0.8,36,6,19.711420299547587,4,0.885026,0.112914,0.0,0.885026,0.0,0.00206,0.0,0.0
hexa_B0,4,0,0.8,36,7,20.08332102325564,2,0.59445,0.59445,0.0,0.40446,0.0,0.00109,0.0,0.0
hexa_B2,4,2,0.4,36,0,38.97389580423847,8,0.978262,0.0,0.0,0.0,0.0,0.0,0.978262,0.021738
hexa_B2,4,2,0.4,36,1,39.859748797067645,8,0.977847,0.0,0.0,0.0,0.0,0.0,0.977847,0.022153
hexa_B2,4,2,0.4,36,2,41.82560434071645,8,0.980675,0.0,0.0,0.0,0.0,0.0,0.980675,0.019325
hexa_B2,4,2,0.4,36,3,44.95002035718442,8,0.985843,0.0,0.0,0.0,0.0,0.0,0.985843,0.014157
hexa_B2,4,2,0.4,36,4,49.610583028474316,8,0.991731,0.0,0.0,0.0,0.0,0.0,0.991731,0.008269
hexa_B2,4,2,0.4,36,5,50.78386255903135,8,0.623087,0.0,0.0,0.0,0.0,0.0,0.623087,0.376913
hexa_B2,4,2,0.4,36,6,51.977516865457986,8,0.60924,0.0,0.0,0.0,0.0,0.0,0.60924,0.39076
hexa_B2,4,2,0.4,36,7,52.55069047235558,8,0.59769,0.0,0.0,0.0,0.0,0.0,0.59769,0.40231
hexa_B2,4,2,0.4,36,8,53.7132855138851,8,0.590126,0.0,0.0,0.0,0.0,0.0,0.590126,0.409874
hexa_B2,4,2,0.4,36,9,54.75083424141417,10,0.774374,0.0,0.0,0.0,0.0,0.0,0.225626,0.774374
hexa_B2,4,2,0.4,36,10,54.83485850566083,10,0.700132,0.0,0.0,0.0,0.0,0.0,0.299868,0.700132
hexa_B2,4,2,0.4,36,11,55.3529916651402,8,0.65082,0.0,0.0,0.0,0.0,0.0,0.65082,0.34918
hexa_B1,4,1,0.4,36,0,11.519997720999722,4,0.980769,0.0,0.0,0.980769,0.0,0.019231,0.0,0.0
hexa_B1,4,1,0.4,36,1,21.223897675577497,4,0.539804,0.0,0.0,0.539804,0.0,0.460196,0.0,0.0
hexa_B1,4,1,0.4,36,2,23.32825688496539,6,0.952569,0.0,0.0,0.047431,0.0,0.952569,0.0,0.0
hexa_B1,4,1,0.4,36,3,23.49458425453673,6,0.962026,0.0,0.0,0.037974,0.0,0.962026,0.0,0.0
hexa_B1,4,1,0.4,36,4,23.756029747328135,6,0.950016,0.0,0.0,0.049984,0.0,0.950016,0.0,0.0
hexa_B1,4,1,0.4,36,5,24.482722628633052,6,0.929349,0.0,0.0,0.070651,0.0,0.929349,0.0,0.0
hexa_B1,4,1,0.4,36,6,24.65925856914985,6,0.934613,0.0,0.0,0.065387,0.0,0.934613,0.0,0.0
hexa_B1,4,1,0.4,36,7,25.875091539510105,6,0.919459,0.0,0.0,0.080541,0.0,0.919459,0.0,0.0
hexa_B0,4,0,0.4,36,0,2.8099045013013457,2,0.998362,0.998362,0.0,0.001562,0.0,7.6e-05,0.0,0.0
hexa_B0,4,0,0.4,36,1,8.35319699960389,2,0.574694,0.574694,0.0,0.423885,0.0,0.001421,0.0,0.0
hexa_B0,4,0,0.4,36,2,10.247014353466643,4,0.995278,0.002575,0.0,0.995278,0.0,0.002147,0.0,0.0
hexa_B0,4,0,0.4,36,3,10.453147171084849,4,0.987699,0.010265,0.0,0.987699,0.0,0.002036,0.0,0.0
hexa_B0,4,0,0.4,36,4,10.917605039801447,4,0.97864,0.019437,0.0,0.97864,0.0,0.001924,0.0,0.0
hexa_B0,4,0,0.4,36,5,11.699395243671397,4,0.967992,0.030238,0.0,0.967992,0.0,0.00177,0.0,0.0
hexa_B0,4,0,0.4,36,6,12.929913284067377,4,0.952384,0.046053,0.0,0.952384,0.0,0.001563,0.0,0.0
hexa_B0,4,0,0.4,36,7,14.728239253637708,4,0.520173,0.359005,0.0,0.520173,0.0,0.120821,0.0,0.0
hexa_B2,4,2,0.1,36,0,3.6626366337530896,8,0.973016,0.0,0.0,0.0,0.0,0.0,0.973016,0.026984
hexa_B2,4,2,0.1,36,1,3.7345210936332767,8,0.972353,0.0,0.0,0.0,0.0,0.0,0.972353,0.027647
hexa_B2,4,2,0.1,36,2,3.895869601314366,8,0.975178,0.0,0.0,0.0,0.0,0.0,0.975178,0.024822
hexa_B2,4,2,0.1,36,3,4.154719717034831,8,0.981027,0.0,0.0,0.0,0.0,0.0,0.981027,0.018973
hexa_B2,4,2,0.1,36,4,4.548026986736062,8,0.989042,0.0,0.0,0.0,0.0,0.0,0.989042,0.010958
hexa_B2,4,2,0.1,36,5,4.8554762252722306,10,0.606273,0.0,0.0,0.0,0.0,0.0,0.393727,0.606273
hexa_B2,4,2,0.1,36,6,4.952773697496794,10,0.601149,0.0,0.0,0.0,0.0,0.0,0.398851,0.601149
hexa_B2,4,2,0.1,36,7,5.000219027502958,10,0.661113,0.0,0.0,0.0,0.0,0.0,0.338887,0.661113
hexa_B2,4,2,0.1,36,8,5.092755542511746,10,0.850795,0.0,0.0,0.0,0.0,0.0,0.149205,0.850795
hexa_B2,4,2,0.1,36,9,5.118712466589297,10,0.652149,0.0,0.0,0.0,0.0,0.0,0.347851,0.652149
hexa_B2,4,2,0.1,36,10,5.142593338333097,8,0.896921,0.0,0.0,0.0,0.0,0.0,0.896921,0.103079
hexa_B2,4,2,0.1,36,11,5.150017760387591,10,0.610453,0.0,0.0,0.0,0.0,0.0,0.389547,0.610453
hexa_B1,4,1,0.1,36,0,1.1519044248889674,4,0.967835,0.0,0.0,0.967835,0.0,0.032165,0.0,0.0
hexa_B1,4,1,0.1,36,1,2.175202855785768,6,0.760492,0.0,0.0,0.239508,0.0,0.760492,0.0,0.0
hexa_B1,4,1,0.1,36,2,2.2572106050292877,6,0.968326,0.0,0.0,0.031674,0.0,0.968326,0.0,0.0
hexa_B1,4,1,0.1,36,3,2.2750797067859843,6,0.964448,0.0,0.0,0.035552,0.0,0.964448,0.0,0.0
hexa_B1,4,1,0.1,36,4,2.2970805627892226,6,0.964845,0.0,0.0,0.035155,0.0,0.964845,0.0,0.0
hexa_B1,4,1,0.1,36,5,2.3692501508778556,6,0.935463,0.0,0.0,0.064537,0.0,0.935463,0.0,0.0
hexa_B1,4,1,0.1,36,6,2.37512615632601,6,0.95977,0.0,0.0,0.04023,0.0,0.95977,0.0,0.0
hexa_B1,4,1,0.1,36,7,2.4838612429406437,6,0.949973,0.0,0.0,0.050027,0.0,0.949973,0.0,0.0
hexa_B0,4,0,0.1,36,0,0.2898865875335517,2,0.99849,0.99849,0.0,0.001014,0.0,0.000496,0.0,0.0
hexa_B0,4,0,0.1,36,1,0.9215330687984605,4,0.78898,0.210692,0.0,0.78898,0.0,0.000329,0.0,0.0
hexa_B0,4,0,0.1,36,2,1.0039343843006887,4,0.996473,0.003461,0.0,0.996473,0.0,6.6e-05,0.0,0.0
hexa_B0,4,0,0.1,36,3,1.022648988502362,4,0.989986,0.009945,0.0,0.989986,0.0,6.9e-05,0.0,0.0
hexa_B0,4,0,0.1,36,4,1.0648224022041235,4,0.984727,0.015201,0.0,0.984727,0.0,7.2e-05,0.0,0.0
hexa_B0,4,0,0.1,36,5,1.1349371592256599,4,0.981028,0.0189,0.0,0.981028,0.0,7.2e-05,0.0,0.0
hexa_B0,4,0,0.1,36,6,1.2454429343392326,4,0.978535,0.021397,0.0,0.978535,0.0,6.9e-05,0.0,0.0
hexa_B0,4,0,0.1,36,7,1.423994846480845,4,0.976734,0.023204,0.0,0.976734,0.0,6.2e-05,0.0,0.0
hexa_B2,4,2,1.6,40,0,77.77767537500806,8,0.997787,0.0,0.0,0.0,0.0,0.0,0.997787,0.002213
hexa_B2,4,2,1.6,40,1,80.82805481759868,8,0.997651,0.0,0.0,0.0,0.0,0.0,0.997651,0.002349
hexa_B2,4,2,1.6,40,2,86.35651842204966,8,0.997176,0.0,0.0,0.0,0.0,0.0,0.997176,0.002824
hexa_B2,4,2,1.6,40,3,87.26615256967952,8,0.995825,0.0,0.0,0.0,0.0,0.0,0.995825,0.004175
hexa_B2,4,2,1.6,40,4,88.7428170832733,8,0.994916,0.0,0.0,0.0,0.0,0.0,0.994916,0.005084
hexa_B2,4,2,1.6,40,5,91.5200198216495,8,0.994636,0.0,0.0,0.0,0.0,0.0,0.994636,0.005364
hexa_B2,4,2,1.6,40,6,94.3671310331859,8,0.994895,0.0,0.0,0.0,0.0,0.0,0.994895,0.005105
hexa_B2,4,2,1.6,40,7,97.99187451635399,8,0.996442,0.0,0.0,0.0,0.0,0.0,0.996442,0.003558
hexa_B2,4,2,1.6,40,8,98.5756516679369,8,0.993826,0.0,0.0,0.0,0.0,0.0,0.993826,0.006174
hexa_B2,4,2,1.6,40,9,99.04899225078582,8,0.997089,0.0,0.0,0.0,0.0,0.0,0.997089,0.002911
hexa_B2,4,2,1.6,40,10,99.37381947584699,8,0.99392,0.0,0.0,0.0,0.0,0.0,0.99392,0.00608
hexa_B2,4,2,1.6,40,11,99.70684513312202,8,0.996775,0.0,0.0,0.0,0.0,0.0,0.996775,0.003225
hexa_B1,4,1,1.6,40,0,19.915318070112665,4,0.999046,0.0,0.0,0.999046,0.0,0.000954,0.0,0.0
hexa_B1,4,1,1.6,40,1,25.989259495286014,4,0.997483,0.0,0.0,0.997483,0.0,0.002517,0.0,0.0
hexa_B1,4,1,1.6,40,2,29.001767562000815,4,0.996159,0.0,0.0,0.996159,0.0,0.003841,0.0,0.0
hexa_B1,4,1,1.6,40,3,30.62364443008238,4,0.996306,0.0,0.0,0.996306,0.0,0.003694,0.0,0.0
hexa_B1,4,1,1.6,40,4,32.42355063383063,4,0.995303,0.0,0.0,0.995303,0.0,0.004697,0.0,0.0
hexa_B1,4,1,1.6,40,5,32.63734437071796,4,0.995357,0.0,0.0,0.995357,0.0,0.004643,0.0,0.0
hexa_B1,4,1,1.6,40,6,33.96958325132687,4,0.995236,0.0,0.0,0.995236,0.0,0.004764,0.0,0.0
hexa_B1,4,1,1.6,40,7,35.18679205103178,4,0.994828,0.0,0.0,0.994828,0.0,0.005172,0.0,0.0
hexa_B0,4,0,1.6,40,0,4.790744814808433,2,0.999809,0.999809,0.0,0.000191,0.0,0.0,0.0,0.0
hexa_B0,4,0,1.6,40,1,7.440397045382444,2,0.998204,0.998204,0.0,0.001796,0.0,1e-06,0.0,0.0
hexa_B0,4,0,1.6,40,2,9.55631090889369,2,0.998051,0.998051,0.0,0.001947,0.0,2e-06,0.0,0.0
hexa_B0,4,0,1.6,40,3,11.494783721376223,2,0.997396,0.997396,0.0,0.002602,0.0,2e-06,0.0,0.0
hexa_B0,4,0,1.6,40,4,13.23516649203822,2,0.997096,0.997096,0.0,0.002901,0.0,4e-06,0.0,0.0
hexa_B0,4,0,1.6,40,5,14.839896188266955,2,0.996642,0.996642,0.0,0.003354,0.0,4e-06,0.0,0.0
hexa_B0,4,0,1.6,40,6,16.29347301391141,2,0.996356,0.996356,0.0,0.003639,0.0,5e-06,0.0,0.0
hexa_B0,4,0,1.6,40,7,17.620793513945806,2,0.995956,0.995956,0.0,0.004038,0.0,6e-06,0.0,0.0
hexa_B2,4,2,0.8,40,0,72.43283539035033,8,0.987007,0.0,0.0,0.0,0.0,0.0,0.987007,0.012993
hexa_B2,4,2,0.8,40,1,74.39644180706937,8,0.986603,0.0,0.0,0.0,0.0,0.0,0.986603,0.013397
hexa_B2,4,2,0.8,40,2,78.5025535689519,8,0.987147,0.0,0.0,0.0,0.0,0.0,0.987147,0.012853
hexa_B2,4,2,0.8,40,3,84.89265271511469,8,0.98884,0.0,0.0,0.0,0.0,0.0,0.98884,0.01116
hexa_B2,4,2,0.8,40,4,90.48350714579072,8,0.920308,0.0,0.0,0.0,0.0,0.0,0.920308,0.079692
hexa_B2,4,2,0.8,40,5,91.73514709531949,8,0.933422,0.0,0.0,0.0,0.0,0.0,0.933422,0.066578
hexa_B2,4,2,0.8,40,6,93.9514866367895,8,0.924427,0.0,0.0,0.0,0.0,0.0,0.924427,0.075573
hexa_B2,4,2,0.8,40,7,94.0927113140465,8,0.986714,0.0,0.0,0.0,0.0,0.0,0.986714,0.013286
hexa_B2,4,2,0.8,40,8,95.12517020714667,8,0.936186,0.0,0.0,0.0,0.0,0.0,0.936186,0.063814
hexa_B2,4,2,0.8,40,9,98.97459649806551,8,0.890501,0.0,0.0,0.0,0.0,0.0,0.890501,0.109499
hexa_B2,4,2,0.8,40,10,99.54201211094659,8,0.885423,0.0,0.0,0.0,0.0,0.0,0.885423,0.114577
hexa_B2,4,2,0.8,40,11,99.73237710606817,8,0.830276,0.0,0.0,0.0,0.0,0.0,0.830276,0.169724
hexa_B1,4,1,0.8,40,0,19.299982670327324,4,0.993493,0.0,0.0,0.993493,0.0,0.006507,0.0,0.0
hexa_B1,4,1,0.8,40,1,31.18971492340822,4,0.941857,0.0,0.0,0.941857,0.0,0.058143,0.0,0.0
hexa_B1,4,1,0.8,40,2,38.00290527654873,4,0.836635,0.0,0.0,0.836635,0.0,0.163365,0.0,0.0
hexa_B1,4,1,0.8,40,3,40.61639283881176,4,0.606248,0.0,0.0,0.606248,0.0,0.393752,0.0,0.0
hexa_B1,4,1,0.8,40,4,41.46907085957526,6,0.914037,0.0,0.0,0.085963,0.0,0.914037,0.0,0.0
hexa_B1,4,1,0.8,40,5,41.74787799662745,6,0.949747,0.0,0.0,0.050253,0.0,0.949747,0.0,0.0
hexa_B1,4,1,0.8,40,6,42.7439857650689,6,0.82258,0.0,0.0,0.17742,0.0,0.82258,0.0,0.0
hexa_B1,4,1,0.8,40,7,43.54846400351409,6,0.881069,0.0,0.0,0.118931,0.0,0.881069,0.0,0.0
hexa_B0,4,0,0.8,40,0,4.562010520871211,2,0.999157,0.999157,0.0,0.000838,0.0,5e-06,0.0,0.0
hexa_B0,4,0,0.8,40,1,10.054845022174334,2,0.966118,0.966118,0.0,0.033827,0.0,5.5e-05,0.0,0.0
hexa_B0,4,0,0.8,40,2,15.259333592872864,2,0.963264,0.963264,0.0,0.036123,0.0,0.000613,0.0,0.0
hexa_B0,4,0,0.8,40,3,17.698701997724548,4,0.990087,0.007968,0.0,0.990087,0.0,0.001945,0.0,0.0
hexa_B0,4,0,0.8,40,4,17.956664092212506,4,0.94969,0.048505,0.0,0.94969,0.0,0.001805,0.0,0.0
hexa_B0,4,0,0.8,40,5,18.52746820587614,4,0.912529,0.085694,0.0,0.912529,0.0,0.001777,0.0,0.0
hexa_B0,4,0,0.8,40,6,19.45326423972244,4,0.906933,0.091128,0.0,0.906933,0.0,0.001939,0.0,0.0
hexa_B0,4,0,0.8,40,7,20.291994822095994,2,0.604786,0.604786,0.0,0.394211,0.0,0.001002,0.0,0.0
hexa_B2,4,2,0.4,40,0,40.137528483972254,8,0.975472,0.0,0.0,0.0,0.0,0.0,0.975472,0.024528
hexa_B2,4,2,0.4,40,1,40.846849384052305,8,0.975034,0.0,0.0,0.0,0.0,0.0,0.975034,0.024966
hexa_B2,4,2,0.4,40,2,42.46635495933825,8,0.976644,0.0,0.0,0.0,0.0,0.0,0.976644,0.023356
hexa_B2,4,2,0.4,40,3,45.01946514683383,8,0.980029,0.0,0.0,0.0,0.0,0.0,0.980029,0.019971
hexa_B2,4,2,0.4,40,4,48.76943291646765,8,0.985152,0.0,0.0,0.0,0.0,0.0,0.985152,0.014848
hexa_B2,4,2,0.4,40,5,52.96009612180518,8,0.61949,0.0,0.0,0.0,0.0,0.0,0.61949,0.38051
hexa_B2,4,2,0.4,40,6,53.94843375979289,8,0.606194,0.0,0.0,0.0,0.0,0.0,0.606194,0.393806
hexa_B2,4,2,0.4,40,7,54.178166914596446,8,0.988171,0.0,0.0,0.0,0.0,0.0,0.988171,0.011829
hexa_B2,4,2,0.4,40,8,54.53266083871347,8,0.554449,0.0,0.0,0.0,0.0,0.0,0.554449,0.445551
hexa_B2,4,2,0.4,40,9,55.83488852303445,8,0.628131,0.0,0.0,0.0,0.0,0.0,0.628131,0.371869
hexa_B2,4,2,0.4,40,10,56.49440284421938,8,0.554572,0.0,0.0,0.0,0.0,0.0,0.554572,0.445428
hexa_B2,4,2,0.4,40,11,56.55074824652051,10,0.799401,0.0,0.0,0.0,0.0,0.0,0.200599,0.799401
hexa_B1,4,1,0.4,40,0,11.732079562842355,4,0.980861,0.0,0.0,0.980861,0.0,0.019139,0.0,0.0
hexa_B1,4,1,0.4,40,1,21.774341776887326,4,0.540072,0.0,0.0,0.540072,0.0,0.459928,0.0,0.0
hexa_B1,4,1,0.4,40,2,23.931497461475246,6,0.953661,0.0,0.0,0.046339,0.0,0.953661,0.0,0.0
hexa_B1,4,1,0.4,40,3,24.010279373412487,6,0.975432,0.0,0.0,0.024568,0.0,0.975432,0.0,0.0
hexa_B1,4,1,0.4,40,4,24.4335437957503,6,0.956178,0.0,0.0,0.043822,0.0,0.956178,0.0,0.0
hexa_B1,4,1,0.4,40,5,24.545918634004614,6,0.951419,0.0,0.0,0.048581,0.0,0.951419,0.0,0.0
hexa_B1,4,1,0.4,40,6,25.35317019683849,6,0.939626,0.0,0.0,0.060374,0.0,0.939626,0.0,0.0
hexa_B1,4,1,0.4,40,7,25.90396345988055,6,0.928185,0.0,0.0,0.071815,0.0,0.928185,0.0,0.0
hexa_B0,4,0,0.4,40,0,2.8423920956744277,2,0.998361,0.998361,0.0,0.001566,0.0,7.3e-05,0.0,0.0
hexa_B0,4,0,0.4,40,1,8.49159456519531,2,0.579046,0.579046,0.0,0.419528,0.0,0.001426,0.0,0.0
hexa_B0,4,0,0.4,40,2,10.416292864210185,4,0.995786,0.001963,0.0,0.995786,0.0,0.002251,0.0,0.0
hexa_B0,4,0,0.4,40,3,10.585200899522585,4,0.989902,0.007939,0.0,0.989902,0.0,0.002159,0.0,0.0
hexa_B0,4,0,0.4,40,4,10.962517143322772,4,0.982764,0.015164,0.0,0.982764,0.0,0.002072,0.0,0.0
hexa_B0,4,0,0.4,40,5,11.584751883694814,4,0.974473,0.023571,0.0,0.974473,0.0,0.001956,0.0,0.0
hexa_B0,4,0,0.4,40,6,12.531936549054578,4,0.96381,0.034391,0.0,0.96381,0.0,0.001799,0.0,0.0
hexa_B0,4,0,0.4,40,7,13.946779510796619,4,0.94289,0.055496,0.0,0.94289,0.0,0.001614,0.0,0.0
hexa_B2,4,2,0.1,40,0,3.798963431542757,8,0.968542,0.0,0.0,0.0,0.0,0.0,0.968542,0.031458
hexa_B2,4,2,0.1,40,1,3.8562777069084264,8,0.967957,0.0,0.0,0.0,0.0,0.0,0.967957,0.032043
hexa_B2,4,2,0.1,40,2,3.989037675315641,8,0.969607,0.0,0.0,0.0,0.0,0.0,0.969607,0.030393
hexa_B2,4,2,0.1,40,3,4.199538612504944,8,0.973487,0.0,0.0,0.0,0.0,0.0,0.973487,0.026513
hexa_B2,4,2,0.1,40,4,4.511232928300944,8,0.979725,0.0,0.0,0.0,0.0,0.0,0.979725,0.020275
hexa_B2,4,2,0.1,40,5,4.968696222595345,8,0.987587,0.0,0.0,0.0,0.0,0.0,0.987587,0.012413
hexa_B2,4,2,0.1,40,6,5.100303760109716,10,0.608958,0.0,0.0,0.0,0.0,0.0,0.391042,0.608958
hexa_B2,4,2,0.1,40,7,5.1667035053522365,10,0.646275,0.0,0.0,0.0,0.0,0.0,0.353725,0.646275
hexa_B2,4,2,0.1,40,8,5.230040992283177,10,0.678968,0.0,0.0,0.0,0.0,0.0,0.321032,0.678968
hexa_B2,4,2,0.1,40,9,5.281559094267456,10,0.88718,0.0,0.0,0.0,0.0,0.0,0.11282,0.88718
hexa_B2,4,2,0.1,40,10,5.333700444490801,10,0.605132,0.0,0.0,0.0,0.0,0.0,0.394868,0.605132
hexa_B2,4,2,0.1,40,11,5.385269180778676,10,0.672512,0.0,0.0,0.0,0.0,0.0,0.327488,0.672512
hexa_B1,4,1,0.1,40,0,1.1827734146895876,4,0.967087,0.0,0.0,0.967087,0.0,0.032913,0.0,0.0
hexa_B1,4,1,0.1,40,1,2.2502319066430703,6,0.765475,0.0,0.0,0.234525,0.0,0.765475,0.0,0.0
hexa_B1,4,1,0.1,40,2,2.3340312351166226,6,0.965938,0.0,0.0,0.034062,0.0,0.965938,0.0,0.0
hexa_B1,4,1,0.1,40,3,2.3433459143914033,6,0.979253,0.0,0.0,0.020747,0.0,0.979253,0.0,0.0
hexa_B1,4,1,0.1,40,4,2.385272495539498,6,0.955028,0.0,0.0,0.044972,0.0,0.955028,0.0,0.0
hexa_B1,4,1,0.1,40,5,2.3889753953107395,6,0.969739,0.0,0.0,0.030261,0.0,0.969739,0.0,0.0
hexa_B1,4,1,0.1,40,6,2.4650477406624853,6,0.959266,0.0,0.0,0.040734,0.0,0.959266,0.0,0.0
hexa_B1,4,1,0.1,40,7,2.5137987573880256,6,0.94018,0.0,0.0,0.05982,0.0,0.94018,0.0,0.0
hexa_B0,4,0,0.1,40,0,0.2957708740556074,2,0.99846,0.99846,0.0,0.001037,0.0,0.000502,0.0,0.0
hexa_B0,4,0,0.1,40,1,0.945179311420093,4,0.789576,0.210065,0.0,0.789576,0.0,0.000359,0.0,0.0
hexa_B0,4,0,0.1,40,2,1.0287160059915028,4,0.997086,0.002838,0.0,0.997086,0.0,7.5e-05,0.0,0.0
hexa_B0,4,0,0.1,40,3,1.0439113330440017,4,0.991859,0.008064,0.0,0.991859,0.0,7.8e-05,0.0,0.0
hexa_B0,4,0,0.1,40,4,1.0782529090243935,4,0.987374,0.012546,0.0,0.987374,0.0,8e-05,0.0,0.0
hexa_B0,4,0,0.1,40,5,1.1342003685601068,4,0.983991,0.015928,0.0,0.983991,0.0,8.1e-05,0.0,0.0
hexa_B0,4,0,0.1,40,6,1.2190227800929307,4,0.981623,0.018297,0.0,0.981623,0.0,7.9e-05,0.0,0.0
hexa_B0,4,0,0.1,40,7,1.3474172121010397,4,0.979929,0.019997,0.0,0.979929,0.0,7.5e-05,0.0,0.0
hexa_B2,4,2,1.6,44,0,78.18605215380119,8,0.997789,0.0,0.0,0.0,0.0,0.0,0.997789,0.002211
hexa_B2,4,2,1.6,44,1,80.66413223468754,8,0.997838,0.0,0.0,0.0,0.0,0.0,0.997838,0.002162
hexa_B2,4,2,1.6,44,2,85.25162504763873,8,0.997645,0.0,0.0,0.0,0.0,0.0,0.997645,0.002355
hexa_B2,4,2,1.6,44,3,87.52610291821797,8,0.995688,0.0,0.0,0.0,0.0,0.0,0.995688,0.004312
hexa_B2,4,2,1.6,44,4,88.97471162156864,8,0.995603,0.0,0.0,0.0,0.0,0.0,0.995603,0.004397
hexa_B2,4,2,1.6,44,5,91.2975682835843,8,0.995773,0.0,0.0,0.0,0.0,0.0,0.995773,0.004227
hexa_B2,4,2,1.6,44,6,92.04875416758047,8,0.996797,0.0,0.0,0.0,0.0,0.0,0.996797,0.003203
hexa_B2,4,2,1.6,44,7,92.49491289801237,8,0.994927,0.0,0.0,0.0,0.0,0.0,0.994927,0.005073
hexa_B2,4,2,1.6,44,8,93.4791397631486,8,0.995178,0.0,0.0,0.0,0.0,0.0,0.995178,0.004822
hexa_B2,4,2,1.6,44,9,93.85236504110546,8,0.995021,0.0,0.0,0.0,0.0,0.0,0.995021,0.004979
hexa_B2,4,2,1.6,44,10,94.37787958282837,8,0.994596,0.0,0.0,0.0,0.0,0.0,0.994596,0.005404
hexa_B2,4,2,1.6,44,11,96.33290682193068,8,0.994717,0.0,0.0,0.0,0.0,0.0,0.994717,0.005283
hexa_B1,4,1,1.6,44,0,19.96445548967688,4,0.99908,0.0,0.0,0.99908,0.0,0.00092,0.0,0.0
hexa_B1,4,1,1.6,44,1,26.148943534501925,4,0.997567,0.0,0.0,0.997567,0.0,0.002433,0.0,0.0
hexa_B1,4,1,1.6,44,2,29.259844198833175,4,0.996266,0.0,0.0,0.996266,0.0,0.003734,0.0,0.0
hexa_B1,4,1,1.6,44,3,30.964496597658222,4,0.996458,0.0,0.0,0.996458,0.0,0.003542,0.0,0.0
hexa_B1,4,1,1.6,44,4,32.81534748825976,4,0.995348,0.0,0.0,0.995348,0.0,0.004652,0.0,0.0
hexa_B1,4,1,1.6,44,5,33.12047739892316,4,0.995604,0.0,0.0,0.995604,0.0,0.004396,0.0,0.0
hexa_B1,4,1,1.6,44,6,34.61647198150626,4,0.995484,0.0,0.0,0.995484,0.0,0.004516,0.0,0.0
hexa_B1,4,1,1.6,44,7,36.02084835516231,4,0.995097,0.0,0.0,0.995097,0.0,0.004903,0.0,0.0
hexa_B0,4,0,1.6,44,0,4.795568759883485,2,0.999813,0.999813,0.0,0.000187,0.0,0.0,0.0,0.0
hexa_B0,4,0,1.6,44,1,7.461310096081143,2,0.998222,0.998222,0.0,0.001777,0.0,0.0,0.0,0.0
hexa_B0,4,0,1.6,44,2,9.604200584210357,2,0.998087,0.998087,0.0,0.001911,0.0,2e-06,0.0,0.0
hexa_B0,4,0,1.6,44,3,11.580428426945081,2,0.997448,0.997448,0.0,0.00255,0.0,2e-06,0.0,0.0
hexa_B0,4,0,1.6,44,4,13.369213011949151,2,0.997168,0.997168,0.0,0.002829,0.0,3e-06,0.0,0.0
hexa_B0,4,0,1.6,44,5,15.033441211522637,2,0.996731,0.996731,0.0,0.003265,0.0,4e-06,0.0,0.0
hexa_B0,4,0,1.6,44,6,16.557725142867298,2,0.996466,0.996466,0.0,0.003529,0.0,5e-06,0.0,0.0
hexa_B0,4,0,1.6,44,7,17.96770747011814,2,0.996057,0.996057,0.0,0.003937,0.0,6e-06,0.0,0.0
hexa_B2,4,2,0.8,44,0,73.26237548837265,8,0.986791,0.0,0.0,0.0,0.0,0.0,0.986791,0.013209
hexa_B2,4,2,0.8,44,1,74.8558436505157,8,0.986627,0.0,0.0,0.0,0.0,0.0,0.986627,0.013373
hexa_B2,4,2,0.8,44,2,78.21623170504104,8,0.986629,0.0,0.0,0.0,0.0,0.0,0.986629,0.013371
hexa_B2,4,2,0.8,44,3,83.42885652026169,8,0.987274,0.0,0.0,0.0,0.0,0.0,0.987274,0.012726
hexa_B2,4,2,0.8,44,4,90.95034242523087,8,0.988598,0.0,0.0,0.0,0.0,0.0,0.988598,0.011402
hexa_B2,4,2,0.8,44,5,92.13837241068059,8,0.926049,0.0,0.0,0.0,0.0,0.0,0.926049,0.073951
hexa_B2,4,2,0.8,44,6,93.52937088308889,8,0.932887,0.0,0.0,0.0,0.0,0.0,0.932887,0.067113
hexa_B2,4,2,0.8,44,7,94.5676518430198,8,0.923445,0.0,0.0,0.0,0.0,0.0,0.923445,0.076555
hexa_B2,4,2,0.8,44,8,96.68594779897002,8,0.932786,0.0,0.0,0.0,0.0,0.0,0.932786,0.067214
hexa_B2,4,2,0.8,44,9,99.61598870782373,8,0.921772,0.0,0.0,0.0,0.0,0.0,0.921772,0.078228
hexa_B2,4,2,0.8,44,10,101.19893517413044,8,0.949975,0.0,0.0,0.0,0.0,0.0,0.949975,0.050025
hexa_B2,4,2,0.8,44,11,101.45527073166846,8,0.824652,0.0,0.0,0.0,0.0,0.0,0.824652,0.175348
hexa_B1,4,1,0.8,44,0,19.42506728377479,4,0.993713,0.0,0.0,0.993713,0.0,0.006287,0.0,0.0
hexa_B1,4,1,0.8,44,1,31.53358843654207,4,0.943234,0.0,0.0,0.943234,0.0,0.056766,0.0,0.0
hexa_B1,4,1,0.8,44,2,38.53134135665995,4,0.835246,0.0,0.0,0.835246,0.0,0.164754,0.0,0.0
hexa_B1,4,1,0.8,44,3,41.18988764973258,4,0.55698,0.0,0.0,0.55698,0.0,0.44302,0.0,0.0
hexa_B1,4,1,0.8,44,4,41.73853245856599,6,0.981929,0.0,0.0,0.018071,0.0,0.981929,0.0,0.0
hexa_B1,4,1,0.8,44,5,42.20990095841644,6,0.877174,0.0,0.0,0.122826,0.0,0.877174,0.0,0.0
hexa_B1,4,1,0.8,44,6,42.78554626488133,6,0.884832,0.0,0.0,0.115168,0.0,0.884832,0.0,0.0
hexa_B1,4,1,0.8,44,7,43.54359934914639,6,0.869092,0.0,0.0,0.130908,0.0,0.869092,0.0,0.0
hexa_B0,4,0,0.8,44,0,4.576320727137757,2,0.999178,0.999178,0.0,0.000818,0.0,5e-06,0.0,0.0
hexa_B0,4,0,0.8,44,1,10.110400332734624,2,0.966682,0.966682,0.0,0.033265,0.0,5.3e-05,0.0,0.0
hexa_B0,4,0,0.8,44,2,15.380778385291626,2,0.964161,0.964161,0.0,0.035253,0.0,0.000586,0.0,0.0
hexa_B0,4,0,0.8,44,3,17.795180036973935,4,0.992672,0.005424,0.0,0.992672,0.0,0.001904,0.0,0.0
hexa_B0,4,0,0.8,44,4,18.017304773706904,4,0.962825,0.035377,0.0,0.962825,0.0,0.001798,0.0,0.0
hexa_B0,4,0,0.8,44,5,18.498949232954306,4,0.931229,0.067015,0.0,0.931229,0.0,0.001756,0.0,0.0
hexa_B0,4,0,0.8,44,6,19.26966667500977,4,0.919439,0.078711,0.0,0.919439,0.0,0.00185,0.0,0.0
hexa_B0,4,0,0.8,44,7,20.366683953620594,4,0.977087,0.020876,0.0,0.977087,0.0,0.002038,0.0,0.0
hexa_B2,4,2,0.4,44,0,41.15164905837719,8,0.973406,0.0,0.0,0.0,0.0,0.0,0.973406,0.026594
hexa_B2,4,2,0.4,44,1,41.730030651183064,8,0.973039,0.0,0.0,0.0,0.0,0.0,0.973039,0.026961
hexa_B2,4,2,0.4,44,2,43.084313727910526,8,0.973932,0.0,0.0,0.0,0.0,0.0,0.973932,0.026068
hexa_B2,4,2,0.4,44,3,45.206191620729314,8,0.976096,0.0,0.0,0.0,0.0,0.0,0.976096,0.023904
hexa_B2,4,2,0.4,44,4,48.27269210425021,8,0.979589,0.0,0.0,0.0,0.0,0.0,0.979589,0.020411
hexa_B2,4,2,0.4,44,5,52.609320739883294,8,0.984511,0.0,0.0,0.0,0.0,0.0,0.984511,0.015489
hexa_B2,4,2,0.4,44,6,54.85495780437996,8,0.617671,0.0,0.0,0.0,0.0,0.0,0.617671,0.382329
hexa_B2,4,2,0.4,44,7,55.65498321462374,8,0.584296,0.0,0.0,0.0,0.0,0.0,0.584296,0.415704
hexa_B2,4,2,0.4,44,8,56.389488292966035,8,0.557238,0.0,0.0,0.0,0.0,0.0,0.557238,0.442762
hexa_B2,4,2,0.4,44,9,57.22099054804425,8,0.607185,0.0,0.0,0.0,0.0,0.0,0.607185,0.392815
hexa_B2,4,2,0.4,44,10,57.96909052656255,8,0.546343,0.0,0.0,0.0,0.0,0.0,0.546343,0.453657
hexa_B2,4,2,0.4,44,11,58.46501339630507,10,0.82386,0.0,0.0,0.0,0.0,0.0,0.17614,0.82386
hexa_B1,4,1,0.4,44,0,11.917247163155142,4,0.980984,0.0,0.0,0.980984,0.0,0.019016,0.0,0.0
hexa_B1,4,1,0.4,44,1,22.255027114704397,4,0.540672,0.0,0.0,0.540672,0.0,0.459328,0.0,0.0
hexa_B1,4,1,0.4,44,2,24.417914923465684,6,0.965336,0.0,0.0,0.034664,0.0,0.965336,0.0,0.0
hexa_B1,4,1,0.4,44,3,24.6064603698507,6,0.972592,0.0,0.0,0.027408,0.0,0.972592,0.0,0.0
hexa_B1,4,1,0.4,44,4,24.678824759259477,6,0.96697,0.0,0.0,0.03303,0.0,0.96697,0.0,0.0
hexa_B1,4,1,0.4,44,5,25.16251669672018,6,0.95646,0.0,0.0,0.04354,0.0,0.95646,0.0,0.0
hexa_B1,4,1,0.4,44,6,25.512303863878458,6,0.94984,0.0,0.0,0.05016,0.0,0.94984,0.0,0.0
hexa_B1,4,1,0.4,44,7,26.018638348502453,6,0.945942,0.0,0.0,0.054058,0.0,0.945942,0.0,0.0
hexa_B0,4,0,0.4,44,0,2.87061488027447,2,0.998362,0.998362,0.0,0.001567,0.0,7.1e-05,0.0,0.0
hexa_B0,4,0,0.4,44,1,8.611763555223913,2,0.58297,0.58297,0.0,0.415603,0.0,0.001427,0.0,0.0
hexa_B0,4,0,0.4,44,2,10.564001389904973,4,0.996133,0.001535,0.0,0.996133,0.0,0.002332,0.0,0.0
hexa_B0,4,0,0.4,44,3,10.70510183534407,4,0.991462,0.006282,0.0,0.991462,0.0,0.002256,0.0,0.0
hexa_B0,4,0,0.4,44,4,11.018361805327464,4,0.985729,0.012086,0.0,0.985729,0.0,0.002185,0.0,0.0
hexa_B0,4,0,0.4,44,5,11.527426427870441,4,0.979075,0.018829,0.0,0.979075,0.0,0.002096,0.0,0.0
hexa_B0,4,0,0.4,44,6,12.28397391323302,4,0.971051,0.026972,0.0,0.971051,0.0,0.001978,0.0,0.0
hexa_B0,4,0,0.4,44,7,13.378445955208226,4,0.958776,0.039401,0.0,0.958776,0.0,0.001823,0.0,0.0
hexa_B2,4,2,0.1,44,0,3.921425945433537,8,0.964905,0.0,0.0,0.0,0.0,0.0,0.964905,0.035095
hexa_B2,4,2,0.1,44,1,3.9681645178245573,8,0.964394,0.0,0.0,0.0,0.0,0.0,0.964394,0.035606
hexa_B2,4,2,0.1,44,2,4.079179069976249,8,0.965387,0.0,0.0,0.0,0.0,0.0,0.965387,0.034613
hexa_B2,4,2,0.1,44,3,4.254055016980571,8,0.967951,0.0,0.0,0.0,0.0,0.0,0.967951,0.032049
hexa_B2,4,2,0.1,44,4,4.507800747713503,8,0.972285,0.0,0.0,0.0,0.0,0.0,0.972285,0.027715
hexa_B2,4,2,0.1,44,5,4.869226969684945,8,0.97864,0.0,0.0,0.0,0.0,0.0,0.97864,0.02136
hexa_B2,4,2,0.1,44,6,5.315920193949017,10,0.621394,0.0,0.0,0.0,0.0,0.0,0.378606,0.621394
hexa_B2,4,2,0.1,44,7,5.367649778192258,10,0.679894,0.0,0.0,0.0,0.0,0.0,0.320106,0.679894
hexa_B2,4,2,0.1,44,8,5.389080501763856,8,0.986078,0.0,0.0,0.0,0.0,0.0,0.986078,0.013922
hexa_B2,4,2,0.1,44,9,5.448647210885474,10,0.659602,0.0,0.0,0.0,0.0,0.0,0.340398,0.659602
hexa_B2,4,2,0.1,44,10,5.4863817541215925,10,0.718312,0.0,0.0,0.0,0.0,0.0,0.281688,0.718312
hexa_B2,4,2,0.1,44,11,5.493944054299667,10,0.838548,0.0,0.0,0.0,0.0,0.0,0.161452,0.838548
hexa_B1,4,1,0.1,44,0,1.2105821056814317,4,0.966484,0.0,0.0,0.966484,0.0,0.033516,0.0,0.0
hexa_B1,4,1,0.1,44,1,2.317869249587242,6,0.769584,0.0,0.0,0.230416,0.0,0.769584,0.0,0.0
hexa_B1,4,1,0.1,44,2,2.399984221041928,6,0.97244,0.0,0.0,0.02756,0.0,0.97244,0.0,0.0
hexa_B1,4,1,0.1,44,3,2.420783851196372,6,0.973802,0.0,0.0,0.026198,0.0,0.973802,0.0,0.0
hexa_B1,4,1,0.1,44,4,2.4245749130919854,6,0.974671,0.0,0.0,0.025329,0.0,0.974671,0.0,0.0
hexa_B1,4,1,0.1,44,5,2.471125903949377,6,0.968645,0.0,0.0,0.031355,0.0,0.968645,0.0,0.0
hexa_B1,4,1,0.1,44,6,2.5001367201582054,6,0.955396,0.0,0.0,0.044604,0.0,0.955396,0.0,0.0
hexa_B1,4,1,0.1,44,7,2.5468098006933477,6,0.963568,0.0,0.0,0.036432,0.0,0.963568,0.0,0.0
hexa_B0,4,0,0.1,44,0,0.30107133009564996,2,0.998436,0.998436,0.0,0.001057,0.0,0.000507,0.0,0.0
hexa_B0,4,0,0.1,44,1,0.9664743472027081,4,0.790056,0.209558,0.0,0.790056,0.0,0.000387,0.0,0.0
hexa_B0,4,0,0.1,44,2,1.0510788208049424,4,0.997531,0.002384,0.0,0.997531,0.0,8.5e-05,0.0,0.0
hexa_B0,4,0,0.1,44,3,1.0636579001805542,4,0.993245,0.006669,0.0,0.993245,0.0,8.6e-05,0.0,0.0
hexa_B0,4,0,0.1,44,4,1.0922355779362247,4,0.989415,0.010496,0.0,0.989415,0.0,8.9e-05,0.0,0.0
hexa_B0,4,0,0.1,44,5,1.138163734094873,4,0.986345,0.013565,0.0,0.986345,0.0,9e-05,0.0,0.0
hexa_B0,4,0,0.1,44,6,1.2059949165479678,4,0.984105,0.015806,0.0,0.984105,0.0,8.9e-05,0.0,0.0
hexa_B0,4,0,0.1,44,7,1.304409882055504,4,0.982482,0.017433,0.0,0.982482,0.0,8.5e-05,0.0,0.0
hexa_B2,4,2,1.6,48,0,78.4649725122451,8,0.997788,0.0,0.0,0.0,0.0,0.0,0.997788,0.002212
hexa_B2,4,2,1.6,48,1,80.48863086666603,8,0.99792,0.0,0.0,0.0,0.0,0.0,0.99792,0.00208
hexa_B2,4,2,1.6,48,2,84.31813070679763,8,0.997831,0.0,0.0,0.0,0.0,0.0,0.997831,0.002169
hexa_B2,4,2,1.6,48,3,88.10035653230939,8,0.9956,0.0,0.0,0.0,0.0,0.0,0.9956,0.0044
hexa_B2,4,2,1.6,48,4,89.42060798661029,8,0.99623,0.0,0.0,0.0,0.0,0.0,0.99623,0.00377
hexa_B2,4,2,1.6,48,5,89.94631092573438,8,0.997622,0.0,0.0,0.0,0.0,0.0,0.997622,0.002378
hexa_B2,4,2,1.6,48,6,90.92032651006487,8,0.995634,0.0,0.0,0.0,0.0,0.0,0.995634,0.004366
hexa_B2,4,2,1.6,48,7,92.62366658766169,8,0.994892,0.0,0.0,0.0,0.0,0.0,0.994892,0.005108
hexa_B2,4,2,1.6,48,8,93.12470574810389,8,0.995469,0.0,0.0,0.0,0.0,0.0,0.995469,0.004531
hexa_B2,4,2,1.6,48,9,93.45979046405063,8,0.994896,0.0,0.0,0.0,0.0,0.0,0.994896,0.005104
hexa_B2,4,2,1.6,48,10,95.44992853562168,8,0.994684,0.0,0.0,0.0,0.0,0.0,0.994684,0.005316
hexa_B2,4,2,1.6,48,11,95.77987910278424,8,0.994854,0.0,0.0,0.0,0.0,0.0,0.994854,0.005146
hexa_B1,4,1,1.6,48,0,20.005547933740644,4,0.999109,0.0,0.0,0.999109,0.0,0.000891,0.0,0.0
hexa_B1,4,1,1.6,48,1,26.281103543801475,4,0.997635,0.0,0.0,0.997635,0.0,0.002365,0.0,0.0
hexa_B1,4,1,1.6,48,2,29.47193635759197,4,0.996353,0.0,0.0,0.996353,0.0,0.003647,0.0,0.0
hexa_B1,4,1,1.6,48,3,31.242864414711473,4,0.99658,0.0,0.0,0.99658,0.0,0.00342,0.0,0.0
hexa_B1,4,1,1.6,48,4,33.13220019188138,4,0.99542,0.0,0.0,0.99542,0.0,0.00458,0.0,0.0
hexa_B1,4,1,1.6,48,5,33.51327705768966,4,0.995772,0.0,0.0,0.995772,0.0,0.004228,0.0,0.0
hexa_B1,4,1,1.6,48,6,35.123448016839546,4,0.995661,0.0,0.0,0.995661,0.0,0.004339,0.0,0.0
hexa_B1,4,1,1.6,48,7,36.70442551667038,4,0.995319,0.0,0.0,0.995319,0.0,0.004681,0.0,0.0
hexa_B0,4,0,1.6,48,0,4.799604526987524,2,0.999816,0.999816,0.0,0.000184,0.0,0.0,0.0,0.0
hexa_B0,4,0,1.6,48,1,7.47873745076039,2,0.998237,0.998237,0.0,0.001763,0.0,0.0,0.0,0.0
hexa_B0,4,0,1.6,48,2,9.644027840095397,2,0.998116,0.998116,0.0,0.001883,0.0,2e-06,0.0,0.0
hexa_B0,4,0,1.6,48,3,11.651530383023173,2,0.99749,0.99749,0.0,0.002508,0.0,2e-06,0.0,0.0
hexa_B0,4,0,1.6,48,4,13.48032287365077,2,0.997226,0.997226,0.0,0.002771,0.0,3e-06,0.0,0.0
hexa_B0,4,0,1.6,48,5,15.193585588406028,2,0.996802,0.996802,0.0,0.003194,0.0,4e-06,0.0,0.0
hexa_B0,4,0,1.6,48,6,16.775954681565306,2,0.996555,0.996555,0.0,0.003441,0.0,5e-06,0.0,0.0
hexa_B0,4,0,1.6,48,7,18.25351517685298,2,0.996117,0.996117,0.0,0.003878,0.0,5e-06,0.0,0.0
hexa_B2,4,2,0.8,48,0,73.96663566654016,8,0.986736,0.0,0.0,0.0,0.0,0.0,0.986736,0.013264
hexa_B2,4,2,0.8,48,1,75.28316057244885,8,0.98682,0.0,0.0,0.0,0.0,0.0,0.98682,0.01318
hexa_B2,4,2,0.8,48,2,78.07274888551744,8,0.986591,0.0,0.0,0.0,0.0,0.0,0.986591,0.013409
hexa_B2,4,2,0.8,48,3,82.38212355984044,8,0.986789,0.0,0.0,0.0,0.0,0.0,0.986789,0.013211
hexa_B2,4,2,0.8,48,4,88.53210779822413,8,0.987329,0.0,0.0,0.0,0.0,0.0,0.987329,0.012671
hexa_B2,4,2,0.8,48,5,93.57855924725773,8,0.93053,0.0,0.0,0.0,0.0,0.0,0.93053,0.06947
hexa_B2,4,2,0.8,48,6,94.94724749761899,8,0.932044,0.0,0.0,0.0,0.0,0.0,0.932044,0.067956
hexa_B2,4,2,0.8,48,7,95.20780812771258,8,0.927259,0.0,0.0,0.0,0.0,0.0,0.927259,0.072741
hexa_B2,4,2,0.8,48,8,97.09193468039749,8,0.987802,0.0,0.0,0.0,0.0,0.0,0.987802,0.012198
hexa_B2,4,2,0.8,48,9,97.85685608165434,8,0.932408,0.0,0.0,0.0,0.0,0.0,0.932408,0.067592
hexa_B2,4,2,0.8,48,10,99.24661942265527,8,0.925872,0.0,0.0,0.0,0.0,0.0,0.925872,0.074128
hexa_B2,4,2,0.8,48,11,102.20540661205962,8,0.93278,0.0,0.0,0.0,0.0,0.0,0.93278,0.06722
hexa_B1,4,1,0.8,48,0,19.531440086389107,4,0.993902,0.0,0.0,0.993902,0.0,0.006098,0.0,0.0
hexa_B1,4,1,0.8,48,1,31.82502391984195,4,0.944417,0.0,0.0,0.944417,0.0,0.055583,0.0,0.0
hexa_B1,4,1,0.8,48,2,38.977534938041074,4,0.833992,0.0,0.0,0.833992,0.0,0.166008,0.0,0.0
hexa_B1,4,1,0.8,48,3,41.648678908804996,6,0.523965,0.0,0.0,0.476035,0.0,0.523965,0.0,0.0
hexa_B1,4,1,0.8,48,4,42.06216867793032,6,0.960995,0.0,0.0,0.039005,0.0,0.960995,0.0,0.0
hexa_B1,4,1,0.8,48,5,42.46323036171684,6,0.886894,0.0,0.0,0.113106,0.0,0.886894,0.0,0.0
hexa_B1,4,1,0.8,48,6,42.84457502700366,6,0.91106,0.0,0.0,0.08894,0.0,0.91106,0.0,0.0
hexa_B1,4,1,0.8,48,7,43.812516837077716,6,0.805094,0.0,0.0,0.194906,0.0,0.805094,0.0,0.0
hexa_B0,4,0,0.8,48,0,4.588459663318555,2,0.999196,0.999196,0.0,0.0008,0.0,4e-06,0.0,0.0
hexa_B0,4,0,0.8,48,1,10.157338533833414,2,0.967158,0.967158,0.0,0.032791,0.0,5.1e-05,0.0,0.0
hexa_B0,4,0,0.8,48,2,15.483112176193934,2,0.964917,0.964917,0.0,0.03452,0.0,0.000563,0.0,0.0
hexa_B0,4,0,0.8,48,3,17.87692281692594,4,0.994285,0.003851,0.0,0.994285,0.0,0.001865,0.0,0.0
hexa_B0,4,0,0.8,48,4,18.069872506729514,4,0.971766,0.026452,0.0,0.971766,0.0,0.001782,0.0,0.0
hexa_B0,4,0,0.8,48,5,18.482173693260382,4,0.945202,0.053061,0.0,0.945202,0.0,0.001737,0.0,0.0
hexa_B0,4,0,0.8,48,6,19.13533280921999,4,0.930396,0.067816,0.0,0.930396,0.0,0.001787,0.0,0.0
hexa_B0,4,0,0.8,48,7,20.064300404726783,4,0.955871,0.042158,0.0,0.955871,0.0,0.001971,0.0,0.0
hexa_B2,4,2,0.4,48,0,42.045915732718385,8,0.971877,0.0,0.0,0.0,0.0,0.0,0.971877,0.028123
hexa_B2,4,2,0.4,48,1,42.52557436445337,8,0.97158,0.0,0.0,0.0,0.0,0.0,0.97158,0.02842
hexa_B2,4,2,0.4,48,2,43.673348954691086,8,0.972064,0.0,0.0,0.0,0.0,0.0,0.972064,0.027936
hexa_B2,4,2,0.4,48,3,45.464612308810636,8,0.973452,0.0,0.0,0.0,0.0,0.0,0.973452,0.026548
hexa_B2,4,2,0.4,48,4,48.018974565433666,8,0.975779,0.0,0.0,0.0,0.0,0.0,0.975779,0.024221
hexa_B2,4,2,0.4,48,5,51.56027256309194,8,0.979231,0.0,0.0,0.0,0.0,0.0,0.979231,0.020769
hexa_B2,4,2,0.4,48,6,56.45737110754875,8,0.959415,0.0,0.0,0.0,0.0,0.0,0.959415,0.040585
hexa_B2,4,2,0.4,48,7,56.50007186863209,8,0.637998,0.0,0.0,0.0,0.0,0.0,0.637998,0.362002
hexa_B2,4,2,0.4,48,8,57.219101823277065,8,0.566506,0.0,0.0,0.0,0.0,0.0,0.566506,0.433494
hexa_B2,4,2,0.4,48,9,58.01004811796047,8,0.575232,0.0,0.0,0.0,0.0,0.0,0.575232,0.424768
hexa_B2,4,2,0.4,48,10,58.38587058699125,8,0.569986,0.0,0.0,0.0,0.0,0.0,0.569986,0.430014
hexa_B2,4,2,0.4,48,11,59.52012592803386,8,0.562639,0.0,0.0,0.0,0.0,0.0,0.562639,0.437361
hexa_B1,4,1,0.4,48,0,12.080828585626335,4,0.981121,0.0,0.0,0.981121,0.0,0.018879,0.0,0.0
hexa_B1,4,1,0.4,48,1,22.67977351409443,4,0.541473,0.0,0.0,0.541473,0.0,0.458527,0.0,0.0
hexa_B1,4,1,0.4,48,2,24.891240947441286,6,0.963122,0.0,0.0,0.036878,0.0,0.963122,0.0,0.0
hexa_B1,4,1,0.4,48,3,24.9601266447336,6,0.984025,0.0,0.0,0.015975,0.0,0.984025,0.0,0.0
hexa_B1,4,1,0.4,48,4,25.18869671170232,6,0.970167,0.0,0.0,0.029833,0.0,0.970167,0.0,0.0
hexa_B1,4,1,0.4,48,5,25.450599437561063,6,0.964574,0.0,0.0,0.035426,0.0,0.964574,0.0,0.0
hexa_B1,4,1,0.4,48,6,25.77008118917714,6,0.958815,0.0,0.0,0.041185,0.0,0.958815,0.0,0.0
hexa_B1,4,1,0.4,48,7,26.510516017628575,6,0.946681,0.0,0.0,0.053319,0.0,0.946681,0.0,0.0
hexa_B0,4,0,0.4,48,0,2.8954367657229105,2,0.998365,0.998365,0.0,0.001567,0.0,6.9e-05,0.0,0.0
hexa_B0,4,0,0.4,48,1,8.717396808640121,2,0.586529,0.586529,0.0,0.412047,0.0,0.001424,0.0,0.0
hexa_B0,4,0,0.4,48,2,10.694416180412846,4,0.996378,0.001225,0.0,0.996378,0.0,0.002397,0.0,0.0
hexa_B0,4,0,0.4,48,3,10.81416838685313,4,0.9926,0.005068,0.0,0.9926,0.0,0.002332,0.0,0.0
hexa_B0,4,0,0.4,48,4,11.078823720766827,4,0.98792,0.009806,0.0,0.98792,0.0,0.002275,0.0,0.0
hexa_B0,4,0,0.4,48,5,11.504234618060348,4,0.982469,0.015327,0.0,0.982469,0.0,0.002204,0.0,0.0
hexa_B0,4,0,0.4,48,6,12.125377807393901,4,0.976106,0.021781,0.0,0.976106,0.0,0.002113,0.0,0.0
hexa_B0,4,0,0.4,48,7,13.001818777798324,4,0.967579,0.030428,0.0,0.967579,0.0,0.001993,0.0,0.0
hexa_B2,4,2,0.1,48,0,4.032398859125705,8,0.961953,0.0,0.0,0.0,0.0,0.0,0.961953,0.038047
hexa_B2,4,2,0.1,48,1,4.071490924074834,8,0.961418,0.0,0.0,0.0,0.0,0.0,0.961418,0.038582
hexa_B2,4,2,0.1,48,2,4.1655282533509554,8,0.96208,0.0,0.0,0.0,0.0,0.0,0.96208,0.03792
hexa_B2,4,2,0.1,48,3,4.3133814311566905,8,0.9638,0.0,0.0,0.0,0.0,0.0,0.9638,0.0362
hexa_B2,4,2,0.1,48,4,4.524726088604044,8,0.966808,0.0,0.0,0.0,0.0,0.0,0.966808,0.033192
hexa_B2,4,2,0.1,48,5,4.818622656717128,8,0.971348,0.0,0.0,0.0,0.0,0.0,0.971348,0.028652
hexa_B2,4,2,0.1,48,6,5.22791749809925,8,0.977696,0.0,0.0,0.0,0.0,0.0,0.977696,0.022304
hexa_B2,4,2,0.1,48,7,5.507930133596429,10,0.637435,0.0,0.0,0.0,0.0,0.0,0.362565,0.637435
hexa_B2,4,2,0.1,48,8,5.555307384944835,10,0.706732,0.0,0.0,0.0,0.0,0.0,0.293268,0.706732
hexa_B2,4,2,0.1,48,9,5.62300771930329,10,0.669115,0.0,0.0,0.0,0.0,0.0,0.330885,0.669115
hexa_B2,4,2,0.1,48,10,5.664030986663443,10,0.704086,0.0,0.0,0.0,0.0,0.0,0.295914,0.704086
hexa_B2,4,2,0.1,48,11,5.722856847612062,10,0.855142,0.0,0.0,0.0,0.0,0.0,0.144858,0.855142
hexa_B1,4,1,0.1,48,0,1.2358736201509857,4,0.96599,0.0,0.0,0.96599,0.0,0.03401,0.0,0.0
hexa_B1,4,1,0.1,48,1,2.3794185880550316,6,0.773021,0.0,0.0,0.226979,0.0,0.773021,0.0,0.0
hexa_B1,4,1,0.1,48,2,2.4634517787105836,6,0.970022,0.0,0.0,0.029978,0.0,0.970022,0.0,0.0
hexa_B1,4,1,0.1,48,3,2.4733107413380258,6,0.983638,0.0,0.0,0.016362,0.0,0.983638,0.0,0.0
hexa_B1,4,1,0.1,48,4,2.4947916947496487,6,0.976901,0.0,0.0,0.023099,0.0,0.976901,0.0,0.0
hexa_B1,4,1,0.1,48,5,2.516218727927888,6,0.96694,0.0,0.0,0.03306,0.0,0.96694,0.0,0.0
hexa_B1,4,1,0.1,48,6,2.5472302950672443,6,0.971369,0.0,0.0,0.028631,0.0,0.971369,0.0,0.0
hexa_B1,4,1,0.1,48,7,2.615109684804743,6,0.951995,0.0,0.0,0.048005,0.0,0.951995,0.0,0.0
hexa_B0,4,0,0.1,48,0,0.30589118895827383,2,0.998415,0.998415,0.0,0.001074,0.0,0.000511,0.0,0.0
hexa_B0,4,0,0.1,48,1,0.9858344989502199,4,0.79045,0.209138,0.0,0.79045,0.0,0.000412,0.0,0.0
hexa_B0,4,0,0.1,48,2,1.0714396810066007,4,0.997864,0.002042,0.0,0.997864,0.0,9.3e-05,0.0,0.0
hexa_B0,4,0,0.1,48,3,1.0820200770857817,4,0.994297,0.005609,0.0,0.994297,0.0,9.4e-05,0.0,0.0
hexa_B0,4,0,0.1,48,4,1.1062165552916865,4,0.991013,0.00889,0.0,0.991013,0.0,9.7e-05,0.0,0.0
hexa_B0,4,0,0.1,48,5,1.1447386045020738,4,0.988242,0.01166,0.0,0.988242,0.0,9.8e-05,0.0,0.0
hexa_B0,4,0,0.1,48,6,1.2005889300450252,4,0.986135,0.013767,0.0,0.986135,0.0,9.8e-05,0.0,0.0
hexa_B0,4,0,0.1,48,7,1.279282694483376,4,0.984575,0.01533,0.0,0.984575,0.0,9.5e-05,0.0,0.0
hexa3_B2,3,2,1.6,20,0,45.46243464635828,6,0.999408,0.0,0.0,0.0,0.0,0.999408,0.000592,0.0
hexa3_B2,3,2,1.6,20,1,53.84590914390473,6,0.999688,0.0,0.0,0.0,0.0,0.999688,0.000312,0.0
hexa3_B2,3,2,1.6,20,2,55.82708205954668,6,0.99818,0.0,0.0,0.0,0.0,0.99818,0.00182,0.0
hexa3_B2,3,2,1.6,20,3,56.92636688314472,6,0.999416,0.0,0.0,0.0,0.0,0.999416,0.000584,0.0
hexa3_B2,3,2,1.6,20,4,58.67670681383088,6,0.99713,0.0,0.0,0.0,0.0,0.99713,0.00287,0.0
hexa3_B2,3,2,1.6,20,5,64.33769214176354,6,0.999988,0.0,0.0,0.0,0.0,0.999988,1.2e-05,0.0
hexa3_B2,3,2,1.6,20,6,67.77285178666384,6,0.999834,0.0,0.0,0.0,0.0,0.999834,0.000166,0.0
hexa3_B2,3,2,1.6,20,7,69.01256050759982,6,0.99986,0.0,0.0,0.0,0.0,0.99986,0.00014,0.0
hexa3_B2,3,2,1.6,20,8,69.91676207360892,6,0.999898,0.0,0.0,0.0,0.0,0.999898,0.000102,0.0
hexa3_B2,3,2,1.6,20,9,82.39777831674434,8,0.998851,0.0,0.0,0.0,0.0,0.001149,0.998851,0.0
hexa3_B2,3,2,1.6,20,10,92.33192198620749,8,0.996909,0.0,0.0,0.0,0.0,0.003091,0.996909,0.0
hexa3_B2,3,2,1.6,20,11,95.55913867440847,8,0.997642,0.0,0.0,0.0,0.0,0.002358,0.997642,0.0
hexa3_B2,3,2,0.8,20,0,36.98228136440286,6,0.995519,0.0,0.0,0.0,0.0,0.995519,0.004481,0.0
hexa3_B2,3,2,0.8,20,1,41.24401064114721,6,0.998447,0.0,0.0,0.0,0.0,0.998447,0.001553,0.0
hexa3_B2,3,2,0.8,20,2,46.15082910866873,6,0.956738,0.0,0.0,0.0,0.0,0.956738,0.043262,0.0
hexa3_B2,3,2,0.8,20,3,48.21395895053261,6,0.971531,0.0,0.0,0.0,0.0,0.971531,0.028469,0.0
hexa3_B2,3,2,0.8,20,4,48.789275043837236,6,0.983764,0.0,0.0,0.0,0.0,0.983764,0.016236,0.0
hexa3_B2,3,2,0.8,20,5,54.00541017237565,6,0.985073,0.0,0.0,0.0,0.0,0.985073,0.014927,0.0
hexa3_B2,3,2,0.8,20,6,58.065574590225815,6,0.999197,0.0,0.0,0.0,0.0,0.999197,0.000803,0.0
hexa3_B2,3,2,0.8,20,7,63.715776295916186,6,0.911625,0.0,0.0,0.0,0.0,0.911625,0.088375,0.0
hexa3_B2,3,2,0.8,20,8,64.45434942458193,6,0.969563,0.0,0.0,0.0,0.0,0.969563,0.030437,0.0
hexa3_B2,3,2,0.8,20,9,65.4442103503775,8,0.85595,0.0,0.0,0.0,0.0,0.14405,0.85595,0.0
hexa3_B2,3,2,0.8,20,10,74.79505917102597,8,0.942135,0.0,0.0,0.0,0.0,0.057865,0.942135,0.0
hexa3_B2,3,2,0.8,20,11,83.2498558537431,8,0.973373,0.0,0.0,0.0,0.0,0.026627,0.973373,0.0
hexa3_B2,3,2,0.4,20,0,19.40735945763525,6,0.992836,0.0,0.0,0.0,0.0,0.992836,0.007164,0.0
hexa3_B2,3,2,0.4,20,1,20.97443435459679,6,0.996301,0.0,0.0,0.0,0.0,0.996301,0.003699,0.0
hexa3_B2,3,2,0.4,20,2,24.347778769933797,6,0.997904,0.0,0.0,0.0,0.0,0.997904,0.002096,0.0
hexa3_B2,3,2,0.4,20,3,26.298114556368184,6,0.727842,0.0,0.0,0.0,0.0,0.727842,0.272158,0.0
hexa3_B2,3,2,0.4,20,4,27.414295795919024,6,0.56304,0.0,0.0,0.0,0.0,0.56304,0.43696,0.0
hexa3_B2,3,2,0.4,20,5,42.34899628079481,8,0.572637,0.0,0.0,0.0,0.0,0.427363,0.572637,0.0
hexa3_B2,3,2,0.4,20,6,44.83094601120485,6,0.864606,0.0,0.0,0.0,0.0,0.864606,0.135394,0.0
hexa3_B2,3,2,0.4,20,7,49.02356567004908,6,0.916797,0.0,0.0,0.0,0.0,0.916797,0.083203,0.0
hexa3_B2,3,2,0.4,20,8,52.27438062272124,8,0.50418,0.0,0.0,0.0,0.0,0.49582,0.50418,0.0
hexa3_B2,3,2,0.4,20,9,57.489405900124524,6,0.902096,0.0,0.0,0.0,0.0,0.902096,0.097904,0.0
hexa3_B2,3,2,0.4,20,10,61.43846850610124,6,0.910311,0.0,0.0,0.0,0.0,0.910311,0.089689,0.0
hexa3_B2,3,2,0.4,20,11,68.29553935532586,8,0.794917,0.0,0.0,0.0,0.0,0.205083,0.794917,0.0
hexa3_B2,3,2,0.1,20,0,1.7969392787136145,6,0.99251,0.0,0.0,0.0,0.0,0.99251,0.00749,0.0
hexa3_B2,3,2,0.1,20,1,1.9249440715187727,6,0.994783,0.0,0.0,0.0,0.0,0.994783,0.005217,0.0
hexa3_B2,3,2,0.1,20,2,2.2189825891356314,6,0.998711,0.0,0.0,0.0,0.0,0.998711,0.001289,0.0
hexa3_B2,3,2,0.1,20,3,2.5388372039051066,6,0.505285,0.0,0.0,0.0,0.0,0.505285,0.494715,0.0
hexa3_B2,3,2,0.1,20,4,2.6212407169566387,8,0.718982,0.0,0.0,0.0,0.0,0.281018,0.718982,0.0
hexa3_B2,3,2,0.1,20,5,25.543738290944802,6,0.601617,0.0,0.0,0.0,0.0,0.601617,0.398383,0.0
hexa3_B2,3,2,0.1,20,6,31.34793004651792,6,0.727812,0.0,0.0,0.0,0.0,0.727812,0.272188,0.0
hexa3_B2,3,2,0.1,20,7,40.92984589294899,6,0.835298,0.0,0.0,0.0,0.0,0.835298,0.164702,0.0
hexa3_B2,3,2,0.1,20,8,41.00429770000564,6,0.724658,0.0,0.0,0.0,0.0,0.724658,0.275342,0.0
hexa3_B2,3,2,0.1,20,9,50.70934472242767,6,0.778303,0.0,0.0,0.0,0.0,0.778303,0.221697,0.0
hexa3_B2,3,2,0.1,20,10,59.04575997604408,6,0.771397,0.0,0.0,0.0,0.0,0.771397,0.228603,0.0
hexa3_B2,3,2,0.1,20,11,60.26828376255695,6,0.788608,0.0,0.0,0.0,0.0,0.788608,0.211392,0.0
hexa3_B2,3,2,1.6,24,0,40.27470584820006,6,0.998484,0.0,0.0,0.0,0.0,0.998484,0.001516,0.0
hexa3_B2,3,2,1.6,24,1,50.1101622149553,6,0.998894,0.0,0.0,0.0,0.0,0.998894,0.001106,0.0
hexa3_B2,3,2,1.6,24,2,50.97404999174165,6,0.998952,0.0,0.0,0.0,0.0,0.998952,0.001048,0.0
hexa3_B2,3,2,1.6,24,3,54.3632577351771,6,0.99813,0.0,0.0,0.0,0.0,0.99813,0.00187,0.0
hexa3_B2,3,2,1.6,24,4,56.4547305724283,6,0.995408,0.0,0.0,0.0,0.0,0.995408,0.004592,0.0
hexa3_B2,3,2,1.6,24,5,61.78929567679644,6,0.999806,0.0,0.0,0.0,0.0,0.999806,0.000194,0.0
hexa3_B2,3,2,1.6,24,6,62.56485419360728,6,0.99796,0.0,0.0,0.0,0.0,0.99796,0.00204,0.0
hexa3_B2,3,2,1.6,24,7,64.32003548581243,6,0.997718,0.0,0.0,0.0,0.0,0.997718,0.002282,0.0
hexa3_B2,3,2,1.6,24,8,65.48930530011171,6,0.999229,0.0,0.0,0.0,0.0,0.999229,0.000771,0.0
hexa3_B2,3,2,1.6,24,9,66.17922841046894,6,0.999294,0.0,0.0,0.0,0.0,0.999294,0.000706,0.0
hexa3_B2,3,2,1.6,24,10,66.81729835481443,6,0.997652,0.0,0.0,0.0,0.0,0.997652,0.002348,0.0
hexa3_B2,3,2,1.6,24,11,67.28579024142127,6,0.99833,0.0,0.0,0.0,0.0,0.99833,0.00167,0.0
hexa3_B2,3,2,0.8,24,0,37.4260480283684,6,0.991799,0.0,0.0,0.0,0.0,0.991799,0.008201,0.0
hexa3_B2,3,2,0.8,24,1,40.78242931651512,6,0.993827,0.0,0.0,0.0,0.0,0.993827,0.006173,0.0
hexa3_B2,3,2,0.8,24,2,47.05038531677927,6,0.964799,0.0,0.0,0.0,0.0,0.964799,0.035201,0.0
hexa3_B2,3,2,0.8,24,3,47.320922170473445,6,0.990724,0.0,0.0,0.0,0.0,0.990724,0.009276,0.0
hexa3_B2,3,2,0.8,24,4,49.52480242961833,6,0.951812,0.0,0.0,0.0,0.0,0.951812,0.048188,0.0
hexa3_B2,3,2,0.8,24,5,51.992490288626996,6,0.945178,0.0,0.0,0.0,0.0,0.945178,0.054822,0.0
hexa3_B2,3,2,0.8,24,6,52.88912089602311,6,0.945698,0.0,0.0,0.0,0.0,0.945698,0.054302,0.0
hexa3_B2,3,2,0.8,24,7,54.33856300337469,6,0.947161,0.0,0.0,0.0,0.0,0.947161,0.052839,0.0
hexa3_B2,3,2,0.8,24,8,55.83410395459902,6,0.959353,0.0,0.0,0.0,0.0,0.959353,0.040647,0.0
hexa3_B2,3,2,0.8,24,9,56.88672665586149,6,0.98853,0.0,0.0,0.0,0.0,0.98853,0.01147,0.0
hexa3_B2,3,2,0.8,24,10,57.670099248105274,6,0.970965,0.0,0.0,0.0,0.0,0.970965,0.029035,0.0
hexa3_B2,3,2,0.8,24,11,61.05272649395737,6,0.963698,0.0,0.0,0.0,0.0,0.963698,0.036302,0.0
hexa3_B2,3,2,0.4,24,0,20.424119612552506,6,0.987929,0.0,0.0,0.0,0.0,0.987929,0.012071,0.0
hexa3_B2,3,2,0.4,24,1,21.547577067967282,6,0.988988,0.0,0.0,0.0,0.0,0.988988,0.011012,0.0
hexa3_B2,3,2,0.4,24,2,24.080002261113783,6,0.995587,0.0,0.0,0.0,0.0,0.995587,0.004413,0.0
hexa3_B2,3,2,0.4,24,3,28.48584687151159,6,0.986615,0.0,0.0,0.0,0.0,0.986615,0.013385,0.0
hexa3_B2,3,2,0.4,24,4,28.645502886968874,6,0.688364,0.0,0.0,0.0,0.0,0.688364,0.311636,0.0
hexa3_B2,3,2,0.4,24,5,29.40034600432147,6,0.591788,0.0,0.0,0.0,0.0,0.591788,0.408212,0.0
hexa3_B2,3,2,0.4,24,6,30.580867969781963,6,0.708111,0.0,0.0,0.0,0.0,0.708111,0.291889,0.0
hexa3_B2,3,2,0.4,24,7,31.71984191932713,6,0.563361,0.0,0.0,0.0,0.0,0.563361,0.436639,0.0
hexa3_B2,3,2,0.4,24,8,32.276010594896896,8,0.571728,0.0,0.0,0.0,0.0,0.428272,0.571728,0.0
hexa3_B2,3,2,0.4,24,9,33.18924127035214,8,0.639591,0.0,0.0,0.0,0.0,0.360409,0.639591,0.0
hexa3_B2,3,2,0.4,24,10,36.56367892618872,8,0.670207,0.0,0.0,0.0,0.0,0.329793,0.670207,0.0
hexa3_B2,3,2,0.4,24,11,44.72771066552995,8,0.603797,0.0,0.0,0.0,0.0,0.396203,0.603797,0.0
hexa3_B2,3,2,0.1,24,0,1.9155719165720626,6,0.986051,0.0,0.0,0.0,0.0,0.986051,0.013949,0.0
hexa3_B2,3,2,0.1,24,1,2.005792817814222,6,0.986528,0.0,0.0,0.0,0.0,0.986528,0.013472,0.0
hexa3_B2,3,2,0.1,24,2,2.2128556093798446,6,0.993232,0.0,0.0,0.0,0.0,0.993232,0.006768,0.0
hexa3_B2,3,2,0.1,24,3,2.5986674833713352,6,0.996916,0.0,0.0,0.0,0.0,0.996916,0.003084,0.0
hexa3_B2,3,2,0.1,24,4,2.764655190187915,8,0.61487,0.0,0.0,0.0,0.0,0.38513,0.61487,0.0
hexa3_B2,3,2,0.1,24,5,2.8500649571005696,8,0.631119,0.0,0.0,0.0,0.0,0.368881,0.631119,0.0
hexa3_B2,3,2,0.1,24,6,2.9629608228143454,8,0.508055,0.0,0.0,0.0,0.0,0.491945,0.508055,0.0
hexa3_B2,3,2,0.1,24,7,3.027931841177475,8,0.730128,0.0,0.0,0.0,0.0,0.269872,0.730128,0.0
hexa3_B2,3,2,0.1,24,8,3.0525027923946237,8,0.830704,0.0,0.0,0.0,0.0,0.169296,0.830704,0.0
hexa3_B2,3,2,0.1,24,9,3.110777925952245,8,0.835105,0.0,0.0,0.0,0.0,0.164895,0.835105,0.0
hexa3_B2,3,2,0.1,24,10,11.99799154479902,8,0.681973,0.0,0.0,0.0,0.0,0.318027,0.681973,0.0
hexa3_B2,3,2,0.1,24,11,22.896127448707308,6,0.517261,0.0,0.0,0.0,0.0,0.517261,0.482739,0.0
hexa3_B2,3,2,1.6,28,0,41.16385373498317,6,0.99879,0.0,0.0,0.0,0.0,0.99879,0.00121,0.0
hexa3_B2,3,2,1.6,28,1,43.88697680112998,6,0.998513,0.0,0.0,0.0,0.0,0.998513,0.001487,0.0
hexa3_B2,3,2,1.6,28,2,48.825931041562434,6,0.996292,0.0,0.0,0.0,0.0,0.996292,0.003708,0.0
hexa3_B2,3,2,1.6,28,3,54.849610062764384,6,0.998698,0.0,0.0,0.0,0.0,0.998698,0.001302,0.0
hexa3_B2,3,2,1.6,28,4,55.74265681492925,6,0.998539,0.0,0.0,0.0,0.0,0.998539,0.001461,0.0
hexa3_B2,3,2,1.6,28,5,55.908868322400984,6,0.998922,0.0,0.0,0.0,0.0,0.998922,0.001078,0.0
hexa3_B2,3,2,1.6,28,6,57.644430136365976,6,0.996898,0.0,0.0,0.0,0.0,0.996898,0.003102,0.0
hexa3_B2,3,2,1.6,28,7,58.752159715542476,6,0.997981,0.0,0.0,0.0,0.0,0.997981,0.002019,0.0
hexa3_B2,3,2,1.6,28,8,60.328157095576344,6,0.997281,0.0,0.0,0.0,0.0,0.997281,0.002719,0.0
hexa3_B2,3,2,1.6,28,9,60.56141242882515,6,0.997044,0.0,0.0,0.0,0.0,0.997044,0.002956,0.0
hexa3_B2,3,2,1.6,28,10,61.675366347712476,6,0.997667,0.0,0.0,0.0,0.0,0.997667,0.002333,0.0
hexa3_B2,3,2,1.6,28,11,62.57764961675208,6,0.997847,0.0,0.0,0.0,0.0,0.997847,0.002153,0.0
hexa3_B2,3,2,0.8,28,0,37.881346644373885,6,0.991807,0.0,0.0,0.0,0.0,0.991807,0.008193,0.0
hexa3_B2,3,2,0.8,28,1,40.18424228542756,6,0.99153,0.0,0.0,0.0,0.0,0.99153,0.00847,0.0
hexa3_B2,3,2,0.8,28,2,45.245347735731954,6,0.994071,0.0,0.0,0.0,0.0,0.994071,0.005929,0.0
hexa3_B2,3,2,0.8,28,3,50.25673346587013,6,0.948322,0.0,0.0,0.0,0.0,0.948322,0.051678,0.0
hexa3_B2,3,2,0.8,28,4,51.074366593539246,6,0.959041,0.0,0.0,0.0,0.0,0.959041,0.040959,0.0
hexa3_B2,3,2,0.8,28,5,52.05388863370997,6,0.957112,0.0,0.0,0.0,0.0,0.957112,0.042888,0.0
hexa3_B2,3,2,0.8,28,6,53.39377816152392,6,0.994431,0.0,0.0,0.0,0.0,0.994431,0.005569,0.0
hexa3_B2,3,2,0.8,28,7,54.807905112785,6,0.934323,0.0,0.0,0.0,0.0,0.934323,0.065677,0.0
hexa3_B2,3,2,0.8,28,8,55.355811066103264,6,0.93416,0.0,0.0,0.0,0.0,0.93416,0.06584,0.0
hexa3_B2,3,2,0.8,28,9,55.99776543352948,6,0.95042,0.0,0.0,0.0,0.0,0.95042,0.04958,0.0
hexa3_B2,3,2,0.8,28,10,57.077172392205334,6,0.939619,0.0,0.0,0.0,0.0,0.939619,0.060381,0.0
hexa3_B2,3,2,0.8,28,11,58.81338839650495,6,0.952578,0.0,0.0,0.0,0.0,0.952578,0.047422,0.0
hexa3_B2,3,2,0.4,28,0,21.22224441399504,6,0.984836,0.0,0.0,0.0,0.0,0.984836,0.015164,0.0
hexa3_B2,3,2,0.4,28,1,22.052096766574202,6,0.984996,0.0,0.0,0.0,0.0,0.984996,0.015004,0.0
hexa3_B2,3,2,0.4,28,2,23.94002925538102,6,0.988473,0.0,0.0,0.0,0.0,0.988473,0.011527,0.0
hexa3_B2,3,2,0.4,28,3,27.224810526298885,6,0.994858,0.0,0.0,0.0,0.0,0.994858,0.005142,0.0
hexa3_B2,3,2,0.4,28,4,30.434180729785584,6,0.638343,0.0,0.0,0.0,0.0,0.638343,0.361657,0.0
hexa3_B2,3,2,0.4,28,5,31.505331220838563,6,0.639716,0.0,0.0,0.0,0.0,0.639716,0.360284,0.0
hexa3_B2,3,2,0.4,28,6,32.178021927533436,6,0.641604,0.0,0.0,0.0,0.0,0.641604,0.358396,0.0
hexa3_B2,3,2,0.4,28,7,32.61305611251715,6,0.983315,0.0,0.0,0.0,0.0,0.983315,0.016685,0.0
hexa3_B2,3,2,0.4,28,8,33.04748011464235,6,0.611695,0.0,0.0,0.0,0.0,0.611695,0.388305,0.0
hexa3_B2,3,2,0.4,28,9,33.83580412822487,8,0.728751,0.0,0.0,0.0,0.0,0.271249,0.728751,0.0
hexa3_B2,3,2,0.4,28,10,34.13733762191642,8,0.735941,0.0,0.0,0.0,0.0,0.264059,0.735941,0.0
hexa3_B2,3,2,0.4,28,11,34.92795800177468,6,0.691602,0.0,0.0,0.0,0.0,0.691602,0.308398,0.0
hexa3_B2,3,2,0.1,28,0,2.0152133284519342,6,0.981043,0.0,0.0,0.0,0.0,0.981043,0.018957,0.0
hexa3_B2,3,2,0.1,28,1,2.0813560601939662,6,0.980893,0.0,0.0,0.0,0.0,0.980893,0.019107,0.0
hexa3_B2,3,2,0.1,28,2,2.2339300613939455,6,0.98462,0.0,0.0,0.0,0.0,0.98462,0.01538,0.0
hexa3_B2,3,2,0.1,28,3,2.5039119226826214,6,0.992064,0.0,0.0,0.0,0.0,0.992064,0.007936,0.0
hexa3_B2,3,2,0.1,28,4,2.9662262959216816,8,0.653716,0.0,0.0,0.0,0.0,0.346284,0.653716,0.0
hexa3_B2,3,2,0.1,28,5,2.9772514467054587,6,0.993684,0.0,0.0,0.0,0.0,0.993684,0.006316,0.0
hexa3_B2,3,2,0.1,28,6,3.0667065496689605,8,0.615747,0.0,0.0,0.0,0.0,0.384253,0.615747,0.0
hexa3_B2,3,2,0.1,28,7,3.107071327908738,8,0.703316,0.0,0.0,0.0,0.0,0.296684,0.703316,0.0
hexa3_B2,3,2,0.1,28,8,3.1719592476819907,8,0.859875,0.0,0.0,0.0,0.0,0.140125,0.859875,0.0
hexa3_B2,3,2,0.1,28,9,3.210489686191851,8,0.800216,0.0,0.0,0.0,0.0,0.199784,0.800216,0.0
hexa3_B2,3,2,0.1,28,10,3.233854521822352,8,0.655187,0.0,0.0,0.0,0.0,0.344813,0.655187,0.0
hexa3_B2,3,2,0.1,28,11,3.3854064926745546,8,0.54465,0.0,0.0,0.0,0.0,0.45535,0.54465,0.0
hexa3_B2,3,2,1.6,32,0,41.47136541190382,6,0.998811,0.0,0.0,0.0,0.0,0.998811,0.001189,0.0
hexa3_B2,3,2,1.6,32,1,43.693751945988936,6,0.998812,0.0,0.0,0.0,0.0,0.998812,0.001188,0.0
hexa3_B2,3,2,1.6,32,2,47.21562866442727,6,0.997528,0.0,0.0,0.0,0.0,0.997528,0.002472,0.0
hexa3_B2,3,2,1.6,32,3,47.80383305968693,6,0.998353,0.0,0.0,0.0,0.0,0.998353,0.001647,0.0
hexa3_B2,3,2,1.6,32,4,48.663729288350176,6,0.997166,0.0,0.0,0.0,0.0,0.997166,0.002834,0.0
hexa3_B2,3,2,1.6,32,5,50.31594762896185,6,0.996491,0.0,0.0,0.0,0.0,0.996491,0.003509,0.0
hexa3_B2,3,2,1.6,32,6,52.82318093665643,6,0.996995,0.0,0.0,0.0,0.0,0.996995,0.003005,0.0
hexa3_B2,3,2,1.6,32,7,55.357510782642976,6,0.995646,0.0,0.0,0.0,0.0,0.995646,0.004354,0.0
hexa3_B2,3,2,1.6,32,8,55.78856315011568,6,0.99572,0.0,0.0,0.0,0.0,0.99572,0.00428,0.0
hexa3_B2,3,2,1.6,32,9,59.15237857057041,6,0.99836,0.0,0.0,0.0,0.0,0.99836,0.00164,0.0
hexa3_B2,3,2,1.6,32,10,60.06412560897605,6,0.99849,0.0,0.0,0.0,0.0,0.99849,0.00151,0.0
hexa3_B2,3,2,1.6,32,11,60.28677451815295,6,0.998442,0.0,0.0,0.0,0.0,0.998442,0.001558,0.0
hexa3_B2,3,2,0.8,32,0,38.263972061451945,6,0.991978,0.0,0.0,0.0,0.0,0.991978,0.008022,0.0
hexa3_B2,3,2,0.8,32,1,39.951144099551726,6,0.991831,0.0,0.0,0.0,0.0,0.991831,0.008169,0.0
hexa3_B2,3,2,0.8,32,2,43.576276628725026,6,0.99186,0.0,0.0,0.0,0.0,0.99186,0.00814,0.0
hexa3_B2,3,2,0.8,32,3,49.884551790181845,6,0.993859,0.0,0.0,0.0,0.0,0.993859,0.006141,0.0
hexa3_B2,3,2,0.8,32,4,51.10637242138791,6,0.94985,0.0,0.0,0.0,0.0,0.94985,0.05015,0.0
hexa3_B2,3,2,0.8,32,5,51.96012733087145,6,0.955985,0.0,0.0,0.0,0.0,0.955985,0.044015,0.0
hexa3_B2,3,2,0.8,32,6,54.24622896491272,6,0.953144,0.0,0.0,0.0,0.0,0.953144,0.046856,0.0
hexa3_B2,3,2,0.8,32,7,55.54735430250014,6,0.958201,0.0,0.0,0.0,0.0,0.958201,0.041799,0.0
hexa3_B2,3,2,0.8,32,8,57.20651456375433,6,0.945259,0.0,0.0,0.0,0.0,0.945259,0.054741,0.0
hexa3_B2,3,2,0.8,32,9,57.392607155838625,6,0.925223,0.0,0.0,0.0,0.0,0.925223,0.074777,0.0
hexa3_B2,3,2,0.8,32,10,57.7486151143999,6,0.934024,0.0,0.0,0.0,0.0,0.934024,0.065976,0.0
hexa3_B2,3,2,0.8,32,11,59.3976305166526,6,0.961945,0.0,0.0,0.0,0.0,0.961945,0.038055,0.0
hexa3_B2,3,2,0.4,32,0,21.86963257777198,6,0.982852,0.0,0.0,0.0,0.0,0.982852,0.017148,0.0
hexa3_B2,3,2,0.4,32,1,22.503214018729246,6,0.982878,0.0,0.0,0.0,0.0,0.982878,0.017122,0.0
hexa3_B2,3,2,0.4,32,2,23.954135314039146,6,0.984465,0.0,0.0,0.0,0.0,0.984465,0.015535,0.0
hexa3_B2,3,2,0.4,32,3,26.407631452436522,6,0.988231,0.0,0.0,0.0,0.0,0.988231,0.011769,0.0
hexa3_B2,3,2,0.4,32,4,30.383151598411587,6,0.994074,0.0,0.0,0.0,0.0,0.994074,0.005926,0.0
hexa3_B2,3,2,0.4,32,5,32.0235921404819,6,0.638692,0.0,0.0,0.0,0.0,0.638692,0.361308,0.0
hexa3_B2,3,2,0.4,32,6,32.86168579934014,6,0.632304,0.0,0.0,0.0,0.0,0.632304,0.367696,0.0
hexa3_B2,3,2,0.4,32,7,33.329388793948816,6,0.576794,0.0,0.0,0.0,0.0,0.576794,0.423206,0.0
hexa3_B2,3,2,0.4,32,8,34.73521177592521,6,0.651029,0.0,0.0,0.0,0.0,0.651029,0.348971,0.0
hexa3_B2,3,2,0.4,32,9,35.107893853355,8,0.839693,0.0,0.0,0.0,0.0,0.160307,0.839693,0.0
hexa3_B2,3,2,0.4,32,10,35.50324897495598,6,0.602291,0.0,0.0,0.0,0.0,0.602291,0.397709,0.0
hexa3_B2,3,2,0.4,32,11,36.33688386255992,8,0.666901,0.0,0.0,0.0,0.0,0.333099,0.666901,0.0
hexa3_B2,3,2,0.1,32,0,2.1008235617738107,6,0.977184,0.0,0.0,0.0,0.0,0.977184,0.022816,0.0
hexa3_B2,3,2,0.1,32,1,2.1509683671498423,6,0.976958,0.0,0.0,0.0,0.0,0.976958,0.023042,0.0
hexa3_B2,3,2,0.1,32,2,2.2683460470754238,6,0.978873,0.0,0.0,0.0,0.0,0.978873,0.021127,0.0
hexa3_B2,3,2,0.1,32,3,2.467781511546015,6,0.983538,0.0,0.0,0.0,0.0,0.983538,0.016462,0.0
hexa3_B2,3,2,0.1,32,4,2.7959213097225066,6,0.991035,0.0,0.0,0.0,0.0,0.991035,0.008965,0.0
hexa3_B2,3,2,0.1,32,5,3.155414072857541,8,0.651103,0.0,0.0,0.0,0.0,0.348897,0.651103,0.0
hexa3_B2,3,2,0.1,32,6,3.20462863835794,8,0.687113,0.0,0.0,0.0,0.0,0.312887,0.687113,0.0
hexa3_B2,3,2,0.1,32,7,3.2664578045535517,8,0.717343,0.0,0.0,0.0,0.0,0.282657,0.717343,0.0
hexa3_B2,3,2,0.1,32,8,3.2928140462383824,8,0.916209,0.0,0.0,0.0,0.0,0.083791,0.916209,0.0
hexa3_B2,3,2,0.1,32,9,3.3546646011619647,6,0.99143,0.0,0.0,0.0,0.0,0.99143,0.00857,0.0
hexa3_B2,3,2,0.1,32,10,3.3877154745205154,8,0.630411,0.0,0.0,0.0,0.0,0.369589,0.630411,0.0
hexa3_B2,3,2,0.1,32,11,3.4298928288651247,8,0.7124,0.0,0.0,0.0,0.0,0.2876,0.7124,0.0
hexa3_B2,3,2,1.6,36,0,41.54545134777887,6,0.998756,0.0,0.0,0.0,0.0,0.998756,0.001244,0.0
hexa3_B2,3,2,1.6,36,1,43.32951650638662,6,0.99888,0.0,0.0,0.0,0.0,0.99888,0.00112,0.0
hexa3_B2,3,2,1.6,36,2,46.71334630101756,6,0.998765,0.0,0.0,0.0,0.0,0.998765,0.001235,0.0
hexa3_B2,3,2,1.6,36,3,46.9885562706569,6,0.997233,0.0,0.0,0.0,0.0,0.997233,0.002767,0.0
hexa3_B2,3,2,1.6,36,4,48.69411346660002,6,0.997503,0.0,0.0,0.0,0.0,0.997503,0.002497,0.0
hexa3_B2,3,2,1.6,36,5,49.84024726642781,6,0.997316,0.0,0.0,0.0,0.0,0.997316,0.002684,0.0
hexa3_B2,3,2,1.6,36,6,50.59912047777343,6,0.997074,0.0,0.0,0.0,0.0,0.997074,0.002926,0.0
hexa3_B2,3,2,1.6,36,7,51.12519126019907,6,0.997092,0.0,0.0,0.0,0.0,0.997092,0.002908,0.0
hexa3_B2,3,2,1.6,36,8,51.70131244428354,6,0.997936,0.0,0.0,0.0,0.0,0.997936,0.002064,0.0
hexa3_B2,3,2,1.6,36,9,52.32144741698696,6,0.997705,0.0,0.0,0.0,0.0,0.997705,0.002295,0.0
hexa3_B2,3,2,1.6,36,10,53.08710964791166,6,0.997008,0.0,0.0,0.0,0.0,0.997008,0.002992,0.0
hexa3_B2,3,2,1.6,36,11,54.267764857363254,6,0.996153,0.0,0.0,0.0,0.0,0.996153,0.003847,0.0
hexa3_B2,3,2,0.8,36,0,38.58196975383031,6,0.99217,0.0,0.0,0.0,0.0,0.99217,0.00783,0.0
hexa3_B2,3,2,0.8,36,1,39.87154089034833,6,0.992251,0.0,0.0,0.0,0.0,0.992251,0.007749,0.0
hexa3_B2,3,2,0.8,36,2,42.6110302463384,6,0.991987,0.0,0.0,0.0,0.0,0.991987,0.008013,0.0
hexa3_B2,3,2,0.8,36,3,47.18642714927973,6,0.992069,0.0,0.0,0.0,0.0,0.992069,0.007931,0.0
hexa3_B2,3,2,0.8,36,4,51.89532742088979,6,0.955869,0.0,0.0,0.0,0.0,0.955869,0.044131,0.0
hexa3_B2,3,2,0.8,36,5,52.83027925993579,6,0.957937,0.0,0.0,0.0,0.0,0.957937,0.042063,0.0
hexa3_B2,3,2,0.8,36,6,53.99743053222814,6,0.950906,0.0,0.0,0.0,0.0,0.950906,0.049094,0.0
hexa3_B2,3,2,0.8,36,7,54.61687376032618,6,0.99297,0.0,0.0,0.0,0.0,0.99297,0.00703,0.0
hexa3_B2,3,2,0.8,36,8,55.64551677352481,6,0.956536,0.0,0.0,0.0,0.0,0.956536,0.043464,0.0
hexa3_B2,3,2,0.8,36,9,58.56600294626915,6,0.951755,0.0,0.0,0.0,0.0,0.951755,0.048245,0.0
hexa3_B2,3,2,0.8,36,10,58.77211988893449,6,0.906402,0.0,0.0,0.0,0.0,0.906402,0.093598,0.0
hexa3_B2,3,2,0.8,36,11,60.06725151667969,6,0.9309,0.0,0.0,0.0,0.0,0.9309,0.0691,0.0
hexa3_B2,3,2,0.4,36,0,22.408070563088685,6,0.981559,0.0,0.0,0.0,0.0,0.981559,0.018441,0.0
hexa3_B2,3,2,0.4,36,1,22.9060147226478,6,0.981687,0.0,0.0,0.0,0.0,0.981687,0.018313,0.0
hexa3_B2,3,2,0.4,36,2,24.054401376226377,6,0.982328,0.0,0.0,0.0,0.0,0.982328,0.017672,0.0
hexa3_B2,3,2,0.4,36,3,25.95189807185136,6,0.984364,0.0,0.0,0.0,0.0,0.984364,0.015636,0.0
hexa3_B2,3,2,0.4,36,4,28.9101760599014,6,0.988,0.0,0.0,0.0,0.0,0.988,0.012,0.0
hexa3_B2,3,2,0.4,36,5,33.347850060214306,6,0.639236,0.0,0.0,0.0,0.0,0.639236,0.360764,0.0
hexa3_B2,3,2,0.4,36,6,33.546805452888705,6,0.991605,0.0,0.0,0.0,0.0,0.991605,0.008395,0.0
hexa3_B2,3,2,0.4,36,7,33.86407436231692,6,0.600935,0.0,0.0,0.0,0.0,0.600935,0.399065,0.0
hexa3_B2,3,2,0.4,36,8,34.60592421742329,6,0.590187,0.0,0.0,0.0,0.0,0.590187,0.409813,0.0
hexa3_B2,3,2,0.4,36,9,35.44050248893616,6,0.626302,0.0,0.0,0.0,0.0,0.626302,0.373698,0.0
hexa3_B2,3,2,0.4,36,10,36.12249478042322,6,0.573618,0.0,0.0,0.0,0.0,0.573618,0.426382,0.0
hexa3_B2,3,2,0.4,36,11,36.460540607903624,8,0.842387,0.0,0.0,0.0,0.0,0.157613,0.842387,0.0
hexa3_B2,3,2,0.1,36,0,2.175681133984236,6,0.974187,0.0,0.0,0.0,0.0,0.974187,0.025813,0.0
hexa3_B2,3,2,0.1,36,1,2.2147837684614946,6,0.97403,0.0,0.0,0.0,0.0,0.97403,0.02597,0.0
hexa3_B2,3,2,0.1,36,2,2.3081167771039977,6,0.974994,0.0,0.0,0.0,0.0,0.974994,0.025006,0.0
hexa3_B2,3,2,0.1,36,3,2.4625513519467797,6,0.977801,0.0,0.0,0.0,0.0,0.977801,0.022199,0.0
hexa3_B2,3,2,0.1,36,4,2.7041630211007117,6,0.982746,0.0,0.0,0.0,0.0,0.982746,0.017254,0.0
hexa3_B2,3,2,0.1,36,5,3.0881239332522914,6,0.9901,0.0,0.0,0.0,0.0,0.9901,0.0099,0.0
hexa3_B2,3,2,0.1,36,6,3.308414971524874,8,0.674946,0.0,0.0,0.0,0.0,0.325054,0.674946,0.0
hexa3_B2,3,2,0.1,36,7,3.341462293618888,8,0.729966,0.0,0.0,0.0,0.0,0.270034,0.729966,0.0
hexa3_B2,3,2,0.1,36,8,3.426005535838079,8,0.687436,0.0,0.0,0.0,0.0,0.312564,0.687436,0.0
hexa3_B2,3,2,0.1,36,9,3.45280993039339,8,0.884077,0.0,0.0,0.0,0.0,0.115923,0.884077,0.0
hexa3_B2,3,2,0.1,36,10,3.4562852661747447,8,0.727595,0.0,0.0,0.0,0.0,0.272405,0.727595,0.0
hexa3_B2,3,2,0.1,36,11,3.5303159465713407,8,0.91833,0.0,0.0,0.0,0.0,0.08167,0.91833,0.0
hexa3_B2,3,2,1.6,40,0,41.654254499223995,6,0.998808,0.0,0.0,0.0,0.0,0.998808,0.001192,0.0
hexa3_B2,3,2,1.6,40,1,43.022166258591284,6,0.998896,0.0,0.0,0.0,0.0,0.998896,0.001104,0.0
hexa3_B2,3,2,1.6,40,2,45.75573209236068,6,0.998886,0.0,0.0,0.0,0.0,0.998886,0.001114,0.0
hexa3_B2,3,2,1.6,40,3,48.43167356192762,6,0.997591,0.0,0.0,0.0,0.0,0.997591,0.002409,0.0
hexa3_B2,3,2,1.6,40,4,48.97300311290077,6,0.997632,0.0,0.0,0.0,0.0,0.997632,0.002368,0.0
hexa3_B2,3,2,1.6,40,5,49.438641501803396,6,0.99741,0.0,0.0,0.0,0.0,0.99741,0.00259,0.0
hexa3_B2,3,2,1.6,40,6,49.94907249474893,6,0.998737,0.0,0.0,0.0,0.0,0.998737,0.001263,0.0
hexa3_B2,3,2,1.6,40,7,50.73893185514631,6,0.996784,0.0,0.0,0.0,0.0,0.996784,0.003216,0.0
hexa3_B2,3,2,1.6,40,8,51.444077588399786,6,0.996965,0.0,0.0,0.0,0.0,0.996965,0.003035,0.0
hexa3_B2,3,2,1.6,40,9,51.67808507507442,6,0.997258,0.0,0.0,0.0,0.0,0.997258,0.002742,0.0
hexa3_B2,3,2,1.6,40,10,52.283171801244286,6,0.996718,0.0,0.0,0.0,0.0,0.996718,0.003282,0.0
hexa3_B2,3,2,1.6,40,11,53.15300073512038,6,0.997233,0.0,0.0,0.0,0.0,0.997233,0.002767,0.0
hexa3_B2,3,2,0.8,40,0,38.84895220222991,6,0.992369,0.0,0.0,0.0,0.0,0.992369,0.007631,0.0
hexa3_B2,3,2,0.8,40,1,39.86664666599107,6,0.992605,0.0,0.0,0.0,0.0,0.992605,0.007395,0.0
hexa3_B2,3,2,0.8,40,2,42.01100979036503,6,0.992311,0.0,0.0,0.0,0.0,0.992311,0.007689,0.0
hexa3_B2,3,2,0.8,40,3,45.50856346939773,6,0.992185,0.0,0.0,0.0,0.0,0.992185,0.007815,0.0
hexa3_B2,3,2,0.8,40,4,50.90481765740145,6,0.992101,0.0,0.0,0.0,0.0,0.992101,0.007899,0.0
hexa3_B2,3,2,0.8,40,5,52.615163035047885,6,0.959711,0.0,0.0,0.0,0.0,0.959711,0.040289,0.0
hexa3_B2,3,2,0.8,40,6,53.453406768993304,6,0.955996,0.0,0.0,0.0,0.0,0.955996,0.044004,0.0
hexa3_B2,3,2,0.8,40,7,54.02993181924023,6,0.957001,0.0,0.0,0.0,0.0,0.957001,0.042999,0.0
hexa3_B2,3,2,0.8,40,8,55.933495961823425,6,0.957413,0.0,0.0,0.0,0.0,0.957413,0.042587,0.0
hexa3_B2,3,2,0.8,40,9,57.43126937998052,6,0.953184,0.0,0.0,0.0,0.0,0.953184,0.046816,0.0
hexa3_B2,3,2,0.8,40,10,59.37109626804766,6,0.991453,0.0,0.0,0.0,0.0,0.991453,0.008547,0.0
hexa3_B2,3,2,0.8,40,11,59.73449488637483,6,0.958114,0.0,0.0,0.0,0.0,0.958114,0.041886,0.0
hexa3_B2,3,2,0.4,40,0,22.8648681753169,6,0.980707,0.0,0.0,0.0,0.0,0.980707,0.019293,0.0
hexa3_B2,3,2,0.4,40,1,23.26588062858153,6,0.980983,0.0,0.0,0.0,0.0,0.980983,0.019017,0.0
hexa3_B2,3,2,0.4,40,2,24.197321669712114,6,0.98115,0.0,0.0,0.0,0.0,0.98115,0.01885,0.0
hexa3_B2,3,2,0.4,40,3,25.711432097765652,6,0.982259,0.0,0.0,0.0,0.0,0.982259,0.017741,0.0
hexa3_B2,3,2,0.4,40,4,27.99873889050671,6,0.984322,0.0,0.0,0.0,0.0,0.984322,0.015678,0.0
hexa3_B2,3,2,0.4,40,5,31.431392537965557,6,0.987748,0.0,0.0,0.0,0.0,0.987748,0.012252,0.0
hexa3_B2,3,2,0.4,40,6,34.41531640242448,6,0.630102,0.0,0.0,0.0,0.0,0.630102,0.369898,0.0
hexa3_B2,3,2,0.4,40,7,34.842591096157285,6,0.585787,0.0,0.0,0.0,0.0,0.585787,0.414213,0.0
hexa3_B2,3,2,0.4,40,8,35.63622979399839,6,0.612858,0.0,0.0,0.0,0.0,0.612858,0.387142,0.0
hexa3_B2,3,2,0.4,40,9,35.88580036145592,6,0.581928,0.0,0.0,0.0,0.0,0.581928,0.418072,0.0
hexa3_B2,3,2,0.4,40,10,36.70913086070498,6,0.990706,0.0,0.0,0.0,0.0,0.990706,0.009294,0.0
hexa3_B2,3,2,0.4,40,11,37.13549347096649,6,0.598371,0.0,0.0,0.0,0.0,0.598371,0.401629,0.0
hexa3_B2,3,2,0.1,40,0,2.2420607313269896,6,0.971837,0.0,0.0,0.0,0.0,0.971837,0.028163,0.0
hexa3_B2,3,2,0.1,40,1,2.273311959199256,6,0.971735,0.0,0.0,0.0,0.0,0.971735,0.028265,0.0
hexa3_B2,3,2,0.1,40,2,2.3494251607368284,6,0.972217,0.0,0.0,0.0,0.0,0.972217,0.027783,0.0
hexa3_B2,3,2,0.1,40,3,2.473261855290281,6,0.973938,0.0,0.0,0.0,0.0,0.973938,0.026062,0.0
hexa3_B2,3,2,0.1,40,4,2.6603651914228483,6,0.977092,0.0,0.0,0.0,0.0,0.977092,0.022908,0.0
hexa3_B2,3,2,0.1,40,5,2.9417834805871426,6,0.982096,0.0,0.0,0.0,0.0,0.982096,0.017904,0.0
hexa3_B2,3,2,0.1,40,6,3.3802118260942837,6,0.989203,0.0,0.0,0.0,0.0,0.989203,0.010797,0.0
hexa3_B2,3,2,0.1,40,7,3.4378543141371978,8,0.705118,0.0,0.0,0.0,0.0,0.294882,0.705118,0.0
hexa3_B2,3,2,0.1,40,8,3.475777664606203,8,0.740497,0.0,0.0,0.0,0.0,0.259503,0.740497,0.0
hexa3_B2,3,2,0.1,40,9,3.525889058153288,8,0.718669,0.0,0.0,0.0,0.0,0.281331,0.718669,0.0
hexa3_B2,3,2,0.1,40,10,3.577872583858391,8,0.743341,0.0,0.0,0.0,0.0,0.256659,0.743341,0.0
hexa3_B2,3,2,0.1,40,11,3.605759347500634,8,0.926058,0.0,0.0,0.0,0.0,0.073942,0.926058,0.0
hexa3_B2,3,2,1.6,44,0,41.75098845927615,6,0.998856,0.0,0.0,0.0,0.0,0.998856,0.001144,0.0
hexa3_B2,3,2,1.6,44,1,42.83472893446065,6,0.998936,0.0,0.0,0.0,0.0,0.998936,0.001064,0.0
hexa3_B2,3,2,1.6,44,2,45.006673327462536,6,0.998916,0.0,0.0,0.0,0.0,0.998916,0.001084,0.0
hexa3_B2,3,2,1.6,44,3,48.39498622052686,6,0.998896,0.0,0.0,0.0,0.0,0.998896,0.001104,0.0
hexa3_B2,3,2,1.6,44,4,48.71621686655517,6,0.997538,0.0,0.0,0.0,0.0,0.997538,0.002462,0.0
hexa3_B2,3,2,1.6,44,5,49.11680129647203,6,0.997678,0.0,0.0,0.0,0.0,0.997678,0.002322,0.0
hexa3_B2,3,2,1.6,44,6,50.29595554874222,6,0.997531,0.0,0.0,0.0,0.0,0.997531,0.002469,0.0
hexa3_B2,3,2,1.6,44,7,51.2919325583984,6,0.99756,0.0,0.0,0.0,0.0,0.99756,0.00244,0.0
hexa3_B2,3,2,1.6,44,8,51.54438467864505,6,0.99691,0.0,0.0,0.0,0.0,0.99691,0.00309,0.0
hexa3_B2,3,2,1.6,44,9,51.923324531151124,6,0.996763,0.0,0.0,0.0,0.0,0.996763,0.003237,0.0
hexa3_B2,3,2,1.6,44,10,52.26573265924993,6,0.9972,0.0,0.0,0.0,0.0,0.9972,0.0028,0.0
hexa3_B2,3,2,1.6,44,11,52.88503866321132,6,0.996754,0.0,0.0,0.0,0.0,0.996754,0.003246,0.0
hexa3_B2,3,2,0.8,44,0,39.07589605408098,6,0.992567,0.0,0.0,0.0,0.0,0.992567,0.007433,0.0
hexa3_B2,3,2,0.8,44,1,39.89961486011409,6,0.992886,0.0,0.0,0.0,0.0,0.992886,0.007114,0.0
hexa3_B2,3,2,0.8,44,2,41.623703835974005,6,0.992633,0.0,0.0,0.0,0.0,0.992633,0.007367,0.0
hexa3_B2,3,2,0.8,44,3,44.39231281076434,6,0.992464,0.0,0.0,0.0,0.0,0.992464,0.007536,0.0
hexa3_B2,3,2,0.8,44,4,48.53141305730973,6,0.992304,0.0,0.0,0.0,0.0,0.992304,0.007696,0.0
hexa3_B2,3,2,0.8,44,5,53.2357504206043,6,0.961557,0.0,0.0,0.0,0.0,0.961557,0.038443,0.0
hexa3_B2,3,2,0.8,44,6,53.78474516017304,6,0.954947,0.0,0.0,0.0,0.0,0.954947,0.045053,0.0
hexa3_B2,3,2,0.8,44,7,54.39461243373881,6,0.962665,0.0,0.0,0.0,0.0,0.962665,0.037335,0.0
hexa3_B2,3,2,0.8,44,8,54.68907641120781,6,0.991786,0.0,0.0,0.0,0.0,0.991786,0.008214,0.0
hexa3_B2,3,2,0.8,44,9,56.01191538971925,6,0.955384,0.0,0.0,0.0,0.0,0.955384,0.044616,0.0
hexa3_B2,3,2,0.8,44,10,56.86988236107491,6,0.959294,0.0,0.0,0.0,0.0,0.959294,0.040706,0.0
hexa3_B2,3,2,0.8,44,11,59.4104065329253,6,0.957692,0.0,0.0,0.0,0.0,0.957692,0.042308,0.0
hexa3_B2,3,2,0.4,44,0,23.258679687908995,6,0.980144,0.0,0.0,0.0,0.0,0.980144,0.019856,0.0
hexa3_B2,3,2,0.4,44,1,23.588313596418324,6,0.980553,0.0,0.0,0.0,0.0,0.980553,0.019447,0.0
hexa3_B2,3,2,0.4,44,2,24.359117958052458,6,0.98049,0.0,0.0,0.0,0.0,0.98049,0.01951,0.0
hexa3_B2,3,2,0.4,44,3,25.597927366413536,6,0.98108,0.0,0.0,0.0,0.0,0.98108,0.01892,0.0
hexa3_B2,3,2,0.4,44,4,27.42625740191082,6,0.98229,0.0,0.0,0.0,0.0,0.98229,0.01771,0.0
hexa3_B2,3,2,0.4,44,5,30.074242451427217,6,0.984271,0.0,0.0,0.0,0.0,0.984271,0.015729,0.0
hexa3_B2,3,2,0.4,44,6,33.96333187894848,6,0.987459,0.0,0.0,0.0,0.0,0.987459,0.012541,0.0
hexa3_B2,3,2,0.4,44,7,35.309341196070605,6,0.622126,0.0,0.0,0.0,0.0,0.622126,0.377874,0.0
hexa3_B2,3,2,0.4,44,8,35.77738031594082,6,0.584078,0.0,0.0,0.0,0.0,0.584078,0.415922,0.0
hexa3_B2,3,2,0.4,44,9,36.191274493302046,6,0.600855,0.0,0.0,0.0,0.0,0.600855,0.399145,0.0
hexa3_B2,3,2,0.4,44,10,36.75238340503179,6,0.583309,0.0,0.0,0.0,0.0,0.583309,0.416691,0.0
hexa3_B2,3,2,0.4,44,11,37.7645194062228,6,0.619157,0.0,0.0,0.0,0.0,0.619157,0.380843,0.0
hexa3_B2,3,2,0.1,44,0,2.3015991191857132,6,0.969978,0.0,0.0,0.0,0.0,0.969978,0.030022,0.0
hexa3_B2,3,2,0.1,44,1,2.327145560251067,6,0.969867,0.0,0.0,0.0,0.0,0.969867,0.030133,0.0
hexa3_B2,3,2,0.1,44,2,2.39045334104947,6,0.970123,0.0,0.0,0.0,0.0,0.970123,0.029877,0.0
hexa3_B2,3,2,0.1,44,3,2.4923883763990453,6,0.971199,0.0,0.0,0.0,0.0,0.971199,0.028801,0.0
hexa3_B2,3,2,0.1,44,4,2.642711249178618,6,0.973269,0.0,0.0,0.0,0.0,0.973269,0.026731,0.0
hexa3_B2,3,2,0.1,44,5,2.860195471652236,6,0.976559,0.0,0.0,0.0,0.0,0.976559,0.023441,0.0
hexa3_B2,3,2,0.1,44,6,3.1800253862260632,6,0.981534,0.0,0.0,0.0,0.0,0.981534,0.018466,0.0
hexa3_B2,3,2,0.1,44,7,3.5574982706775367,8,0.715658,0.0,0.0,0.0,0.0,0.284342,0.715658,0.0
hexa3_B2,3,2,0.1,44,8,3.6008873044617857,8,0.739264,0.0,0.0,0.0,0.0,0.260736,0.739264,0.0
hexa3_B2,3,2,0.1,44,9,3.6190809964553483,8,0.746978,0.0,0.0,0.0,0.0,0.253022,0.746978,0.0
hexa3_B2,3,2,0.1,44,10,3.6720547695196366,6,0.988082,0.0,0.0,0.0,0.0,0.988082,0.011918,0.0
hexa3_B2,3,2,0.1,44,11,3.701845362722543,8,0.734817,0.0,0.0,0.0,0.0,0.265183,0.734817,0.0
hexa3_B2,3,2,1.6,48,0,41.833591100765126,6,0.998897,0.0,0.0,0.0,0.0,0.998897,0.001103,0.0
hexa3_B2,3,2,1.6,48,1,42.71300985640203,6,0.998967,0.0,0.0,0.0,0.0,0.998967,0.001033,0.0
hexa3_B2,3,2,1.6,48,2,44.479759359530895,6,0.99896,0.0,0.0,0.0,0.0,0.99896,0.00104,0.0
hexa3_B2,3,2,1.6,48,3,47.21378655213527,6,0.998933,0.0,0.0,0.0,0.0,0.998933,0.001067,0.0
hexa3_B2,3,2,1.6,48,4,48.92561623705838,6,0.997609,0.0,0.0,0.0,0.0,0.997609,0.002391,0.0
hexa3_B2,3,2,1.6,48,5,49.3024083593189,6,0.997707,0.0,0.0,0.0,0.0,0.997707,0.002293,0.0
hexa3_B2,3,2,1.6,48,6,50.28601545896652,6,0.99756,0.0,0.0,0.0,0.0,0.99756,0.00244,0.0
hexa3_B2,3,2,1.6,48,7,50.986215914647616,6,0.997958,0.0,0.0,0.0,0.0,0.997958,0.002042,0.0
hexa3_B2,3,2,1.6,48,8,51.21170745027801,6,0.998629,0.0,0.0,0.0,0.0,0.998629,0.001371,0.0
hexa3_B2,3,2,1.6,48,9,52.12823695111442,6,0.996685,0.0,0.0,0.0,0.0,0.996685,0.003315,0.0
hexa3_B2,3,2,1.6,48,10,52.49209813971171,6,0.996664,0.0,0.0,0.0,0.0,0.996664,0.003336,0.0
hexa3_B2,3,2,1.6,48,11,52.656896196940224,6,0.997527,0.0,0.0,0.0,0.0,0.997527,0.002473,0.0
hexa3_B2,3,2,0.8,48,0,39.27107393156301,6,0.992756,0.0,0.0,0.0,0.0,0.992756,0.007244,0.0
hexa3_B2,3,2,0.8,48,1,39.951600833796526,6,0.993111,0.0,0.0,0.0,0.0,0.993111,0.006889,0.0
hexa3_B2,3,2,0.8,48,2,41.36785681968558,6,0.992919,0.0,0.0,0.0,0.0,0.992919,0.007081,0.0
hexa3_B2,3,2,0.8,48,3,43.61735637689289,6,0.992743,0.0,0.0,0.0,0.0,0.992743,0.007257,0.0
hexa3_B2,3,2,0.8,48,4,46.90751999713222,6,0.992592,0.0,0.0,0.0,0.0,0.992592,0.007408,0.0
hexa3_B2,3,2,0.8,48,5,51.63007917975456,6,0.992343,0.0,0.0,0.0,0.0,0.992343,0.007657,0.0
hexa3_B2,3,2,0.8,48,6,53.75859835184744,6,0.96174,0.0,0.0,0.0,0.0,0.96174,0.03826,0.0
hexa3_B2,3,2,0.8,48,7,54.06211046755953,6,0.958493,0.0,0.0,0.0,0.0,0.958493,0.041507,0.0
hexa3_B2,3,2,0.8,48,8,54.82433319308848,6,0.963037,0.0,0.0,0.0,0.0,0.963037,0.036963,0.0
hexa3_B2,3,2,0.8,48,9,55.81608309885931,6,0.955877,0.0,0.0,0.0,0.0,0.955877,0.044123,0.0
hexa3_B2,3,2,0.8,48,10,56.866732719878954,6,0.9624,0.0,0.0,0.0,0.0,0.9624,0.0376,0.0
hexa3_B2,3,2,0.8,48,11,58.49176395205683,6,0.990005,0.0,0.0,0.0,0.0,0.990005,0.009995,0.0
hexa3_B2,3,2,0.4,48,0,23.602713624019195,6,0.979776,0.0,0.0,0.0,0.0,0.979776,0.020224,0.0
hexa3_B2,3,2,0.4,48,1,23.878399141800525,6,0.980286,0.0,0.0,0.0,0.0,0.980286,0.019714,0.0
hexa3_B2,3,2,0.4,48,2,24.526983867066498,6,0.980121,0.0,0.0,0.0,0.0,0.980121,0.019879,0.0
hexa3_B2,3,2,0.4,48,3,25.561039701330998,6,0.98041,0.0,0.0,0.0,0.0,0.98041,0.01959,0.0
hexa3_B2,3,2,0.4,48,4,27.061210970209302,6,0.981134,0.0,0.0,0.0,0.0,0.981134,0.018866,0.0
hexa3_B2,3,2,0.4,48,5,29.176540171795256,6,0.982328,0.0,0.0,0.0,0.0,0.982328,0.017672,0.0
hexa3_B2,3,2,0.4,48,6,32.1678335123922,6,0.984203,0.0,0.0,0.0,0.0,0.984203,0.015797,0.0
hexa3_B2,3,2,0.4,48,7,36.097479393513424,6,0.619545,0.0,0.0,0.0,0.0,0.619545,0.380455,0.0
hexa3_B2,3,2,0.4,48,8,36.50161389326223,6,0.98571,0.0,0.0,0.0,0.0,0.98571,0.01429,0.0
hexa3_B2,3,2,0.4,48,9,36.61026059038678,6,0.587221,0.0,0.0,0.0,0.0,0.587221,0.412779,0.0
hexa3_B2,3,2,0.4,48,10,36.72946012024058,6,0.589012,0.0,0.0,0.0,0.0,0.589012,0.410988,0.0
hexa3_B2,3,2,0.4,48,11,37.57185517914962,6,0.591762,0.0,0.0,0.0,0.0,0.591762,0.408238,0.0
hexa3_B2,3,2,0.1,48,0,2.3555098572904787,6,0.968498,0.0,0.0,0.0,0.0,0.968498,0.031502,0.0
hexa3_B2,3,2,0.1,48,1,2.376851254122187,6,0.968301,0.0,0.0,0.0,0.0,0.968301,0.031699,0.0
hexa3_B2,3,2,0.1,48,2,2.4303410596028643,6,0.968478,0.0,0.0,0.0,0.0,0.968478,0.031522,0.0
hexa3_B2,3,2,0.1,48,3,2.515964598049646,6,0.969162,0.0,0.0,0.0,0.0,0.969162,0.030838,0.0
hexa3_B2,3,2,0.1,48,4,2.6400758872748105,6,0.970559,0.0,0.0,0.0,0.0,0.970559,0.029441,0.0
hexa3_B2,3,2,0.1,48,5,2.814730494781407,6,0.972792,0.0,0.0,0.0,0.0,0.972792,0.027208,0.0
hexa3_B2,3,2,0.1,48,6,3.0612230872121926,6,0.976126,0.0,0.0,0.0,0.0,0.976126,0.023874,0.0
hexa3_B2,3,2,0.1,48,7,3.4185641286430357,6,0.981032,0.0,0.0,0.0,0.0,0.981032,0.018968,0.0
hexa3_B2,3,2,0.1,48,8,3.668004627085664,8,0.716317,0.0,0.0,0.0,0.0,0.283683,0.716317,0.0
hexa3_B2,3,2,0.1,48,9,3.705852732577841,8,0.756519,0.0,0.0,0.0,0.0,0.243481,0.756519,0.0
hexa3_B2,3,2,0.1,48,10,3.7234116728240356,8,0.753364,0.0,0.0,0.0,0.0,0.246636,0.753364,0.0
hexa3_B2,3,2,0.1,48,11,3.7863597671067377,8,0.73726,0.0,0.0,0.0,0.0,0.26274,0.73726,0.0
hexa3_B1,3,1,1.6,19,0,10.355560910820639,3,0.99936,0.0,0.99936,0.0,0.00064,0.0,0.0,0.0
hexa3_B1,3,1,1.6,19,1,13.653734371366603,3,0.997864,0.0,0.997864,0.0,0.002136,0.0,0.0,0.0
hexa3_B1,3,1,1.6,19,2,14.828847877644233,3,0.997095,0.0,0.997095,0.0,0.002905,0.0,0.0,0.0
hexa3_B1,3,1,1.6,19,3,15.404068506213523,3,0.996986,0.0,0.996986,0.0,0.003014,0.0,0.0,0.0
hexa3_B1,3,1,1.6,19,4,17.572728564935225,3,0.997104,0.0,0.997104,0.0,0.002896,0.0,0.0,0.0
hexa3_B1,3,1,1.6,19,5,23.382656099177883,3,0.998308,0.0,0.998308,0.0,0.001692,0.0,0.0,0.0
hexa3_B1,3,1,1.6,19,6,25.078195663828442,3,0.996783,0.0,0.996783,0.0,0.003217,0.0,0.0,0.0
hexa3_B1,3,1,1.6,19,7,25.682399374007566,3,0.995841,0.0,0.995841,0.0,0.004159,0.0,0.0,0.0
hexa3_B1,3,1,0.8,19,0,9.639482596643997,3,0.995703,0.0,0.995703,0.0,0.004297,0.0,0.0,0.0
hexa3_B1,3,1,0.8,19,1,16.74451192060084,3,0.95865,0.0,0.95865,0.0,0.04135,0.0,0.0,0.0
hexa3_B1,3,1,0.8,19,2,20.635755985332253,3,0.922467,0.0,0.922467,0.0,0.077533,0.0,0.0,0.0
hexa3_B1,3,1,0.8,19,3,21.64024008534158,3,0.915741,0.0,0.915741,0.0,0.084259,0.0,0.0,0.0
hexa3_B1,3,1,0.8,19,4,23.715328770589224,3,0.845822,0.0,0.845822,0.0,0.154178,0.0,0.0,0.0
hexa3_B1,3,1,0.8,19,5,24.24442181842252,3,0.929261,0.0,0.929261,0.0,0.070739,0.0,0.0,0.0
hexa3_B1,3,1,0.8,19,6,26.002686126287063,5,0.90564,0.0,0.09436,0.0,0.90564,0.0,0.0,0.0
hexa3_B1,3,1,0.8,19,7,26.649921811080787,3,0.918771,0.0,0.918771,0.0,0.081229,0.0,0.0,0.0
hexa3_B1,3,1,0.4,19,0,5.687069615031682,3,0.988163,0.0,0.988163,0.0,0.011837,0.0,0.0,0.0
hexa3_B1,3,1,0.4,19,1,12.063557217524687,3,0.576175,0.0,0.576175,0.0,0.423825,0.0,0.0,0.0
hexa3_B1,3,1,0.4,19,2,13.756687081309293,5,0.937476,0.0,0.062524,0.0,0.937476,0.0,0.0,0.0
hexa3_B1,3,1,0.4,19,3,14.049525909127354,5,0.875113,0.0,0.124887,0.0,0.875113,0.0,0.0,0.0
hexa3_B1,3,1,0.4,19,4,14.708223440063152,5,0.877833,0.0,0.122167,0.0,0.877833,0.0,0.0,0.0
hexa3_B1,3,1,0.4,19,5,16.355145443110576,5,0.731976,0.0,0.268024,0.0,0.731976,0.0,0.0,0.0
hexa3_B1,3,1,0.4,19,6,16.85443842981905,5,0.835189,0.0,0.164811,0.0,0.835189,0.0,0.0,0.0
hexa3_B1,3,1,0.4,19,7,19.816515408282896,5,0.63377,0.0,0.36623,0.0,0.63377,0.0,0.0,0.0
hexa3_B1,3,1,0.1,19,0,0.5620114417500808,3,0.981028,0.0,0.981028,0.0,0.018972,0.0,0.0,0.0
hexa3_B1,3,1,0.1,19,1,1.2321054130903457,5,0.769365,0.0,0.230635,0.0,0.769365,0.0,0.0,0.0
hexa3_B1,3,1,0.1,19,2,1.2981066223195021,5,0.956874,0.0,0.043126,0.0,0.956874,0.0,0.0,0.0
hexa3_B1,3,1,0.1,19,3,1.3348871513313612,5,0.920539,0.0,0.079461,0.0,0.920539,0.0,0.0,0.0
hexa3_B1,3,1,0.1,19,4,1.3850021108031942,5,0.935509,0.0,0.064491,0.0,0.935509,0.0,0.0,0.0
hexa3_B1,3,1,0.1,19,5,1.560533977868439,5,0.89197,0.0,0.10803,0.0,0.89197,0.0,0.0,0.0
hexa3_B1,3,1,0.1,19,6,1.5880944692808578,5,0.90227,0.0,0.09773,0.0,0.90227,0.0,0.0,0.0
hexa3_B1,3,1,0.1,19,7,1.8951062271403367,5,0.903765,0.0,0.096235,0.0,0.903765,0.0,0.0,0.0
hexa3_B1,3,1,1.6,23,0,10.419782604988766,3,0.999424,0.0,0.999424,0.0,0.000576,0.0,0.0,0.0
hexa3_B1,3,1,1.6,23,1,13.98422519007988,3,0.998073,0.0,0.998073,0.0,0.001927,0.0,0.0,0.0
hexa3_B1,3,1,1.6,23,2,15.552049123516344,3,0.997046,0.0,0.997046,0.0,0.002954,0.0,0.0,0.0
hexa3_B1,3,1,1.6,23,3,16.245635425181025,3,0.997139,0.0,0.997139,0.0,0.002861,0.0,0.0,0.0
hexa3_B1,3,1,1.6,23,4,16.707076201865068,3,0.997001,0.0,0.997001,0.0,0.002999,0.0,0.0,0.0
hexa3_B1,3,1,1.6,23,5,18.08591915610876,3,0.996973,0.0,0.996973,0.0,0.003027,0.0,0.0,0.0
hexa3_B1,3,1,1.6,23,6,18.716680977328448,3,0.996298,0.0,0.996298,0.0,0.003702,0.0,0.0,0.0
hexa3_B1,3,1,1.6,23,7,20.953444752487698,3,0.996992,0.0,0.996992,0.0,0.003008,0.0,0.0,0.0
hexa3_B1,3,1,0.8,23,0,9.76717934105393,3,0.996068,0.0,0.996068,0.0,0.003932,0.0,0.0,0.0
hexa3_B1,3,1,0.8,23,1,17.285469574201674,3,0.961192,0.0,0.961192,0.0,0.038808,0.0,0.0,0.0
hexa3_B1,3,1,0.8,23,2,21.670725829907454,3,0.923737,0.0,0.923737,0.0,0.076263,0.0,0.0,0.0
hexa3_B1,3,1,0.8,23,3,22.876887043256726,3,0.919091,0.0,0.919091,0.0,0.080909,0.0,0.0,0.0
hexa3_B1,3,1,0.8,23,4,25.448845723238325,3,0.791921,0.0,0.791921,0.0,0.208079,0.0,0.0,0.0
hexa3_B1,3,1,0.8,23,5,25.79883023992684,5,0.763093,0.0,0.236907,0.0,0.763093,0.0,0.0,0.0
hexa3_B1,3,1,0.8,23,6,27.11806538011348,3,0.640414,0.0,0.640414,0.0,0.359586,0.0,0.0,0.0
hexa3_B1,3,1,0.8,23,7,27.187785102283613,5,0.804378,0.0,0.195622,0.0,0.804378,0.0,0.0,0.0
hexa3_B1,3,1,0.4,23,0,5.875943157809303,3,0.98818,0.0,0.98818,0.0,0.01182,0.0,0.0,0.0
hexa3_B1,3,1,0.4,23,1,12.75057175552422,3,0.572888,0.0,0.572888,0.0,0.427112,0.0,0.0,0.0
hexa3_B1,3,1,0.4,23,2,14.528879767522586,5,0.958074,0.0,0.041926,0.0,0.958074,0.0,0.0,0.0
hexa3_B1,3,1,0.4,23,3,14.61439932805385,5,0.931909,0.0,0.068091,0.0,0.931909,0.0,0.0,0.0
hexa3_B1,3,1,0.4,23,4,15.38369420093469,5,0.89554,0.0,0.10446,0.0,0.89554,0.0,0.0,0.0
hexa3_B1,3,1,0.4,23,5,15.825577145299757,5,0.887985,0.0,0.112015,0.0,0.887985,0.0,0.0,0.0
hexa3_B1,3,1,0.4,23,6,17.06350156699859,5,0.864068,0.0,0.135932,0.0,0.864068,0.0,0.0,0.0
hexa3_B1,3,1,0.4,23,7,19.167314832871874,5,0.739686,0.0,0.260314,0.0,0.739686,0.0,0.0,0.0
hexa3_B1,3,1,0.1,23,0,0.590359740191079,3,0.979705,0.0,0.979705,0.0,0.020295,0.0,0.0,0.0
hexa3_B1,3,1,0.1,23,1,1.3187231343318675,5,0.780987,0.0,0.219013,0.0,0.780987,0.0,0.0,0.0
hexa3_B1,3,1,0.1,23,2,1.3899595771429105,5,0.960606,0.0,0.039394,0.0,0.960606,0.0,0.0,0.0
hexa3_B1,3,1,0.1,23,3,1.3958742404524185,5,0.960327,0.0,0.039673,0.0,0.960327,0.0,0.0,0.0
hexa3_B1,3,1,0.1,23,4,1.4689640588067199,5,0.941316,0.0,0.058684,0.0,0.941316,0.0,0.0,0.0
hexa3_B1,3,1,0.1,23,5,1.5106935278974611,5,0.926828,0.0,0.073172,0.0,0.926828,0.0,0.0,0.0
hexa3_B1,3,1,0.1,23,6,1.6125977908405793,5,0.935582,0.0,0.064418,0.0,0.935582,0.0,0.0,0.0
hexa3_B1,3,1,0.1,23,7,1.8446479988758953,5,0.882356,0.0,0.117644,0.0,0.882356,0.0,0.0,0.0
hexa3_B1,3,1,1.6,27,0,10.464653167115783,3,0.999467,0.0,0.999467,0.0,0.000533,0.0,0.0,0.0
hexa3_B1,3,1,1.6,27,1,14.212739065554079,3,0.998227,0.0,0.998227,0.0,0.001773,0.0,0.0,0.0
hexa3_B1,3,1,1.6,27,2,16.00812186671757,3,0.997271,0.0,0.997271,0.0,0.002729,0.0,0.0,0.0
hexa3_B1,3,1,1.6,27,3,16.683478340623367,3,0.997249,0.0,0.997249,0.0,0.002751,0.0,0.0,0.0
hexa3_B1,3,1,1.6,27,4,17.58093972230831,3,0.996709,0.0,0.996709,0.0,0.003291,0.0,0.0,0.0
hexa3_B1,3,1,1.6,27,5,18.56935880945873,3,0.997176,0.0,0.997176,0.0,0.002824,0.0,0.0,0.0
hexa3_B1,3,1,1.6,27,6,18.76496253534977,3,0.996804,0.0,0.996804,0.0,0.003196,0.0,0.0,0.0
hexa3_B1,3,1,1.6,27,7,19.37469262355164,3,0.995932,0.0,0.995932,0.0,0.004068,0.0,0.0,0.0
hexa3_B1,3,1,0.8,27,0,9.860082224620367,3,0.996336,0.0,0.996336,0.0,0.003664,0.0,0.0,0.0
hexa3_B1,3,1,0.8,27,1,17.674832050599605,3,0.963035,0.0,0.963035,0.0,0.036965,0.0,0.0,0.0
hexa3_B1,3,1,0.8,27,2,22.397034430649512,3,0.924454,0.0,0.924454,0.0,0.075546,0.0,0.0,0.0
hexa3_B1,3,1,0.8,27,3,23.747163837640954,3,0.916604,0.0,0.916604,0.0,0.083396,0.0,0.0,0.0
hexa3_B1,3,1,0.8,27,4,26.242563342385967,5,0.88332,0.0,0.11668,0.0,0.88332,0.0,0.0,0.0
hexa3_B1,3,1,0.8,27,5,26.598823793805856,5,0.679804,0.0,0.320196,0.0,0.679804,0.0,0.0,0.0
hexa3_B1,3,1,0.8,27,6,27.528508477685058,3,0.523646,0.0,0.523646,0.0,0.476354,0.0,0.0,0.0
hexa3_B1,3,1,0.8,27,7,27.87201269192717,5,0.886912,0.0,0.113088,0.0,0.886912,0.0,0.0,0.0
hexa3_B1,3,1,0.4,27,0,6.022889360487083,3,0.988309,0.0,0.988309,0.0,0.011691,0.0,0.0,0.0
hexa3_B1,3,1,0.4,27,1,13.285928244505442,3,0.571793,0.0,0.571793,0.0,0.428207,0.0,0.0,0.0
hexa3_B1,3,1,0.4,27,2,15.047985608234793,5,0.968833,0.0,0.031167,0.0,0.968833,0.0,0.0,0.0
hexa3_B1,3,1,0.4,27,3,15.2159507353243,5,0.954735,0.0,0.045265,0.0,0.954735,0.0,0.0,0.0
hexa3_B1,3,1,0.4,27,4,15.660367311761044,5,0.923997,0.0,0.076003,0.0,0.923997,0.0,0.0,0.0
hexa3_B1,3,1,0.4,27,5,16.03433092078654,5,0.933036,0.0,0.066964,0.0,0.933036,0.0,0.0,0.0
hexa3_B1,3,1,0.4,27,6,17.27116190446423,5,0.871723,0.0,0.128277,0.0,0.871723,0.0,0.0,0.0
hexa3_B1,3,1,0.4,27,7,17.662457227490865,5,0.903665,0.0,0.096335,0.0,0.903665,0.0,0.0,0.0
hexa3_B1,3,1,0.1,27,0,0.6139147464791579,3,0.978799,0.0,0.978799,0.0,0.021201,0.0,0.0,0.0
hexa3_B1,3,1,0.1,27,1,1.3907113311860833,5,0.788128,0.0,0.211872,0.0,0.788128,0.0,0.0,0.0
hexa3_B1,3,1,0.1,27,2,1.4553712023988927,5,0.974735,0.0,0.025265,0.0,0.974735,0.0,0.0,0.0
hexa3_B1,3,1,0.1,27,3,1.4728145143471643,5,0.966808,0.0,0.033192,0.0,0.966808,0.0,0.0,0.0
hexa3_B1,3,1,0.1,27,4,1.5161045243176128,5,0.943877,0.0,0.056123,0.0,0.943877,0.0,0.0,0.0
hexa3_B1,3,1,0.1,27,5,1.5426945203372724,5,0.960411,0.0,0.039589,0.0,0.960411,0.0,0.0,0.0
hexa3_B1,3,1,0.1,27,6,1.660149574491165,5,0.938539,0.0,0.061461,0.0,0.938539,0.0,0.0,0.0
hexa3_B1,3,1,0.1,27,7,1.6875056403140338,5,0.935634,0.0,0.064366,0.0,0.935634,0.0,0.0,0.0
hexa3_B1,3,1,1.6,31,0,10.497868462365092,3,0.999497,0.0,0.999497,0.0,0.000503,0.0,0.0,0.0
hexa3_B1,3,1,1.6,31,1,14.375890295315477,3,0.998333,0.0,0.998333,0.0,0.001667,0.0,0.0,0.0
hexa3_B1,3,1,1.6,31,2,16.30551549630824,3,0.997401,0.0,0.997401,0.0,0.002599,0.0,0.0,0.0
hexa3_B1,3,1,1.6,31,3,17.10700747909217,3,0.997477,0.0,0.997477,0.0,0.002523,0.0,0.0,0.0
hexa3_B1,3,1,1.6,31,4,18.302516914872953,3,0.996981,0.0,0.996981,0.0,0.003019,0.0,0.0,0.0
hexa3_B1,3,1,1.6,31,5,18.807942723587992,3,0.996707,0.0,0.996707,0.0,0.003293,0.0,0.0,0.0
hexa3_B1,3,1,1.6,31,6,19.61605620070404,3,0.996643,0.0,0.996643,0.0,0.003357,0.0,0.0,0.0
hexa3_B1,3,1,1.6,31,7,20.36878614311421,3,0.996299,0.0,0.996299,0.0,0.003701,0.0,0.0,0.0
hexa3_B1,3,1,0.8,31,0,9.930911235990838,3,0.99654,0.0,0.99654,0.0,0.00346,0.0,0.0,0.0
hexa3_B1,3,1,0.8,31,1,17.96912816973635,3,0.964425,0.0,0.964425,0.0,0.035575,0.0,0.0,0.0
hexa3_B1,3,1,0.8,31,2,22.938039989162174,3,0.924783,0.0,0.924783,0.0,0.075217,0.0,0.0,0.0
hexa3_B1,3,1,0.8,31,3,24.39827163745453,3,0.912169,0.0,0.912169,0.0,0.087831,0.0,0.0,0.0
hexa3_B1,3,1,0.8,31,4,26.5333624286033,5,0.96323,0.0,0.03677,0.0,0.96323,0.0,0.0,0.0
hexa3_B1,3,1,0.8,31,5,26.990179871705138,5,0.927307,0.0,0.072693,0.0,0.927307,0.0,0.0,0.0
hexa3_B1,3,1,0.8,31,6,27.57106817988709,5,0.781269,0.0,0.218731,0.0,0.781269,0.0,0.0,0.0
hexa3_B1,3,1,0.8,31,7,28.36438828707765,5,0.520301,0.0,0.479699,0.0,0.520301,0.0,0.0,0.0
hexa3_B1,3,1,0.4,31,0,6.141385533506032,3,0.988476,0.0,0.988476,0.0,0.011524,0.0,0.0,0.0
hexa3_B1,3,1,0.4,31,1,13.71833924935402,3,0.571833,0.0,0.571833,0.0,0.428167,0.0,0.0,0.0
hexa3_B1,3,1,0.4,31,2,15.490190171718075,5,0.978048,0.0,0.021952,0.0,0.978048,0.0,0.0,0.0
hexa3_B1,3,1,0.4,31,3,15.694613339353126,5,0.962261,0.0,0.037739,0.0,0.962261,0.0,0.0,0.0
hexa3_B1,3,1,0.4,31,4,15.85052338608799,5,0.956086,0.0,0.043914,0.0,0.956086,0.0,0.0,0.0
hexa3_B1,3,1,0.4,31,5,16.43502932668273,5,0.937843,0.0,0.062157,0.0,0.937843,0.0,0.0,0.0
hexa3_B1,3,1,0.4,31,6,16.93716010245037,5,0.924338,0.0,0.075662,0.0,0.924338,0.0,0.0,0.0
hexa3_B1,3,1,0.4,31,7,17.651638827076635,5,0.92108,0.0,0.07892,0.0,0.92108,0.0,0.0,0.0
hexa3_B1,3,1,0.1,31,0,0.6340389184366007,3,0.978145,0.0,0.978145,0.0,0.021855,0.0,0.0,0.0
hexa3_B1,3,1,0.1,31,1,1.4521766905824796,5,0.793853,0.0,0.206147,0.0,0.793853,0.0,0.0,0.0
hexa3_B1,3,1,0.1,31,2,1.516023606515793,5,0.981499,0.0,0.018501,0.0,0.981499,0.0,0.0,0.0
hexa3_B1,3,1,0.1,31,3,1.539622127496331,5,0.965784,0.0,0.034216,0.0,0.965784,0.0,0.0,0.0
hexa3_B1,3,1,0.1,31,4,1.5485019001784044,5,0.968986,0.0,0.031014,0.0,0.968986,0.0,0.0,0.0
hexa3_B1,3,1,0.1,31,5,1.603999658344527,5,0.961342,0.0,0.038658,0.0,0.961342,0.0,0.0,0.0
hexa3_B1,3,1,0.1,31,6,1.6472283442228721,5,0.94763,0.0,0.05237,0.0,0.94763,0.0,0.0,0.0
hexa3_B1,3,1,0.1,31,7,1.7072378846857819,5,0.957239,0.0,0.042761,0.0,0.957239,0.0,0.0,0.0
hexa3_B1,3,1,1.6,35,0,10.523484573026401,3,0.999519,0.0,0.999519,0.0,0.000481,0.0,0.0,0.0
hexa3_B1,3,1,1.6,35,1,14.498930509855706,3,0.998409,0.0,0.998409,0.0,0.001591,0.0,0.0,0.0
hexa3_B1,3,1,1.6,35,2,16.525516092132126,3,0.997498,0.0,0.997498,0.0,0.002502,0.0,0.0,0.0
hexa3_B1,3,1,1.6,35,3,17.406112190806294,3,0.997627,0.0,0.997627,0.0,0.002373,0.0,0.0,0.0
hexa3_B1,3,1,1.6,35,4,18.76709130190249,3,0.997134,0.0,0.997134,0.0,0.002866,0.0,0.0,0.0
hexa3_B1,3,1,1.6,35,5,19.516063620032917,3,0.997006,0.0,0.997006,0.0,0.002994,0.0,0.0,0.0
hexa3_B1,3,1,1.6,35,6,20.297493972782526,3,0.996642,0.0,0.996642,0.0,0.003358,0.0,0.0,0.0
hexa3_B1,3,1,1.6,35,7,20.658965572781778,3,0.99653,0.0,0.99653,0.0,0.00347,0.0,0.0,0.0
hexa3_B1,3,1,0.8,35,0,9.98681301005339,3,0.996698,0.0,0.996698,0.0,0.003302,0.0,0.0,0.0
hexa3_B1,3,1,0.8,35,1,18.199760738810568,3,0.965507,0.0,0.965507,0.0,0.034493,0.0,0.0,0.0
hexa3_B1,3,1,0.8,35,2,23.3578891084654,3,0.924895,0.0,0.924895,0.0,0.075105,0.0,0.0,0.0
hexa3_B1,3,1,0.8,35,3,24.90494624226794,3,0.906739,0.0,0.906739,0.0,0.093261,0.0,0.0,0.0
hexa3_B1,3,1,0.8,35,4,26.75760950975775,5,0.98316,0.0,0.01684,0.0,0.98316,0.0,0.0,0.0
hexa3_B1,3,1,0.8,35,5,27.121948607451,5,0.96439,0.0,0.03561,0.0,0.96439,0.0,0.0,0.0
hexa3_B1,3,1,0.8,35,6,27.581321268886025,5,0.902065,0.0,0.097935,0.0,0.902065,0.0,0.0,0.0
hexa3_B1,3,1,0.8,35,7,28.436798947219508,5,0.963008,0.0,0.036992,0.0,0.963008,0.0,0.0,0.0
hexa3_B1,3,1,0.4,35,0,6.239524382865273,3,0.98865,0.0,0.98865,0.0,0.01135,0.0,0.0,0.0
hexa3_B1,3,1,0.4,35,1,14.077019070185075,3,0.57247,0.0,0.57247,0.0,0.42753,0.0,0.0,0.0
hexa3_B1,3,1,0.4,35,2,15.875596328367743,5,0.983648,0.0,0.016352,0.0,0.983648,0.0,0.0,0.0
hexa3_B1,3,1,0.4,35,3,16.000608774481435,5,0.971195,0.0,0.028805,0.0,0.971195,0.0,0.0,0.0
hexa3_B1,3,1,0.4,35,4,16.176627780653348,5,0.967269,0.0,0.032731,0.0,0.967269,0.0,0.0,0.0
hexa3_B1,3,1,0.4,35,5,16.662038237897864,5,0.94352,0.0,0.05648,0.0,0.94352,0.0,0.0,0.0
hexa3_B1,3,1,0.4,35,6,16.88719430999328,5,0.956417,0.0,0.043583,0.0,0.956417,0.0,0.0,0.0
hexa3_B1,3,1,0.4,35,7,17.821760826521214,5,0.922882,0.0,0.077118,0.0,0.922882,0.0,0.0,0.0
hexa3_B1,3,1,0.1,35,0,0.6515878840307372,3,0.977653,0.0,0.977653,0.0,0.022347,0.0,0.0,0.0
hexa3_B1,3,1,0.1,35,1,1.5057973813012533,5,0.798254,0.0,0.201746,0.0,0.798254,0.0,0.0,0.0
hexa3_B1,3,1,0.1,35,2,1.5720078747154267,5,0.983873,0.0,0.016127,0.0,0.983873,0.0,0.0,0.0
hexa3_B1,3,1,0.1,35,3,1.5846221295278042,5,0.973845,0.0,0.026155,0.0,0.973845,0.0,0.0,0.0
hexa3_B1,3,1,0.1,35,4,1.6013273121087248,5,0.975363,0.0,0.024637,0.0,0.975363,0.0,0.0,0.0
hexa3_B1,3,1,0.1,35,5,1.646896370837255,5,0.955392,0.0,0.044608,0.0,0.955392,0.0,0.0,0.0
hexa3_B1,3,1,0.1,35,6,1.660383708453643,5,0.973237,0.0,0.026763,0.0,0.973237,0.0,0.0,0.0
hexa3_B1,3,1,0.1,35,7,1.749166499183768,5,0.958563,0.0,0.041437,0.0,0.958563,0.0,0.0,0.0
hexa3_B1,3,1,1.6,39,0,10.543858175737924,3,0.999536,0.0,0.999536,0.0,0.000464,0.0,0.0,0.0
hexa3_B1,3,1,1.6,39,1,14.595258642203774,3,0.998467,0.0,0.998467,0.0,0.001533,0.0,0.0,0.0
hexa3_B1,3,1,1.6,39,2,16.695830475502447,3,0.997573,0.0,0.997573,0.0,0.002427,0.0,0.0,0.0
hexa3_B1,3,1,1.6,39,3,17.635408494025256,3,0.997739,0.0,0.997739,0.0,0.002261,0.0,0.0,0.0
hexa3_B1,3,1,1.6,39,4,19.115986792453622,3,0.997262,0.0,0.997262,0.0,0.002738,0.0,0.0,0.0
hexa3_B1,3,1,1.6,39,5,19.961541864879006,3,0.997159,0.0,0.997159,0.0,0.002841,0.0,0.0,0.0
hexa3_B1,3,1,1.6,39,6,20.95299486286237,3,0.996807,0.0,0.996807,0.0,0.003193,0.0,0.0,0.0
hexa3_B1,3,1,1.6,39,7,21.41780435605835,3,0.996588,0.0,0.996588,0.0,0.003412,0.0,0.0,0.0
hexa3_B1,3,1,0.8,39,0,10.032125497211632,3,0.996825,0.0,0.996825,0.0,0.003175,0.0,0.0,0.0
hexa3_B1,3,1,0.8,39,1,18.385599729637573,3,0.966373,0.0,0.966373,0.0,0.033627,0.0,0.0,0.0
hexa3_B1,3,1,0.8,39,2,23.693809654393544,3,0.924885,0.0,0.924885,0.0,0.075115,0.0,0.0,0.0
hexa3_B1,3,1,0.8,39,3,25.310760116930453,3,0.900667,0.0,0.900667,0.0,0.099333,0.0,0.0,0.0
hexa3_B1,3,1,0.8,39,4,26.93978533281247,5,0.988953,0.0,0.011047,0.0,0.988953,0.0,0.0,0.0
hexa3_B1,3,1,0.8,39,5,27.190965814072534,5,0.974756,0.0,0.025244,0.0,0.974756,0.0,0.0,0.0
hexa3_B1,3,1,0.8,39,6,27.641384461207235,5,0.948868,0.0,0.051132,0.0,0.948868,0.0,0.0,0.0
hexa3_B1,3,1,0.8,39,7,28.26877922837552,5,0.954029,0.0,0.045971,0.0,0.954029,0.0,0.0,0.0
hexa3_B1,3,1,0.4,39,0,6.322501941141438,3,0.988821,0.0,0.988821,0.0,0.011179,0.0,0.0,0.0
hexa3_B1,3,1,0.4,39,1,14.38072632554798,3,0.573419,0.0,0.573419,0.0,0.426581,0.0,0.0,0.0
hexa3_B1,3,1,0.4,39,2,16.208962372346313,5,0.989154,0.0,0.010846,0.0,0.989154,0.0,0.0,0.0
hexa3_B1,3,1,0.4,39,3,16.248544467019933,5,0.977129,0.0,0.022871,0.0,0.977129,0.0,0.0,0.0
hexa3_B1,3,1,0.4,39,4,16.504183911385084,5,0.970203,0.0,0.029797,0.0,0.970203,0.0,0.0,0.0
hexa3_B1,3,1,0.4,39,5,16.709542160593042,5,0.965039,0.0,0.034961,0.0,0.965039,0.0,0.0,0.0
hexa3_B1,3,1,0.4,39,6,17.136349299163275,5,0.956967,0.0,0.043033,0.0,0.956967,0.0,0.0,0.0
hexa3_B1,3,1,0.4,39,7,17.674190549156126,5,0.941891,0.0,0.058109,0.0,0.941891,0.0,0.0,0.0
hexa3_B1,3,1,0.1,39,0,0.6671337861468803,3,0.977271,0.0,0.977271,0.0,0.022729,0.0,0.0,0.0
hexa3_B1,3,1,0.1,39,1,1.5533239010182276,5,0.801651,0.0,0.198349,0.0,0.801651,0.0,0.0,0.0
hexa3_B1,3,1,0.1,39,2,1.6229123537393149,5,0.982119,0.0,0.017881,0.0,0.982119,0.0,0.0,0.0
hexa3_B1,3,1,0.1,39,3,1.625423844857216,5,0.984672,0.0,0.015328,0.0,0.984672,0.0,0.0,0.0
hexa3_B1,3,1,0.1,39,4,1.6534093211634528,5,0.974506,0.0,0.025494,0.0,0.974506,0.0,0.0,0.0
hexa3_B1,3,1,0.1,39,5,1.6659878088520954,5,0.972211,0.0,0.027789,0.0,0.972211,0.0,0.0,0.0
hexa3_B1,3,1,0.1,39,6,1.7080745250109834,5,0.97154,0.0,0.02846,0.0,0.97154,0.0,0.0,0.0
hexa3_B1,3,1,0.1,39,7,1.7523541943872705,5,0.959038,0.0,0.040962,0.0,0.959038,0.0,0.0,0.0
hexa3_B1,3,1,1.6,43,0,10.560457468476411,3,0.999549,0.0,0.999549,0.0,0.000451,0.0,0.0,0.0
hexa3_B1,3,1,1.6,43,1,14.672822968119693,3,0.998511,0.0,0.998511,0.0,0.001489,0.0,0.0,0.0
hexa3_B1,3,1,1.6,43,2,16.831981716193503,3,0.997631,0.0,0.997631,0.0,0.002369,0.0,0.0,0.0
hexa3_B1,3,1,1.6,43,3,17.817597276460464,3,0.997826,0.0,0.997826,0.0,0.002174,0.0,0.0,0.0
hexa3_B1,3,1,1.6,43,4,19.388919849907538,3,0.99736,0.0,0.99736,0.0,0.00264,0.0,0.0,0.0
hexa3_B1,3,1,1.6,43,5,20.306362569913063,3,0.997282,0.0,0.997282,0.0,0.002718,0.0,0.0,0.0
hexa3_B1,3,1,1.6,43,6,21.432868781794404,3,0.996958,0.0,0.996958,0.0,0.003042,0.0,0.0,0.0
hexa3_B1,3,1,1.6,43,7,21.794610915303657,3,0.99666,0.0,0.99666,0.0,0.00334,0.0,0.0,0.0
hexa3_B1,3,1,0.8,43,0,10.069640885989106,3,0.996929,0.0,0.996929,0.0,0.003071,0.0,0.0,0.0
hexa3_B1,3,1,0.8,43,1,18.538686142458896,3,0.967079,0.0,0.967079,0.0,0.032921,0.0,0.0,0.0
hexa3_B1,3,1,0.8,43,2,23.96903729985297,3,0.924807,0.0,0.924807,0.0,0.075193,0.0,0.0,0.0
hexa3_B1,3,1,0.8,43,3,25.643166385599354,3,0.894093,0.0,0.894093,0.0,0.105907,0.0,0.0,0.0
hexa3_B1,3,1,0.8,43,4,27.082101206070767,5,0.991538,0.0,0.008462,0.0,0.991538,0.0,0.0,0.0
hexa3_B1,3,1,0.8,43,5,27.273224412238882,5,0.982651,0.0,0.017349,0.0,0.982651,0.0,0.0,0.0
hexa3_B1,3,1,0.8,43,6,27.684486203361157,5,0.961989,0.0,0.038011,0.0,0.961989,0.0,0.0,0.0
hexa3_B1,3,1,0.8,43,7,28.135821882645256,5,0.955752,0.0,0.044248,0.0,0.955752,0.0,0.0,0.0
hexa3_B1,3,1,0.4,43,0,6.393829061032825,3,0.988983,0.0,0.988983,0.0,0.011017,0.0,0.0,0.0
hexa3_B1,3,1,0.4,43,1,14.642141574669104,3,0.574528,0.0,0.574528,0.0,0.425472,0.0,0.0,0.0
hexa3_B1,3,1,0.4,43,2,16.470074842831124,5,0.990208,0.0,0.009792,0.0,0.990208,0.0,0.0,0.0
hexa3_B1,3,1,0.4,43,3,16.515419672088576,5,0.983005,0.0,0.016995,0.0,0.983005,0.0,0.0,0.0
hexa3_B1,3,1,0.4,43,4,16.725827132200536,5,0.974571,0.0,0.025429,0.0,0.974571,0.0,0.0,0.0
hexa3_B1,3,1,0.4,43,5,16.86551750095721,5,0.974703,0.0,0.025297,0.0,0.974703,0.0,0.0,0.0
hexa3_B1,3,1,0.4,43,6,17.33601330885992,5,0.956275,0.0,0.043725,0.0,0.956275,0.0,0.0,0.0
hexa3_B1,3,1,0.4,43,7,17.51922864933463,5,0.966739,0.0,0.033261,0.0,0.966739,0.0,0.0,0.0
hexa3_B1,3,1,0.1,43,0,0.6810778988654871,3,0.976968,0.0,0.976968,0.0,0.023032,0.0,0.0,0.0
hexa3_B1,3,1,0.1,43,1,1.5959745551767162,5,0.804378,0.0,0.195622,0.0,0.804378,0.0,0.0,0.0
hexa3_B1,3,1,0.1,43,2,1.6646261822106425,5,0.984051,0.0,0.015949,0.0,0.984051,0.0,0.0,0.0
hexa3_B1,3,1,0.1,43,3,1.6703335873956988,5,0.987374,0.0,0.012626,0.0,0.987374,0.0,0.0,0.0
hexa3_B1,3,1,0.1,43,4,1.6896140832022262,5,0.975909,0.0,0.024091,0.0,0.975909,0.0,0.0,0.0
hexa3_B1,3,1,0.1,43,5,1.7021697578841384,5,0.9807,0.0,0.0193,0.0,0.9807,0.0,0.0,0.0
hexa3_B1,3,1,0.1,43,6,1.7479749868431058,5,0.96274,0.0,0.03726,0.0,0.96274,0.0,0.0,0.0
hexa3_B1,3,1,0.1,43,7,1.7548118543678175,5,0.980422,0.0,0.019578,0.0,0.980422,0.0,0.0,0.0
hexa3_B1,3,1,1.6,47,0,10.574246800044165,3,0.99956,0.0,0.99956,0.0,0.00044,0.0,0.0,0.0
hexa3_B1,3,1,1.6,47,1,14.736670273060813,3,0.998546,0.0,0.998546,0.0,0.001454,0.0,0.0,0.0
hexa3_B1,3,1,1.6,47,2,16.943490389364193,3,0.997678,0.0,0.997678,0.0,0.002322,0.0,0.0,0.0
hexa3_B1,3,1,1.6,47,3,17.966199053667275,3,0.997894,0.0,0.997894,0.0,0.002106,0.0,0.0,0.0
hexa3_B1,3,1,1.6,47,4,19.609493998034505,3,0.997437,0.0,0.997437,0.0,0.002563,0.0,0.0,0.0
hexa3_B1,3,1,1.6,47,5,20.5824467854014,3,0.997379,0.0,0.997379,0.0,0.002621,0.0,0.0,0.0
hexa3_B1,3,1,1.6,47,6,21.808843384086206,3,0.997072,0.0,0.997072,0.0,0.002928,0.0,0.0,0.0
hexa3_B1,3,1,1.6,47,7,22.09342861057356,3,0.996738,0.0,0.996738,0.0,0.003262,0.0,0.0,0.0
hexa3_B1,3,1,0.8,47,0,10.10124118931144,3,0.997015,0.0,0.997015,0.0,0.002985,0.0,0.0,0.0
hexa3_B1,3,1,0.8,47,1,18.66707515761351,3,0.967668,0.0,0.967668,0.0,0.032332,0.0,0.0,0.0
hexa3_B1,3,1,0.8,47,2,24.198878206836714,3,0.92469,0.0,0.92469,0.0,0.07531,0.0,0.0,0.0
hexa3_B1,3,1,0.8,47,3,25.92041554445469,3,0.887092,0.0,0.887092,0.0,0.112908,0.0,0.0,0.0
hexa3_B1,3,1,0.8,47,4,27.19379132069353,5,0.99533,0.0,0.00467,0.0,0.99533,0.0,0.0,0.0
hexa3_B1,3,1,0.8,47,5,27.37157833811429,5,0.981873,0.0,0.018127,0.0,0.981873,0.0,0.0,0.0
hexa3_B1,3,1,0.8,47,6,27.685999169271795,5,0.972965,0.0,0.027035,0.0,0.972965,0.0,0.0,0.0
hexa3_B1,3,1,0.8,47,7,28.085349156429494,5,0.962376,0.0,0.037624,0.0,0.962376,0.0,0.0,0.0
hexa3_B1,3,1,0.4,47,0,6.45597537827655,3,0.989134,0.0,0.989134,0.0,0.010866,0.0,0.0,0.0
hexa3_B1,3,1,0.4,47,1,14.870189941263275,3,0.57571,0.0,0.57571,0.0,0.42429,0.0,0.0,0.0
hexa3_B1,3,1,0.4,47,2,16.691998037947762,5,0.991399,0.0,0.008601,0.0,0.991399,0.0,0.0,0.0
hexa3_B1,3,1,0.4,47,3,16.76917618857944,5,0.98643,0.0,0.01357,0.0,0.98643,0.0,0.0,0.0
hexa3_B1,3,1,0.4,47,4,16.868535313462793,5,0.98153,0.0,0.01847,0.0,0.98153,0.0,0.0,0.0
hexa3_B1,3,1,0.4,47,5,17.097467853491786,5,0.975789,0.0,0.024211,0.0,0.975789,0.0,0.0,0.0
hexa3_B1,3,1,0.4,47,6,17.349717121723305,5,0.96991,0.0,0.03009,0.0,0.96991,0.0,0.0,0.0
hexa3_B1,3,1,0.4,47,7,17.65017428015671,5,0.968016,0.0,0.031984,0.0,0.968016,0.0,0.0,0.0
hexa3_B1,3,1,0.1,47,0,0.6937124129343526,3,0.976722,0.0,0.976722,0.0,0.023278,0.0,0.0,0.0
hexa3_B1,3,1,0.1,47,1,1.6346383139063543,5,0.806625,0.0,0.193375,0.0,0.806625,0.0,0.0,0.0
hexa3_B1,3,1,0.1,47,2,1.7029401016053585,5,0.986498,0.0,0.013502,0.0,0.986498,0.0,0.0,0.0
hexa3_B1,3,1,0.1,47,3,1.7129410372555003,5,0.986138,0.0,0.013862,0.0,0.986138,0.0,0.0,0.0
hexa3_B1,3,1,0.1,47,4,1.7184305995692473,5,0.984304,0.0,0.015696,0.0,0.984304,0.0,0.0,0.0
hexa3_B1,3,1,0.1,47,5,1.744558796436004,5,0.979756,0.0,0.020244,0.0,0.979756,0.0,0.0,0.0
hexa3_B1,3,1,0.1,47,6,1.7608524147032865,5,0.975265,0.0,0.024735,0.0,0.975265,0.0,0.0,0.0
hexa3_B1,3,1,0.1,47,7,1.792562293200911,5,0.977697,0.0,0.022303,0.0,0.977697,0.0,0.0,0.0
hexa3_B1,3,1,1.6,49,0,10.580302554319896,3,0.999564,0.0,0.999564,0.0,0.000436,0.0,0.0,0.0
hexa3_B1,3,1,1.6,49,1,14.764548840550678,3,0.99856,0.0,0.99856,0.0,0.00144,0.0,0.0,0.0
hexa3_B1,3,1,1.6,49,2,16.99203615789284,3,0.997697,0.0,0.997697,0.0,0.002303,0.0,0.0,0.0
hexa3_B1,3,1,1.6,49,3,18.030740562144075,3,0.997923,0.0,0.997923,0.0,0.002077,0.0,0.0,0.0
hexa3_B1,3,1,1.6,49,4,19.70482302801237,3,0.99747,0.0,0.99747,0.0,0.00253,0.0,0.0,0.0
hexa3_B1,3,1,1.6,49,5,20.701229661875225,3,0.997421,0.0,0.997421,0.0,0.002579,0.0,0.0,0.0
hexa3_B1,3,1,1.6,49,6,21.969237261423757,3,0.997121,0.0,0.997121,0.0,0.002879,0.0,0.0,0.0
hexa3_B1,3,1,1.6,49,7,22.222296849033693,3,0.996773,0.0,0.996773,0.0,0.003227,0.0,0.0,0.0
hexa3_B1,3,1,0.8,49,0,10.115250639823545,3,0.997053,0.0,0.997053,0.0,0.002947,0.0,0.0,0.0
hexa3_B1,3,1,0.8,49,1,18.72382681900614,3,0.967926,0.0,0.967926,0.0,0.032074,0.0,0.0,0.0
hexa3_B1,3,1,0.8,49,2,24.300198335529128,3,0.924623,0.0,0.924623,0.0,0.075377,0.0,0.0,0.0
hexa3_B1,3,1,0.8,49,3,26.042460719136358,3,0.883443,0.0,0.883443,0.0,0.116557,0.0,0.0,0.0
hexa3_B1,3,1,0.8,49,4,27.24828716097684,5,0.993516,0.0,0.006484,0.0,0.993516,0.0,0.0,0.0
hexa3_B1,3,1,0.8,49,5,27.40495621237506,5,0.98915,0.0,0.01085,0.0,0.98915,0.0,0.0,0.0
hexa3_B1,3,1,0.8,49,6,27.697693409457347,5,0.968434,0.0,0.031566,0.0,0.968434,0.0,0.0,0.0
hexa3_B1,3,1,0.8,49,7,28.07804629042722,5,0.971605,0.0,0.028395,0.0,0.971605,0.0,0.0,0.0
hexa3_B1,3,1,0.4,49,0,6.484186284005497,3,0.989205,0.0,0.989205,0.0,0.010795,0.0,0.0,0.0
hexa3_B1,3,1,0.4,49,1,14.97380094141129,3,0.576312,0.0,0.576312,0.0,0.423688,0.0,0.0,0.0
hexa3_B1,3,1,0.4,49,2,16.81365287711777,5,0.994544,0.0,0.005456,0.0,0.994544,0.0,0.0,0.0
hexa3_B1,3,1,0.4,49,3,16.834699159423746,5,0.985522,0.0,0.014478,0.0,0.985522,0.0,0.0,0.0
hexa3_B1,3,1,0.4,49,4,17.010751310370477,5,0.981701,0.0,0.018299,0.0,0.981701,0.0,0.0,0.0
hexa3_B1,3,1,0.4,49,5,17.118866467296687,5,0.980143,0.0,0.019857,0.0,0.980143,0.0,0.0,0.0
hexa3_B1,3,1,0.4,49,6,17.44362999763431,5,0.971217,0.0,0.028783,0.0,0.971217,0.0,0.0,0.0
hexa3_B1,3,1,0.4,49,7,17.680588244476976,5,0.969875,0.0,0.030125,0.0,0.969875,0.0,0.0,0.0
hexa3_B1,3,1,0.1,49,0,0.6996092743257987,3,0.976616,0.0,0.976616,0.0,0.023384,0.0,0.0,0.0
hexa3_B1,3,1,0.1,49,1,1.6526903345353263,5,0.807605,0.0,0.192395,0.0,0.807605,0.0,0.0,0.0
hexa3_B1,3,1,0.1,49,2,1.722743794197018,5,0.983709,0.0,0.016291,0.0,0.983709,0.0,0.0,0.0
hexa3_B1,3,1,0.1,49,3,1.7261264565624397,5,0.991496,0.0,0.008504,0.0,0.991496,0.0,0.0,0.0
hexa3_B1,3,1,0.1,49,4,1.7450390688844326,5,0.980186,0.0,0.019814,0.0,0.980186,0.0,0.0,0.0
hexa3_B1,3,1,0.1,49,5,1.7491213669377632,5,0.985991,0.0,0.014009,0.0,0.985991,0.0,0.0,0.0
hexa3_B1,3,1,0.1,49,6,1.7848733956372578,5,0.977227,0.0,0.022773,0.0,0.977227,0.0,0.0,0.0
hexa3_B1,3,1,0.1,49,7,1.7976920148655078,5,0.976182,0.0,0.023818,0.0,0.976182,0.0,0.0,0.0
